model,param,coef,std_err,t,pvalue,n_obs,r2
M1w_cost_task_policy_fe,Intercept,-15.732925523520047,0.018772038949773192,-838.1042445956642,0.0,1267,0.9998328230976583
M1w_cost_task_policy_fe,C(task_id)[T.ceval-002],-0.009722598337657554,0.01902047551191627,-0.5111648408351503,0.6092356357631531,1267,0.9998328230976583
M1w_cost_task_policy_fe,C(task_id)[T.ceval-003],0.00528633271915642,0.019823551842571473,0.2666693013006839,0.7897237922243456,1267,0.9998328230976583
M1w_cost_task_policy_fe,C(task_id)[T.ceval-004],0.023440458666048145,0.007529795578095634,3.1130272293496297,0.001851789319531533,1267,0.9998328230976583
M1w_cost_task_policy_fe,C(task_id)[T.ceval-005],0.006237031495529129,0.006975934605138785,0.8940782631383403,0.3712800185281402,1267,0.9998328230976583
M1w_cost_task_policy_fe,C(task_id)[T.ceval-006],-0.009495650217873783,0.0147820290266678,-0.6423779983615899,0.5206277816213192,1267,0.9998328230976583
M1w_cost_task_policy_fe,C(task_id)[T.ceval-007],0.008753920144748975,0.016916869284365917,0.5174669140961617,0.6048302594355468,1267,0.9998328230976583
M1w_cost_task_policy_fe,C(task_id)[T.ceval-008],-0.027211173322348126,0.03844491801640994,-0.7077963675389614,0.4790717224600922,1267,0.9998328230976583
M1w_cost_task_policy_fe,C(task_id)[T.ceval-009],-0.024798203555074783,0.009641516962797216,-2.5720230178260537,0.010110616937507077,1267,0.9998328230976583
M1w_cost_task_policy_fe,C(task_id)[T.ceval-010],0.022625045287367737,0.008019330850100743,2.82131336270825,0.004782745856445781,1267,0.9998328230976583
M1w_cost_task_policy_fe,C(task_id)[T.ceval-011],-0.030624075279547497,0.012976656344132401,-2.3599357544360533,0.018278100200660192,1267,0.9998328230976583
M1w_cost_task_policy_fe,C(task_id)[T.ceval-012],-0.012422214340943344,0.022047065002368985,-0.5634407273534396,0.5731348107266254,1267,0.9998328230976583
M1w_cost_task_policy_fe,C(task_id)[T.ceval-013],-0.0372606260102645,0.029713390623511155,-1.2540011499320944,0.2098415874641807,1267,0.9998328230976583
M1w_cost_task_policy_fe,C(task_id)[T.ceval-014],-0.08444688656946292,0.040604820920765415,-2.0797256250495257,0.03755070631317834,1267,0.9998328230976583
M1w_cost_task_policy_fe,C(task_id)[T.ceval-015],-0.019914247894566056,0.010726196273560565,-1.8565992441937214,0.06336819155877013,1267,0.9998328230976583
M1w_cost_task_policy_fe,C(task_id)[T.ceval-016],0.00800399635046424,0.01336834857584184,0.598727382447851,0.54935469411584,1267,0.9998328230976583
M1w_cost_task_policy_fe,C(task_id)[T.ceval-017],-0.004953883884863296,0.009624695381843297,-0.5147055245206671,0.6067588123641976,1267,0.9998328230976583
M1w_cost_task_policy_fe,C(task_id)[T.ceval-018],-0.013291370581372912,0.00974000800928423,-1.364615980675119,0.1723737793500738,1267,0.9998328230976583
M1w_cost_task_policy_fe,C(task_id)[T.ceval-019],0.0009940076604090797,0.007556263830560501,0.13154750584394923,0.8953422088240769,1267,0.9998328230976583
M1w_cost_task_policy_fe,C(task_id)[T.ceval-020],-0.016488418318748116,0.019650567480330984,-0.8390810257898157,0.40142384283730403,1267,0.9998328230976583
M1w_cost_task_policy_fe,C(task_id)[T.ceval-021],0.007545739702884954,0.013231867357962982,0.5702702044049666,0.5684944464406124,1267,0.9998328230976583
M1w_cost_task_policy_fe,C(task_id)[T.ceval-022],0.010332335136115083,0.009155784684980092,1.128503508067976,0.25910733616716886,1267,0.9998328230976583
M1w_cost_task_policy_fe,C(task_id)[T.ceval-023],0.0013459614566452768,0.005972681331809767,0.22535296659422485,0.8217046977828605,1267,0.9998328230976583
M1w_cost_task_policy_fe,C(task_id)[T.ceval-024],-0.01798649752077583,0.03292450040384705,-0.5462952300006413,0.5848630145832863,1267,0.9998328230976583
M1w_cost_task_policy_fe,C(task_id)[T.ceval-025],-0.011497168443917204,0.007388475670444693,-1.556094782839722,0.11968555543788452,1267,0.9998328230976583
M1w_cost_task_policy_fe,C(task_id)[T.ceval-026],-0.0232842410533836,0.014664942536247488,-1.587748536745487,0.11234321283218571,1267,0.9998328230976583
M1w_cost_task_policy_fe,C(task_id)[T.ceval-027],-0.029973970077132275,0.03317384243145342,-0.9035423056303175,0.36623814581495384,1267,0.9998328230976583
M1w_cost_task_policy_fe,C(task_id)[T.ceval-028],-0.08334008779892582,0.03296497199144796,-2.5281407131347353,0.01146683838929787,1267,0.9998328230976583
M1w_cost_task_policy_fe,C(task_id)[T.ceval-029],0.029954939552802998,0.01297787738503698,2.308153996534129,0.020990572818771792,1267,0.9998328230976583
M1w_cost_task_policy_fe,C(task_id)[T.ceval-030],-0.024661392295739874,0.016676190980825806,-1.4788384424294139,0.13918349877350056,1267,0.9998328230976583
M1w_cost_task_policy_fe,C(task_id)[T.ceval-031],-0.02030214776754273,0.01568678568440738,-1.294219744948961,0.19558952844802913,1267,0.9998328230976583
M1w_cost_task_policy_fe,C(task_id)[T.ceval-032],0.028127499128670477,0.009485133209270042,2.9654300586080136,0.003022600656912079,1267,0.9998328230976583
M1w_cost_task_policy_fe,C(task_id)[T.ceval-033],-0.0227514793329157,0.011818283013219489,-1.9251086902781689,0.05421576199511778,1267,0.9998328230976583
M1w_cost_task_policy_fe,C(task_id)[T.ceval-034],0.015017722356592711,0.007317429398324587,2.052322139251688,0.04013836579701069,1267,0.9998328230976583
M1w_cost_task_policy_fe,C(task_id)[T.ceval-035],-0.014521704841312821,0.01278062567784472,-1.1362280069344548,0.2558611520338061,1267,0.9998328230976583
M1w_cost_task_policy_fe,C(task_id)[T.ceval-036],0.012956714020315965,0.013835076761124257,0.9365118997188047,0.3490096886563976,1267,0.9998328230976583
M1w_cost_task_policy_fe,C(task_id)[T.ceval-037],0.03128028222818756,0.009276931224698092,3.3718350897018254,0.0007466914361483822,1267,0.9998328230976583
M1w_cost_task_policy_fe,C(task_id)[T.ceval-038],0.02425071905452693,0.008985118163781282,2.698987215580624,0.006955084810161573,1267,0.9998328230976583
M1w_cost_task_policy_fe,C(task_id)[T.ceval-039],0.0303774573617923,0.006555767683667217,4.633699488386922,3.5918829972832693e-06,1267,0.9998328230976583
M1w_cost_task_policy_fe,C(task_id)[T.ceval-040],0.01100753100928796,0.010388559037638821,1.0595820815385983,0.2893347689587602,1267,0.9998328230976583
M1w_cost_task_policy_fe,C(task_id)[T.ceval-041],-0.0396861648303936,0.028896384600502294,-1.3733955087829135,0.16962942524029057,1267,0.9998328230976583
M1w_cost_task_policy_fe,C(task_id)[T.ceval-042],-0.005250924471173923,0.014967606563595267,-0.35081924747710863,0.7257239564411093,1267,0.9998328230976583
M1w_cost_task_policy_fe,C(task_id)[T.ceval-043],-0.03471246651316233,0.01780411765392445,-1.9496875491333814,0.05121337122512255,1267,0.9998328230976583
M1w_cost_task_policy_fe,C(task_id)[T.ceval-044],-0.0029424720129825332,0.01686040682024049,-0.1745196331472957,0.8614571025029822,1267,0.9998328230976583
M1w_cost_task_policy_fe,C(task_id)[T.ceval-045],-0.03162008655349631,0.0393728085983403,-0.8030945131719459,0.421920108812881,1267,0.9998328230976583
M1w_cost_task_policy_fe,C(task_id)[T.cmmlu-001],0.020662424396900782,0.01469194256382745,1.406377972629233,0.15961191762296467,1267,0.9998328230976583
M1w_cost_task_policy_fe,C(task_id)[T.cmmlu-002],0.020439877287926622,0.015551592641862448,1.3143269476404416,0.1887362025238486,1267,0.9998328230976583
M1w_cost_task_policy_fe,C(task_id)[T.cmmlu-003],0.027521018002264294,0.009428792381302861,2.9188274478116645,0.0035135064939743788,1267,0.9998328230976583
M1w_cost_task_policy_fe,C(task_id)[T.cmmlu-004],-0.02674587403330618,0.018196245287911837,-1.469856753968581,0.1416005542680212,1267,0.9998328230976583
M1w_cost_task_policy_fe,C(task_id)[T.cmmlu-005],0.026580766718169183,0.011419808670310672,2.327601756347645,0.01993326010474609,1267,0.9998328230976583
M1w_cost_task_policy_fe,C(task_id)[T.cmmlu-006],0.014752541743693531,0.014665053605693139,1.005965756440633,0.3144320427939594,1267,0.9998328230976583
M1w_cost_task_policy_fe,C(task_id)[T.cmmlu-007],0.01024415879937719,0.007628646283002263,1.3428540817527048,0.17931922743647422,1267,0.9998328230976583
M1w_cost_task_policy_fe,C(task_id)[T.cmmlu-008],0.02662231368795856,0.010670122154147763,2.495033637230643,0.01259451904246394,1267,0.9998328230976583
M1w_cost_task_policy_fe,C(task_id)[T.cmmlu-009],0.03877191629021541,0.007427537684277882,5.220022831023156,1.7890107483126482e-07,1267,0.9998328230976583
M1w_cost_task_policy_fe,C(task_id)[T.cmmlu-010],-0.008606542340519704,0.018645738282351196,-0.4615822774186463,0.6443809061859905,1267,0.9998328230976583
M1w_cost_task_policy_fe,C(task_id)[T.cmmlu-011],-0.007471432544837661,0.016213452585667924,-0.4608168744664615,0.6449299940836635,1267,0.9998328230976583
M1w_cost_task_policy_fe,C(task_id)[T.cmmlu-012],-0.020881079193997343,0.037565589639015434,-0.5558565536879091,0.5783089208346274,1267,0.9998328230976583
M1w_cost_task_policy_fe,C(task_id)[T.cmmlu-013],-0.02388707583861327,0.016125869788983834,-1.4812891429230934,0.13852954039463,1267,0.9998328230976583
M1w_cost_task_policy_fe,C(task_id)[T.cmmlu-014],-0.04283679436865662,0.025696762241926293,-1.6670113520669545,0.09551214760621081,1267,0.9998328230976583
M1w_cost_task_policy_fe,C(task_id)[T.cmmlu-015],-0.011799852823426896,0.022436932554340285,-0.5259120334229594,0.5989493276812206,1267,0.9998328230976583
M1w_cost_task_policy_fe,C(task_id)[T.cmmlu-016],0.03089401653547609,0.015975149367376627,1.9338796667883287,0.053127924659198834,1267,0.9998328230976583
M1w_cost_task_policy_fe,C(task_id)[T.cmmlu-017],0.03029527437592585,0.008887553208696334,3.4087305768569003,0.0006526590335033147,1267,0.9998328230976583
M1w_cost_task_policy_fe,C(task_id)[T.cmmlu-018],-0.023389498818525395,0.027307088054396703,-0.8565358112125566,0.39170147330889626,1267,0.9998328230976583
M1w_cost_task_policy_fe,C(task_id)[T.cmmlu-019],0.011014330795253876,0.008195341629518283,1.3439745764327937,0.1789566082519768,1267,0.9998328230976583
M1w_cost_task_policy_fe,C(task_id)[T.cmmlu-020],-0.06985898488558134,0.022579657437110618,-3.0938903781049025,0.001975504651479292,1267,0.9998328230976583
M1w_cost_task_policy_fe,C(task_id)[T.cmmlu-021],0.021409983129238974,0.023549182148784195,0.90916036888119,0.3632654803106272,1267,0.9998328230976583
M1w_cost_task_policy_fe,C(task_id)[T.cmmlu-022],0.011913304242967646,0.013878563526703995,0.8583960595089717,0.3906738027316369,1267,0.9998328230976583
M1w_cost_task_policy_fe,C(task_id)[T.cmmlu-023],0.01572376621827766,0.009715319535099512,1.6184507531091312,0.10556549180427702,1267,0.9998328230976583
M1w_cost_task_policy_fe,C(task_id)[T.cmmlu-024],-0.006158161684816935,0.04134709613310417,-0.14893819060455032,0.8816024055380804,1267,0.9998328230976583
M1w_cost_task_policy_fe,C(task_id)[T.cmmlu-025],0.021699019424963092,0.018515851807259637,1.1719158076462575,0.24123085984613535,1267,0.9998328230976583
M1w_cost_task_policy_fe,C(task_id)[T.cmmlu-026],0.015074245699063987,0.00709608714341495,2.124303914876896,0.03364473858512713,1267,0.9998328230976583
M1w_cost_task_policy_fe,C(task_id)[T.cmmlu-027],0.0013118348204593927,0.01344832012606026,0.09754637071118712,0.9222925112813201,1267,0.9998328230976583
M1w_cost_task_policy_fe,C(task_id)[T.cmmlu-028],-0.00842933349839696,0.016566081997590847,-0.5088308448323998,0.6108707969763131,1267,0.9998328230976583
M1w_cost_task_policy_fe,C(task_id)[T.cmmlu-029],0.021975936252970285,0.007413851295952094,2.964172786277623,0.0030349782181946696,1267,0.9998328230976583
M1w_cost_task_policy_fe,C(task_id)[T.cmmlu-030],0.010698067539978456,0.01914370594963826,0.558829495611878,0.5762780904228286,1267,0.9998328230976583
M1w_cost_task_policy_fe,C(task_id)[T.cmmlu-031],-0.004191851378124306,0.02287888276036239,-0.18321923417461095,0.8546260031277962,1267,0.9998328230976583
M1w_cost_task_policy_fe,C(task_id)[T.cmmlu-032],-0.024624673780856893,0.03210653612099745,-0.7669676257836026,0.4431007641370521,1267,0.9998328230976583
M1w_cost_task_policy_fe,C(task_id)[T.cmmlu-033],-0.05392994975450771,0.036177217990930856,-1.4907157805231797,0.13603613119239033,1267,0.9998328230976583
M1w_cost_task_policy_fe,C(task_id)[T.cmmlu-034],0.014349976382583604,0.013310635428194648,1.0780834964638442,0.2809964959267581,1267,0.9998328230976583
M1w_cost_task_policy_fe,C(task_id)[T.cmmlu-035],-0.022448873284449333,0.011267961372943038,-1.9922746042025163,0.04634093654291663,1267,0.9998328230976583
M1w_cost_task_policy_fe,C(task_id)[T.cmmlu-036],0.02895684136569543,0.010816054722543792,2.677209214311849,0.00742382623887122,1267,0.9998328230976583
M1w_cost_task_policy_fe,C(task_id)[T.cmmlu-037],0.014412622311384578,0.011467117017892764,1.2568653733013957,0.2088023889618177,1267,0.9998328230976583
M1w_cost_task_policy_fe,C(task_id)[T.cmmlu-038],-0.013365003552867016,0.02401514978329579,-0.5565238473825097,0.5778527966369771,1267,0.9998328230976583
M1w_cost_task_policy_fe,C(task_id)[T.cmmlu-039],0.0020410508055997006,0.011073125289738374,0.184324727860812,0.8537587162421579,1267,0.9998328230976583
M1w_cost_task_policy_fe,C(task_id)[T.cmmlu-040],-0.11028219702122138,0.07033794784665774,-1.5678904545473127,0.1169066998502825,1267,0.9998328230976583
M1w_cost_task_policy_fe,C(task_id)[T.cmmlu-041],0.006425409897977921,0.005948833226253926,1.0801126294179377,0.28009202855998916,1267,0.9998328230976583
M1w_cost_task_policy_fe,C(task_id)[T.cmmlu-042],0.01363189065279971,0.01086367367379539,1.2548140769067488,0.20954626120271158,1267,0.9998328230976583
M1w_cost_task_policy_fe,C(task_id)[T.cmmlu-043],-0.012645973346891562,0.02600379003366356,-0.4863127002071831,0.6267454760386413,1267,0.9998328230976583
M1w_cost_task_policy_fe,C(task_id)[T.cmmlu-044],0.01260429634334402,0.010045579529279607,1.2547107219256575,0.2095837920725272,1267,0.9998328230976583
M1w_cost_task_policy_fe,C(task_id)[T.cmmlu-045],-0.029726245786106748,0.01330256449515383,-2.2346251955355014,0.025441965306463157,1267,0.9998328230976583
M1w_cost_task_policy_fe,C(task_id)[T.code-001],0.05509252463760253,0.007726691012865321,7.130157598624141,1.002540707615969e-12,1267,0.9998328230976583
M1w_cost_task_policy_fe,C(task_id)[T.code-002],0.05966692620789031,0.006835007700045582,8.729606289615797,2.555606830356977e-18,1267,0.9998328230976583
M1w_cost_task_policy_fe,C(task_id)[T.code-003],0.06404558391530593,0.007078694683830912,9.04765451483566,1.4607209863446654e-19,1267,0.9998328230976583
M1w_cost_task_policy_fe,C(task_id)[T.code-004],0.035539645352866314,0.01461260185421199,2.4321230200781963,0.015010608058517954,1267,0.9998328230976583
M1w_cost_task_policy_fe,C(task_id)[T.code-005],0.06256682488890981,0.007144748926161532,8.75703618636791,2.004513191206864e-18,1267,0.9998328230976583
M1w_cost_task_policy_fe,C(task_id)[T.code-006],0.05622550784238882,0.006079364731384954,9.248582759333797,2.2748888365098946e-20,1267,0.9998328230976583
M1w_cost_task_policy_fe,C(task_id)[T.code-007],0.06021681333126616,0.007137589953379889,8.436575051884493,3.267718754238298e-17,1267,0.9998328230976583
M1w_cost_task_policy_fe,C(task_id)[T.code-008],0.06295379490500763,0.007024768289033395,8.961689882823174,3.1974002618191095e-19,1267,0.9998328230976583
M1w_cost_task_policy_fe,C(task_id)[T.code-009],0.05050026686275122,0.009855900484612512,5.123861278996737,2.993412506404651e-07,1267,0.9998328230976583
M1w_cost_task_policy_fe,C(task_id)[T.code-010],0.05214636679754103,0.00876479562362329,5.949524556738515,2.6892249487278205e-09,1267,0.9998328230976583
M1w_cost_task_policy_fe,C(task_id)[T.code-011],0.051664382582103915,0.006986492790079652,7.394895283576883,1.415197555081862e-13,1267,0.9998328230976583
M1w_cost_task_policy_fe,C(task_id)[T.code-012],0.05788151254537639,0.006779700584388809,8.537473274064126,1.3718868936337284e-17,1267,0.9998328230976583
M1w_cost_task_policy_fe,C(task_id)[T.code-013],0.054505172516910255,0.007497176760242027,7.2700930310132765,3.5924000823593064e-13,1267,0.9998328230976583
M1w_cost_task_policy_fe,C(task_id)[T.code-014],0.06067390550991503,0.007032838957293429,8.627228048069115,6.28567666659909e-18,1267,0.9998328230976583
M1w_cost_task_policy_fe,C(task_id)[T.code-015],0.06202939076245979,0.00687148228681799,9.027075698274707,1.7632044730967727e-19,1267,0.9998328230976583
M1w_cost_task_policy_fe,C(task_id)[T.code-016],0.051996034737400616,0.009188199021826408,5.659001792830666,1.522559650423052e-08,1267,0.9998328230976583
M1w_cost_task_policy_fe,C(task_id)[T.code-017],0.03540700426023814,0.010987649141962987,3.2224367380839523,0.001271052304071406,1267,0.9998328230976583
M1w_cost_task_policy_fe,C(task_id)[T.code-018],0.056998595165670504,0.007016336466253272,8.123697522178237,4.521918827802984e-16,1267,0.9998328230976583
M1w_cost_task_policy_fe,C(task_id)[T.code-019],0.05578707525481297,0.008344361012187836,6.685601830185673,2.299775377218988e-11,1267,0.9998328230976583
M1w_cost_task_policy_fe,C(task_id)[T.code-020],0.05154690484883675,0.007082317665233148,7.278253713735366,3.381689064411998e-13,1267,0.9998328230976583
M1w_cost_task_policy_fe,C(task_id)[T.edu-001],0.04347350812072652,0.016245607579943006,2.6760161420124025,0.00745030567196043,1267,0.9998328230976583
M1w_cost_task_policy_fe,C(task_id)[T.edu-002],0.054065120358986446,0.006185253802984518,8.740970392015095,2.3111658780446144e-18,1267,0.9998328230976583
M1w_cost_task_policy_fe,C(task_id)[T.edu-003],0.05308406777554065,0.008198853926125384,6.474571721102382,9.508124054943518e-11,1267,0.9998328230976583
M1w_cost_task_policy_fe,C(task_id)[T.edu-004],0.06543567487108576,0.0063553172440793245,10.296209041656617,7.329297875463554e-25,1267,0.9998328230976583
M1w_cost_task_policy_fe,C(task_id)[T.edu-005],0.06039397787194925,0.007660605159492184,7.883708481844367,3.1780522795291577e-15,1267,0.9998328230976583
M1w_cost_task_policy_fe,C(task_id)[T.edu-006],0.05531026340395384,0.007571642392798748,7.304922833724745,2.774259109100006e-13,1267,0.9998328230976583
M1w_cost_task_policy_fe,C(task_id)[T.edu-007],0.057814451723918955,0.008517940445861705,6.787374494031256,1.1419252110037193e-11,1267,0.9998328230976583
M1w_cost_task_policy_fe,C(task_id)[T.edu-008],0.06352546689408113,0.0074494921824497205,8.527489570865106,1.4955780625815758e-17,1267,0.9998328230976583
M1w_cost_task_policy_fe,C(task_id)[T.edu-009],0.051876202095612875,0.010887697280486714,4.764662422107115,1.8917008593838892e-06,1267,0.9998328230976583
M1w_cost_task_policy_fe,C(task_id)[T.edu-010],0.060866122962866184,0.009274991320089226,6.5623913664515054,5.295161568161502e-11,1267,0.9998328230976583
M1w_cost_task_policy_fe,C(task_id)[T.edu-011],0.06050119088494833,0.01159730987331731,5.21682972567176,1.8201143287392302e-07,1267,0.9998328230976583
M1w_cost_task_policy_fe,C(task_id)[T.edu-012],0.048590715466713286,0.010570737932829189,4.596719337427401,4.2919513067882776e-06,1267,0.9998328230976583
M1w_cost_task_policy_fe,C(task_id)[T.edu-013],0.055903591989953594,0.008422542313905195,6.637377398230409,3.193133525332883e-11,1267,0.9998328230976583
M1w_cost_task_policy_fe,C(task_id)[T.edu-014],0.066228456418913,0.006542112708645889,10.123404986799933,4.350131916859553e-24,1267,0.9998328230976583
M1w_cost_task_policy_fe,C(task_id)[T.edu-015],0.06646907370970491,0.007599524191907929,8.746478336167682,2.201145097724039e-18,1267,0.9998328230976583
M1w_cost_task_policy_fe,C(task_id)[T.edu-016],0.06624874382193402,0.006395287987653231,10.358993050795227,3.8095126005834957e-25,1267,0.9998328230976583
M1w_cost_task_policy_fe,C(task_id)[T.edu-017],0.06388954245217424,0.006294810683199937,10.149557416029594,3.3286954461307814e-24,1267,0.9998328230976583
M1w_cost_task_policy_fe,C(task_id)[T.edu-018],0.04244173836040999,0.014325727459417192,2.962623607118143,0.0030502931070731537,1267,0.9998328230976583
M1w_cost_task_policy_fe,C(task_id)[T.edu-019],0.05578593677031968,0.010777082672273688,5.176348596994688,2.2627050941569152e-07,1267,0.9998328230976583
M1w_cost_task_policy_fe,C(task_id)[T.edu-020],0.06348606132274069,0.006782391103884531,9.360424716053286,7.94168079777041e-21,1267,0.9998328230976583
M1w_cost_task_policy_fe,C(task_id)[T.es-001],0.035923226642944964,0.0061950304283507176,5.798716738911755,6.682429616946039e-09,1267,0.9998328230976583
M1w_cost_task_policy_fe,C(task_id)[T.es-002],0.03899440987291136,0.006592832003133861,5.914667604813169,3.325464591219147e-09,1267,0.9998328230976583
M1w_cost_task_policy_fe,C(task_id)[T.es-003],0.04025914941570087,0.008080720189622494,4.98212392843436,6.289013430540678e-07,1267,0.9998328230976583
M1w_cost_task_policy_fe,C(task_id)[T.es-004],0.03445037043494827,0.007505974137516247,4.589726770141526,4.438265879034953e-06,1267,0.9998328230976583
M1w_cost_task_policy_fe,C(task_id)[T.es-005],0.03698092847183284,0.005941954861217459,6.223697307632483,4.85573479852251e-10,1267,0.9998328230976583
M1w_cost_task_policy_fe,C(task_id)[T.es-006],0.02689883600412478,0.007279887592250415,3.6949521078813254,0.0002199282374388758,1267,0.9998328230976583
M1w_cost_task_policy_fe,C(task_id)[T.es-007],0.03146846516769841,0.012095343339820873,2.6017008598752556,0.009276272630200255,1267,0.9998328230976583
M1w_cost_task_policy_fe,C(task_id)[T.es-008],0.030139102096477244,0.01062482129619421,2.836669084238905,0.0045586833181211804,1267,0.9998328230976583
M1w_cost_task_policy_fe,C(task_id)[T.es-009],0.0390138599678617,0.007695894010397405,5.069438315438426,3.989914195856582e-07,1267,0.9998328230976583
M1w_cost_task_policy_fe,C(task_id)[T.es-010],0.029452807280898545,0.010141528799729045,2.9041782420107554,0.0036821846495594976,1267,0.9998328230976583
M1w_cost_task_policy_fe,C(task_id)[T.es-011],0.03844344254359929,0.00830203317106617,4.630605750598594,3.6459751118433673e-06,1267,0.9998328230976583
M1w_cost_task_policy_fe,C(task_id)[T.es-012],0.04058998197680823,0.007301422774332272,5.559188014629142,2.7103260784052763e-08,1267,0.9998328230976583
M1w_cost_task_policy_fe,C(task_id)[T.es-013],0.03752178167087038,0.008103634697179353,4.630241005795912,3.65240367881416e-06,1267,0.9998328230976583
M1w_cost_task_policy_fe,C(task_id)[T.es-014],0.03122714188299787,0.008611885529339275,3.6260516673859797,0.00028778779701972465,1267,0.9998328230976583
M1w_cost_task_policy_fe,C(task_id)[T.es-015],0.02974068774974066,0.011548469114352177,2.5752926604600432,0.010015530172792721,1267,0.9998328230976583
M1w_cost_task_policy_fe,C(task_id)[T.es-016],0.0410528686687558,0.007551138927291109,5.436645923753793,5.4292876997519873e-08,1267,0.9998328230976583
M1w_cost_task_policy_fe,C(task_id)[T.es-017],0.030088470683963933,0.009989349357649217,3.012055100558083,0.0025948549230868515,1267,0.9998328230976583
M1w_cost_task_policy_fe,C(task_id)[T.es-018],0.0388471683448615,0.006477728433557183,5.99703564966044,2.009519581391586e-09,1267,0.9998328230976583
M1w_cost_task_policy_fe,C(task_id)[T.es-019],0.03605874453084369,0.0061772475496244756,5.837348145944994,5.303819627548829e-09,1267,0.9998328230976583
M1w_cost_task_policy_fe,C(task_id)[T.es-020],0.03293937183636672,0.010076517724744032,3.2689241200340824,0.0010795724878150574,1267,0.9998328230976583
M1w_cost_task_policy_fe,C(task_id)[T.es-021],0.03694167011507654,0.0072906430690239275,5.066997487784339,4.041396145898712e-07,1267,0.9998328230976583
M1w_cost_task_policy_fe,C(task_id)[T.es-022],0.04033319149996059,0.006425039554292492,6.277500886825587,3.4405830224006515e-10,1267,0.9998328230976583
M1w_cost_task_policy_fe,C(task_id)[T.es-023],0.0358116891166578,0.006053775978372182,5.915595364711087,3.3067724505227435e-09,1267,0.9998328230976583
M1w_cost_task_policy_fe,C(task_id)[T.es-024],0.03633992902745112,0.0061545899251205845,5.904524829367754,3.5366460673471208e-09,1267,0.9998328230976583
M1w_cost_task_policy_fe,C(task_id)[T.es-025],0.037522083108764565,0.007899099048103873,4.750172504517651,2.0324319704129857e-06,1267,0.9998328230976583
M1w_cost_task_policy_fe,C(task_id)[T.es-026],0.04281238818320861,0.007184793694027266,5.958749827263465,2.5417485265849486e-09,1267,0.9998328230976583
M1w_cost_task_policy_fe,C(task_id)[T.es-027],0.03016669806583533,0.009217622859528771,3.2727199328458454,0.0010651796608961313,1267,0.9998328230976583
M1w_cost_task_policy_fe,C(task_id)[T.es-028],0.041874322592710844,0.009924494520063226,4.21929021251997,2.4507264354998542e-05,1267,0.9998328230976583
M1w_cost_task_policy_fe,C(task_id)[T.es-029],0.025874405958983673,0.01147524696876486,2.254801663913005,0.024145780801168477,1267,0.9998328230976583
M1w_cost_task_policy_fe,C(task_id)[T.es-030],0.03776765491388171,0.006008783872197657,6.285407449688907,3.2699492347404775e-10,1267,0.9998328230976583
M1w_cost_task_policy_fe,C(task_id)[T.es-031],0.03834951215359962,0.007473780813097358,5.131206428531376,2.8789096683049826e-07,1267,0.9998328230976583
M1w_cost_task_policy_fe,C(task_id)[T.es-032],0.028602142806356146,0.012093789053978322,2.3650274267804683,0.018028735727554687,1267,0.9998328230976583
M1w_cost_task_policy_fe,C(task_id)[T.es-033],0.03650611750497246,0.008069720658911261,4.523839058128901,6.072790966653032e-06,1267,0.9998328230976583
M1w_cost_task_policy_fe,C(task_id)[T.es-034],0.03465156525253718,0.006446304121646577,5.375415834970899,7.640613676872968e-08,1267,0.9998328230976583
M1w_cost_task_policy_fe,C(task_id)[T.es-035],0.035425155800235614,0.009155729597462952,3.8691789030173966,0.00010920249364939133,1267,0.9998328230976583
M1w_cost_task_policy_fe,C(task_id)[T.es-036],0.03882559972662129,0.007378089932598682,5.262283339089944,1.4227727908387617e-07,1267,0.9998328230976583
M1w_cost_task_policy_fe,C(task_id)[T.es-037],0.039324809998817864,0.009987068932853537,3.9375727015816095,8.230999798114067e-05,1267,0.9998328230976583
M1w_cost_task_policy_fe,C(task_id)[T.es-038],0.03423255597038993,0.009032486327709002,3.7899372031568492,0.00015068537422226208,1267,0.9998328230976583
M1w_cost_task_policy_fe,C(task_id)[T.es-039],0.03452408390741704,0.007893367103834661,4.373809485009884,1.220969437026389e-05,1267,0.9998328230976583
M1w_cost_task_policy_fe,C(task_id)[T.es-040],0.04133557261599051,0.006777950000027665,6.098536078876621,1.0704423938463098e-09,1267,0.9998328230976583
M1w_cost_task_policy_fe,C(task_id)[T.es-041],0.042218459639485964,0.006840654130815034,6.171699201879663,6.755994106387939e-10,1267,0.9998328230976583
M1w_cost_task_policy_fe,C(task_id)[T.es-042],0.040954124880311096,0.007807411229654561,5.245544736359828,1.5582124315756283e-07,1267,0.9998328230976583
M1w_cost_task_policy_fe,C(task_id)[T.es-043],0.02747927746054063,0.01118027427071915,2.4578357198721097,0.013977709758671549,1267,0.9998328230976583
M1w_cost_task_policy_fe,C(task_id)[T.es-044],0.04077288250855135,0.006871662788065165,5.933481278995016,2.965778308375095e-09,1267,0.9998328230976583
M1w_cost_task_policy_fe,C(task_id)[T.es-045],0.024943727925610934,0.011085331098721597,2.2501563285274844,0.0244390234291206,1267,0.9998328230976583
M1w_cost_task_policy_fe,C(task_id)[T.es-046],0.034204455600748085,0.008419514937198353,4.062520923815812,4.854559475229215e-05,1267,0.9998328230976583
M1w_cost_task_policy_fe,C(task_id)[T.es-047],0.04206073373615554,0.006983322141459617,6.023026416960371,1.7118548949328923e-09,1267,0.9998328230976583
M1w_cost_task_policy_fe,C(task_id)[T.es-048],0.035397052316859134,0.007669240727064238,4.6154571979916215,3.922308750760276e-06,1267,0.9998328230976583
M1w_cost_task_policy_fe,C(task_id)[T.es-049],0.035423571380502325,0.006791090450724634,5.216183120742045,1.826476154042858e-07,1267,0.9998328230976583
M1w_cost_task_policy_fe,C(task_id)[T.es-050],0.03895517995326854,0.0059137161671139965,6.587258984443177,4.4802041118659923e-11,1267,0.9998328230976583
M1w_cost_task_policy_fe,C(task_id)[T.es-051],0.0415148207056113,0.006780398719907475,6.122769828228893,9.196249631759429e-10,1267,0.9998328230976583
M1w_cost_task_policy_fe,C(task_id)[T.es-052],0.03704698016663732,0.006574431799893324,5.635008666032316,1.7504953429140883e-08,1267,0.9998328230976583
M1w_cost_task_policy_fe,C(task_id)[T.es-053],0.027305657077703646,0.00846278497636559,3.2265568786116408,0.0012528932730999113,1267,0.9998328230976583
M1w_cost_task_policy_fe,C(task_id)[T.es-054],0.03973198538874431,0.00637355707719486,6.233879277697034,4.5502379191162316e-10,1267,0.9998328230976583
M1w_cost_task_policy_fe,C(task_id)[T.es-055],0.039636758491254004,0.006171855686925211,6.422178434149495,1.343378196209067e-10,1267,0.9998328230976583
M1w_cost_task_policy_fe,C(task_id)[T.es-056],0.03350419200077015,0.01019699163449057,3.2856937812368794,0.001017315395971706,1267,0.9998328230976583
M1w_cost_task_policy_fe,C(task_id)[T.es-057],0.033597390440128445,0.006987734242671001,4.8080521200941,1.5240803501211033e-06,1267,0.9998328230976583
M1w_cost_task_policy_fe,C(task_id)[T.es-058],0.03674616912448393,0.006322700481398438,5.811783941464915,6.181058369131325e-09,1267,0.9998328230976583
M1w_cost_task_policy_fe,C(task_id)[T.es-059],0.02332775051752002,0.015412525747636092,1.5135579268114399,0.1301379988523953,1267,0.9998328230976583
M1w_cost_task_policy_fe,C(task_id)[T.es-060],0.03469376877747433,0.00895770937812888,3.8730625557223974,0.00010747622713134573,1267,0.9998328230976583
M1w_cost_task_policy_fe,C(task_id)[T.es-061],0.040592958135488674,0.007689246043637628,5.2791857491771665,1.2975921315541744e-07,1267,0.9998328230976583
M1w_cost_task_policy_fe,C(task_id)[T.es-062],0.03592115835428133,0.008983322613921853,3.9986494861726016,6.370494082240853e-05,1267,0.9998328230976583
M1w_cost_task_policy_fe,C(task_id)[T.es-063],0.03858322139119058,0.006631930554221695,5.81779635292315,5.962848437985784e-09,1267,0.9998328230976583
M1w_cost_task_policy_fe,C(task_id)[T.es-064],0.04473861610820831,0.007156786374717877,6.251215806336252,4.0726965127479867e-10,1267,0.9998328230976583
M1w_cost_task_policy_fe,C(task_id)[T.es-065],0.029812223009886216,0.008038118903465627,3.708855687247013,0.00020819804191718968,1267,0.9998328230976583
M1w_cost_task_policy_fe,C(task_id)[T.es-066],0.03894017995540245,0.006956974797638069,5.5972863332238685,2.1773294110572594e-08,1267,0.9998328230976583
M1w_cost_task_policy_fe,C(task_id)[T.es-067],0.03926100497516785,0.0062705117602111105,6.26121223857589,3.8199619745999573e-10,1267,0.9998328230976583
M1w_cost_task_policy_fe,C(task_id)[T.es-068],0.035737525353786534,0.009721499461379122,3.6761330385052244,0.00023679606741135585,1267,0.9998328230976583
M1w_cost_task_policy_fe,C(task_id)[T.es-069],0.028954047481096423,0.009804269107353051,2.953208154943578,0.003144898223410225,1267,0.9998328230976583
M1w_cost_task_policy_fe,C(task_id)[T.es-070],0.03509537156685792,0.010191642926793646,3.443544070268869,0.0005741430129571087,1267,0.9998328230976583
M1w_cost_task_policy_fe,C(task_id)[T.mfg-001],0.04700338192189716,0.012390737985595405,3.7934287672404956,0.000148581268401977,1267,0.9998328230976583
M1w_cost_task_policy_fe,C(task_id)[T.mfg-002],0.053733095694101535,0.006010279166733944,8.940199648546564,3.88467898288446e-19,1267,0.9998328230976583
M1w_cost_task_policy_fe,C(task_id)[T.mfg-003],0.05195349376087333,0.008419511700896604,6.170606515736624,6.802852803781159e-10,1267,0.9998328230976583
M1w_cost_task_policy_fe,C(task_id)[T.mfg-004],0.048174306205034156,0.010058282027382027,4.789516348208123,1.671837780702644e-06,1267,0.9998328230976583
M1w_cost_task_policy_fe,C(task_id)[T.mfg-005],0.05437119602140276,0.01209579032975338,4.49505113259609,6.955323154275268e-06,1267,0.9998328230976583
M1w_cost_task_policy_fe,C(task_id)[T.mfg-006],0.0532799651446028,0.010399077231980063,5.1235281704372815,2.9987081989417123e-07,1267,0.9998328230976583
M1w_cost_task_policy_fe,C(task_id)[T.mfg-007],0.05370170469120579,0.008087256555965433,6.640287014462723,3.1307292039487496e-11,1267,0.9998328230976583
M1w_cost_task_policy_fe,C(task_id)[T.mfg-008],0.05464227904087196,0.008199672856003025,6.663958428642436,2.665488905470575e-11,1267,0.9998328230976583
M1w_cost_task_policy_fe,C(task_id)[T.mfg-009],0.057800357255384946,0.009035987175153372,6.396684295250107,1.5878715475447917e-10,1267,0.9998328230976583
M1w_cost_task_policy_fe,C(task_id)[T.mfg-010],0.06386090264989544,0.0068322497593912785,9.34698011619311,9.01858961507869e-21,1267,0.9998328230976583
M1w_cost_task_policy_fe,C(task_id)[T.mfg-011],0.04772579023523101,0.010739742464939809,4.443848666858931,8.836376967586505e-06,1267,0.9998328230976583
M1w_cost_task_policy_fe,C(task_id)[T.mfg-012],0.04362832287168028,0.012072627029080081,3.613821810827921,0.0003017164569158828,1267,0.9998328230976583
M1w_cost_task_policy_fe,C(task_id)[T.mfg-013],0.044677839801340165,0.007396279636472732,6.040582833161635,1.5355852651059666e-09,1267,0.9998328230976583
M1w_cost_task_policy_fe,C(task_id)[T.mfg-014],0.05519812070557077,0.010434083941218973,5.2901741079075695,1.2219997723450763e-07,1267,0.9998328230976583
M1w_cost_task_policy_fe,C(task_id)[T.mfg-015],0.04708751939493679,0.013088178265313832,3.5977137872371205,0.00032102659929149395,1267,0.9998328230976583
M1w_cost_task_policy_fe,C(task_id)[T.mfg-016],0.054973720108812414,0.00830297820956194,6.620964034989656,3.568637975386391e-11,1267,0.9998328230976583
M1w_cost_task_policy_fe,C(task_id)[T.mfg-017],0.05532780252660378,0.009958900621889205,5.555613478559653,2.7663842073550195e-08,1267,0.9998328230976583
M1w_cost_task_policy_fe,C(task_id)[T.mfg-018],0.05573893684519405,0.0066385907888470855,8.396200130129447,4.611593795199295e-17,1267,0.9998328230976583
M1w_cost_task_policy_fe,C(task_id)[T.mfg-019],0.04071667270404773,0.010801986715030576,3.7693688927974653,0.00016366084978290378,1267,0.9998328230976583
M1w_cost_task_policy_fe,C(task_id)[T.mfg-020],0.0459572236491121,0.012040556312814922,3.8168687936951238,0.00013515599572909323,1267,0.9998328230976583
M1w_cost_task_policy_fe,C(task_id)[T.mfg-021],0.05905920751440133,0.00668873861411457,8.829647998170335,1.0500565897592228e-18,1267,0.9998328230976583
M1w_cost_task_policy_fe,C(task_id)[T.mfg-022],0.04677496115350027,0.012199865536144912,3.834055466834341,0.0001260476989463431,1267,0.9998328230976583
M1w_cost_task_policy_fe,C(task_id)[T.mfg-023],0.05744386166045785,0.007426398666552969,7.735089945975247,1.0333002358968125e-14,1267,0.9998328230976583
M1w_cost_task_policy_fe,C(task_id)[T.mfg-024],0.05819797339926208,0.0098285441778402,5.921321850541954,3.1936414003310883e-09,1267,0.9998328230976583
M1w_cost_task_policy_fe,C(task_id)[T.mfg-025],0.044860931625765384,0.012504653308039591,3.5875390161295426,0.0003338137944461409,1267,0.9998328230976583
M1w_cost_task_policy_fe,C(task_id)[T.mfg-026],0.047138293785018034,0.0074892380429780235,6.294137469594163,3.0911379669076434e-10,1267,0.9998328230976583
M1w_cost_task_policy_fe,C(task_id)[T.mfg-027],0.04471470631909918,0.01198638486097842,3.7304580853788156,0.00019113194004652097,1267,0.9998328230976583
M1w_cost_task_policy_fe,C(task_id)[T.mfg-028],0.04497069262995565,0.012905022869938363,3.4847433501813265,0.0004926092928033869,1267,0.9998328230976583
M1w_cost_task_policy_fe,C(task_id)[T.mfg-029],0.0591169694416975,0.007764332167762833,7.613915551829245,2.6591457479656508e-14,1267,0.9998328230976583
M1w_cost_task_policy_fe,C(task_id)[T.mfg-030],0.05972753019292295,0.0072822134732932415,8.201837313883676,2.3674053884707193e-16,1267,0.9998328230976583
M1w_cost_task_policy_fe,C(task_id)[T.ps-001],0.035991253513234955,0.006691241151217575,5.378860617911789,7.495871172017116e-08,1267,0.9998328230976583
M1w_cost_task_policy_fe,C(task_id)[T.ps-002],0.027630396480394098,0.008919595912966958,3.0977184112372305,0.00195016633155666,1267,0.9998328230976583
M1w_cost_task_policy_fe,C(task_id)[T.ps-003],0.036225474538635415,0.006644006643733688,5.452353749947189,4.970744883839536e-08,1267,0.9998328230976583
M1w_cost_task_policy_fe,C(task_id)[T.ps-004],0.04117466212489444,0.007520485025218679,5.475000879174967,4.375094389193753e-08,1267,0.9998328230976583
M1w_cost_task_policy_fe,C(task_id)[T.ps-005],0.037719186122564974,0.007044129292404519,5.354698154566312,8.569935787883861e-08,1267,0.9998328230976583
M1w_cost_task_policy_fe,C(task_id)[T.ps-006],0.04483978574708658,0.006024870950293596,7.442447500871617,9.883674322225077e-14,1267,0.9998328230976583
M1w_cost_task_policy_fe,C(task_id)[T.ps-007],0.0381161276933332,0.007015545513116704,5.4330953483330555,5.538479355396142e-08,1267,0.9998328230976583
M1w_cost_task_policy_fe,C(task_id)[T.ps-008],0.03925621679125652,0.006416517323304107,6.117994359445135,9.476042025527975e-10,1267,0.9998328230976583
M1w_cost_task_policy_fe,C(task_id)[T.ps-009],0.03838153223373462,0.006774792222502797,5.665344555697002,1.4672938994453718e-08,1267,0.9998328230976583
M1w_cost_task_policy_fe,C(task_id)[T.ps-010],0.04244965400888456,0.006161631439973954,6.889352993996019,5.604670834574112e-12,1267,0.9998328230976583
M1w_cost_task_policy_fe,C(task_id)[T.ps-011],0.03253050493762998,0.00682678744507251,4.765126378895844,1.8873531626553147e-06,1267,0.9998328230976583
M1w_cost_task_policy_fe,C(task_id)[T.ps-012],0.043262598149553626,0.006307404488660369,6.859017560603946,6.933571660652841e-12,1267,0.9998328230976583
M1w_cost_task_policy_fe,C(task_id)[T.ps-013],0.038413621101403714,0.006582670175627967,5.835568253689571,5.360754585146006e-09,1267,0.9998328230976583
M1w_cost_task_policy_fe,C(task_id)[T.ps-014],0.04339161355343941,0.006252970746653755,6.939359755786512,3.938809180153941e-12,1267,0.9998328230976583
M1w_cost_task_policy_fe,C(task_id)[T.ps-015],0.03033328660261255,0.0062477371666053595,4.855083655686786,1.2033593173351054e-06,1267,0.9998328230976583
M1w_cost_task_policy_fe,C(task_id)[T.ps-016],0.0363942382252653,0.008920470373596952,4.079856409028155,4.5063528302287014e-05,1267,0.9998328230976583
M1w_cost_task_policy_fe,C(task_id)[T.ps-017],0.040472000217908366,0.007378682618224206,5.484989978827491,4.134928570305806e-08,1267,0.9998328230976583
M1w_cost_task_policy_fe,C(task_id)[T.ps-018],0.04158800752910842,0.006360017728412617,6.538976667206285,6.194118679293901e-11,1267,0.9998328230976583
M1w_cost_task_policy_fe,C(task_id)[T.ps-019],0.04297501033036961,0.006194987966763888,6.9370611469998895,4.003405799124072e-12,1267,0.9998328230976583
M1w_cost_task_policy_fe,C(task_id)[T.ps-020],0.03370013942109659,0.007577849871233544,4.447190165250765,8.700081399574663e-06,1267,0.9998328230976583
M1w_cost_task_policy_fe,C(task_id)[T.ps-021],0.040359970819767776,0.006430358866360382,6.276472535756273,3.4634052920510885e-10,1267,0.9998328230976583
M1w_cost_task_policy_fe,C(task_id)[T.ps-022],0.04060559057755986,0.006428148131819823,6.316841140694796,2.6696375327183953e-10,1267,0.9998328230976583
M1w_cost_task_policy_fe,C(task_id)[T.ps-023],0.03508433845002598,0.0074205771251423394,4.72797975930383,2.267647837557096e-06,1267,0.9998328230976583
M1w_cost_task_policy_fe,C(task_id)[T.ps-024],0.03866604778770687,0.0064337936598819565,6.009836471568827,1.8571055314840348e-09,1267,0.9998328230976583
M1w_cost_task_policy_fe,C(task_id)[T.ps-025],0.03639958678934308,0.00807535576350527,4.507490178184188,6.559896631098166e-06,1267,0.9998328230976583
M1w_cost_task_policy_fe,C(task_id)[T.ps-026],0.03308225051955541,0.008220117045826146,4.024547379937039,5.7085000795549864e-05,1267,0.9998328230976583
M1w_cost_task_policy_fe,C(task_id)[T.ps-027],0.027059099715706567,0.005745887220666977,4.709298786509349,2.485704644861447e-06,1267,0.9998328230976583
M1w_cost_task_policy_fe,C(task_id)[T.ps-028],0.04428812582973935,0.006120557340669313,7.235962897603739,4.622376901337191e-13,1267,0.9998328230976583
M1w_cost_task_policy_fe,C(task_id)[T.ps-029],0.03716717314323992,0.00660356648056895,5.62834844664692,1.8194326091105774e-08,1267,0.9998328230976583
M1w_cost_task_policy_fe,C(task_id)[T.ps-030],0.03578662760787514,0.00718085158607914,4.983618889610725,6.240593911645197e-07,1267,0.9998328230976583
M1w_cost_task_policy_fe,C(task_id)[T.ps-031],0.03305269925724442,0.00778398572460523,4.2462435603863735,2.1738432077267554e-05,1267,0.9998328230976583
M1w_cost_task_policy_fe,C(task_id)[T.ps-032],0.04184674568463266,0.006517962802324859,6.420218548916321,1.3607884076672267e-10,1267,0.9998328230976583
M1w_cost_task_policy_fe,C(task_id)[T.ps-033],0.03740617976160964,0.006405153785973881,5.840012747784816,5.219682811501797e-09,1267,0.9998328230976583
M1w_cost_task_policy_fe,C(task_id)[T.ps-034],0.026231558550067924,0.009491543003325971,2.7636769428190986,0.005715409475117397,1267,0.9998328230976583
M1w_cost_task_policy_fe,C(task_id)[T.ps-035],0.02885797818084858,0.009393002037557606,3.0722848845833224,0.0021242688195198464,1267,0.9998328230976583
M1w_cost_task_policy_fe,C(task_id)[T.ps-036],0.04184603747528707,0.006374882473627594,6.564205324317893,5.231108048516959e-11,1267,0.9998328230976583
M1w_cost_task_policy_fe,C(task_id)[T.ps-037],0.02770303521010823,0.00684472255344372,4.047356922622125,5.179922482288702e-05,1267,0.9998328230976583
M1w_cost_task_policy_fe,C(task_id)[T.ps-038],0.03430152210824342,0.008356442144276938,4.104799807862661,4.046651576096564e-05,1267,0.9998328230976583
M1w_cost_task_policy_fe,C(task_id)[T.ps-039],0.03870010730689682,0.006192180197589626,6.249835449226955,4.108853475178192e-10,1267,0.9998328230976583
M1w_cost_task_policy_fe,C(task_id)[T.ps-040],0.03742111421389613,0.0060424350885093245,6.193051917935946,5.901028069997452e-10,1267,0.9998328230976583
M1w_cost_task_policy_fe,C(task_id)[T.ps-041],0.036775110267527486,0.007215633119211844,5.096588152412105,3.458295631395633e-07,1267,0.9998328230976583
M1w_cost_task_policy_fe,C(task_id)[T.ps-042],0.03478438978676534,0.006985445302691821,4.979552237473147,6.373154980484255e-07,1267,0.9998328230976583
M1w_cost_task_policy_fe,C(task_id)[T.ps-043],0.04023062960676211,0.006243906606618937,6.443182472350738,1.169938925264429e-10,1267,0.9998328230976583
M1w_cost_task_policy_fe,C(task_id)[T.ps-044],0.043372883282105326,0.006067175504866853,7.148776765615776,8.75545774443923e-13,1267,0.9998328230976583
M1w_cost_task_policy_fe,C(task_id)[T.ps-045],0.044925280357087954,0.00581329841603365,7.728018956188384,1.0923308237904885e-14,1267,0.9998328230976583
M1w_cost_task_policy_fe,C(task_id)[T.ps-046],0.034637327301620856,0.0081893288961687,4.229568471456264,2.341400078358375e-05,1267,0.9998328230976583
M1w_cost_task_policy_fe,C(task_id)[T.ps-047],0.04056401201964021,0.006215279476987051,6.526498473613968,6.732500259926093e-11,1267,0.9998328230976583
M1w_cost_task_policy_fe,C(task_id)[T.ps-048],0.03221227726587754,0.010767558070208792,2.9916046940114542,0.002775153621883445,1267,0.9998328230976583
M1w_cost_task_policy_fe,C(task_id)[T.ps-049],0.040635839951156806,0.006024714100841869,6.744857809182766,1.5317695849114782e-11,1267,0.9998328230976583
M1w_cost_task_policy_fe,C(task_id)[T.ps-050],0.03814409197132806,0.005758270815249319,6.624226820022621,3.490704177732544e-11,1267,0.9998328230976583
M1w_cost_task_policy_fe,C(task_id)[T.ps-051],0.03831010812529412,0.00876283435475127,4.371885462438544,1.2317814462004242e-05,1267,0.9998328230976583
M1w_cost_task_policy_fe,C(task_id)[T.ps-052],0.04286395092941973,0.00672620449249949,6.372680309856484,1.857528295578619e-10,1267,0.9998328230976583
M1w_cost_task_policy_fe,C(task_id)[T.ps-053],0.031729564892293526,0.009895814527580439,3.2063621244982565,0.0013442470600258365,1267,0.9998328230976583
M1w_cost_task_policy_fe,C(task_id)[T.ps-054],0.03856129019674334,0.006333591950302864,6.088376153582075,1.1406163497605895e-09,1267,0.9998328230976583
M1w_cost_task_policy_fe,C(task_id)[T.ps-055],0.04560707053013226,0.006516652978031975,6.998542147921088,2.586395584246413e-12,1267,0.9998328230976583
M1w_cost_task_policy_fe,C(task_id)[T.ps-056],0.03598210433989402,0.009530636262505922,3.775414709870915,0.00015974167637748614,1267,0.9998328230976583
M1w_cost_task_policy_fe,C(task_id)[T.ps-057],0.041486109619519596,0.0075401318732780005,5.502040324592348,3.754210576418058e-08,1267,0.9998328230976583
M1w_cost_task_policy_fe,C(task_id)[T.ps-058],0.040964356291165877,0.007112741370595716,5.759292255516803,8.446734520139789e-09,1267,0.9998328230976583
M1w_cost_task_policy_fe,C(task_id)[T.ps-059],0.03454196546575938,0.009883391218682683,3.4949507412460132,0.00047414925406096524,1267,0.9998328230976583
M1w_cost_task_policy_fe,C(task_id)[T.ps-060],0.04096144474310785,0.007722975628426214,5.303842290054587,1.1339028460528261e-07,1267,0.9998328230976583
M1w_cost_task_policy_fe,C(task_id)[T.ps-061],0.04183778802899345,0.006836173190374433,6.120059697712529,9.354030661398307e-10,1267,0.9998328230976583
M1w_cost_task_policy_fe,C(task_id)[T.ps-062],0.03445402483268135,0.010058709433637299,3.4252927833329943,0.0006141372104812757,1267,0.9998328230976583
M1w_cost_task_policy_fe,C(task_id)[T.ps-063],0.0422936879054572,0.007195677283909782,5.877652128734275,4.161262396836981e-09,1267,0.9998328230976583
M1w_cost_task_policy_fe,C(task_id)[T.ps-064],0.037354832330991405,0.008715420861346765,4.286061789243198,1.8186842239828358e-05,1267,0.9998328230976583
M1w_cost_task_policy_fe,C(task_id)[T.ps-065],0.02937872170464431,0.011863945431589482,2.476302834841029,0.013275092451638474,1267,0.9998328230976583
M1w_cost_task_policy_fe,C(task_id)[T.ps-066],0.03905802057666954,0.008090987618401985,4.827348949074738,1.383625605530762e-06,1267,0.9998328230976583
M1w_cost_task_policy_fe,C(task_id)[T.ps-067],0.040871158736140126,0.00838571038130217,4.873905355385464,1.0941342327693961e-06,1267,0.9998328230976583
M1w_cost_task_policy_fe,C(task_id)[T.ps-068],0.041081197873422653,0.006297731229217919,6.523174200072096,6.883483731040511e-11,1267,0.9998328230976583
M1w_cost_task_policy_fe,C(task_id)[T.ps-069],0.03874799212691035,0.010904474907671933,3.553402841951508,0.00038028163925707046,1267,0.9998328230976583
M1w_cost_task_policy_fe,C(task_id)[T.ps-070],0.03683461277847991,0.008571823065174799,4.2971737165376,1.7298962408304806e-05,1267,0.9998328230976583
M1w_cost_task_policy_fe,C(policy_id)[T.pl_deepseek_pro],2.5208488539118235,0.002600471830910177,969.3813345517051,0.0,1267,0.9998328230976583
M1w_cost_task_policy_fe,C(policy_id)[T.pl_glm_47],2.0389232203655276,0.0031714510026931457,642.8991709580588,0.0,1267,0.9998328230976583
M1w_cost_task_policy_fe,C(policy_id)[T.pl_glm_47_flashx],0.3272847387548908,0.0028082548039854594,116.54381870562818,0.0,1267,0.9998328230976583
M1w_cost_task_policy_fe,C(policy_id)[T.pl_spark_max],0.0019323599804664873,0.002262830081412879,0.8539571735143052,0.39312871904325863,1267,0.9998328230976583
M1w_cost_task_policy_fe,C(policy_id)[T.pl_spark_ultra],1.769313365950789,0.002240805156039776,789.5882250992921,0.0,1267,0.9998328230976583
M1w_cost_task_policy_fe,log_tokens,1.0795292814656927,0.0024800534765702185,435.28467900564146,0.0,1267,0.9998328230976583
M2w_quality_task_fe,Intercept,-0.3861201937748657,0.7795070581641628,-0.49533893212490904,0.6203608936961592,1239,0.7388720940666602
M2w_quality_task_fe,C(task_id)[T.ceval-002],3.838114478414785,1.3073552384222915,2.9357854434779322,0.003327043546129335,1239,0.7388720940666602
M2w_quality_task_fe,C(task_id)[T.ceval-003],2.8221891583388916,1.6418885315811411,1.7188676965915093,0.08563846536782291,1239,0.7388720940666602
M2w_quality_task_fe,C(task_id)[T.ceval-004],2.445878093723499,1.3320656765713463,1.8361542803347626,0.06633484228891405,1239,0.7388720940666602
M2w_quality_task_fe,C(task_id)[T.ceval-005],4.449892514374251,2.062168071594887,2.157870920255637,0.03093786897935725,1239,0.7388720940666602
M2w_quality_task_fe,C(task_id)[T.ceval-006],2.327876857086703,1.1807797542116194,1.9714742302987531,0.04866965776715974,1239,0.7388720940666602
M2w_quality_task_fe,C(task_id)[T.ceval-007],3.7507126280469563,1.4373137953945907,2.6095294152640207,0.009066685073657729,1239,0.7388720940666602
M2w_quality_task_fe,C(task_id)[T.ceval-008],2.310128304904193,1.1762746456990343,1.9639361550051386,0.04953749636179803,1239,0.7388720940666602
M2w_quality_task_fe,C(task_id)[T.ceval-009],3.3433946519929125,1.2327473857215745,2.7121490507448085,0.006684852648045875,1239,0.7388720940666602
M2w_quality_task_fe,C(task_id)[T.ceval-010],2.7439841870553425,1.6729331398834002,1.6402234623952707,0.10095871267060269,1239,0.7388720940666602
M2w_quality_task_fe,C(task_id)[T.ceval-011],3.951629002022794,1.4243543357124435,2.774330026556377,0.0055315531321821635,1239,0.7388720940666602
M2w_quality_task_fe,C(task_id)[T.ceval-012],2.5615405799757687,1.4275129313705628,1.794407969051755,0.07274807589783397,1239,0.7388720940666602
M2w_quality_task_fe,C(task_id)[T.ceval-013],1.0744486959063386,0.7936780416207705,1.3537588789935604,0.17581331670784295,1239,0.7388720940666602
M2w_quality_task_fe,C(task_id)[T.ceval-014],1.8638827459644498,0.914252512249028,2.0386957880808727,0.04148039838971226,1239,0.7388720940666602
M2w_quality_task_fe,C(task_id)[T.ceval-015],2.1664090609929834,1.4306527181419058,1.5142801838077509,0.1299547922943942,1239,0.7388720940666602
M2w_quality_task_fe,C(task_id)[T.ceval-016],3.259137169497718,1.2561355477577638,2.594574427350111,0.009470810578110738,1239,0.7388720940666602
M2w_quality_task_fe,C(task_id)[T.ceval-017],3.7540820295923236,1.7859526836416497,2.102005312894156,0.03555281040608054,1239,0.7388720940666602
M2w_quality_task_fe,C(task_id)[T.ceval-018],4.6375768358102265,1.571366503477497,2.951301829043118,0.0031643752978272577,1239,0.7388720940666602
M2w_quality_task_fe,C(task_id)[T.ceval-019],2.1703820598630683,1.219915662054208,1.7791246783473345,0.07521932358285009,1239,0.7388720940666602
M2w_quality_task_fe,C(task_id)[T.ceval-020],4.191837807765623,1.4358351619418763,2.9194422304691487,0.0035065838106082257,1239,0.7388720940666602
M2w_quality_task_fe,C(task_id)[T.ceval-021],0.4829404094595893,0.3106776360368868,1.5544743278600515,0.12007131567109809,1239,0.7388720940666602
M2w_quality_task_fe,C(task_id)[T.ceval-022],4.353261671541306,1.5758147352715892,2.762546620552465,0.005735237051280766,1239,0.7388720940666602
M2w_quality_task_fe,C(task_id)[T.ceval-023],5.8415785634735355,0.5884460743434896,9.927126406596896,3.1726697472862405e-23,1239,0.7388720940666602
M2w_quality_task_fe,C(task_id)[T.ceval-024],4.976406407405958,1.526702001225868,3.259579409347825,0.0011157754066474686,1239,0.7388720940666602
M2w_quality_task_fe,C(task_id)[T.ceval-025],6.634089435961187,0.27107718738949743,24.47306429525916,2.8598440551346175e-132,1239,0.7388720940666602
M2w_quality_task_fe,C(task_id)[T.ceval-026],5.197769589855504,0.40089465553729514,12.965425001461405,1.921623621883238e-38,1239,0.7388720940666602
M2w_quality_task_fe,C(task_id)[T.ceval-027],3.05954260313183,1.3802575856380612,2.216646106471115,0.02664728426999143,1239,0.7388720940666602
M2w_quality_task_fe,C(task_id)[T.ceval-028],1.0538053725852157,0.75956026295034,1.3873887616131302,0.16532325004614912,1239,0.7388720940666602
M2w_quality_task_fe,C(task_id)[T.ceval-029],2.3821090570529115,1.3557352821021964,1.757060606521374,0.07890747939592302,1239,0.7388720940666602
M2w_quality_task_fe,C(task_id)[T.ceval-030],5.176451804124243,1.043600932148293,4.960183193271316,7.042673151183257e-07,1239,0.7388720940666602
M2w_quality_task_fe,C(task_id)[T.ceval-031],2.2954344750871054,1.1811656730783013,1.943363685049233,0.05197223175971817,1239,0.7388720940666602
M2w_quality_task_fe,C(task_id)[T.ceval-032],2.795876945487087,0.33497942268356123,8.346414006833536,7.036683384796877e-17,1239,0.7388720940666602
M2w_quality_task_fe,C(task_id)[T.ceval-033],1.531074797694259,0.7838000943295427,1.953399608868292,0.05077226254925456,1239,0.7388720940666602
M2w_quality_task_fe,C(task_id)[T.ceval-034],4.186869813047096,1.5211203845720698,2.752490766353756,0.005914381427256443,1239,0.7388720940666602
M2w_quality_task_fe,C(task_id)[T.ceval-035],3.337013040090394,1.0795747350700926,3.09104403029007,0.0019945405542686223,1239,0.7388720940666602
M2w_quality_task_fe,C(task_id)[T.ceval-036],1.8230432743705538,0.8959356417289049,2.034792667532001,0.0418717391828066,1239,0.7388720940666602
M2w_quality_task_fe,C(task_id)[T.ceval-037],2.235749650892916,1.8410285827405681,1.2144024660197092,0.22459407419945665,1239,0.7388720940666602
M2w_quality_task_fe,C(task_id)[T.ceval-038],2.733645985941575,1.27138159205301,2.150138088382513,0.03154429360094802,1239,0.7388720940666602
M2w_quality_task_fe,C(task_id)[T.ceval-039],2.9689717418383816,0.9943277384127494,2.985908596473198,0.00282737138915473,1239,0.7388720940666602
M2w_quality_task_fe,C(task_id)[T.ceval-040],3.946254566761798,0.47207041701200847,8.359461691626006,6.300508023440988e-17,1239,0.7388720940666602
M2w_quality_task_fe,C(task_id)[T.ceval-041],1.1217076742675536,0.7831191426369992,1.4323589007036965,0.15204113432788358,1239,0.7388720940666602
M2w_quality_task_fe,C(task_id)[T.ceval-042],1.1483227989174982,0.6124742467429147,1.8748915648685311,0.060807642744823684,1239,0.7388720940666602
M2w_quality_task_fe,C(task_id)[T.ceval-043],1.622064796173676,1.2570221084305357,1.2904027584677227,0.1969108548743903,1239,0.7388720940666602
M2w_quality_task_fe,C(task_id)[T.ceval-044],2.3014029297906533,1.2061535078941148,1.9080514335267247,0.05638456893005032,1239,0.7388720940666602
M2w_quality_task_fe,C(task_id)[T.ceval-045],2.848320508063435,1.0679746050318037,2.6670301846537012,0.007652479858068679,1239,0.7388720940666602
M2w_quality_task_fe,C(task_id)[T.cmmlu-001],3.417685111857452,1.1163849368662557,3.0613859064159827,0.002203149386309319,1239,0.7388720940666602
M2w_quality_task_fe,C(task_id)[T.cmmlu-002],2.0022323903738144,1.0783274041045958,1.8567944974341035,0.06334039688529158,1239,0.7388720940666602
M2w_quality_task_fe,C(task_id)[T.cmmlu-003],1.9467387946745598,1.0924620131224458,1.7819739005024466,0.0747534879729524,1239,0.7388720940666602
M2w_quality_task_fe,C(task_id)[T.cmmlu-004],1.366232838021559,0.7588735590182509,1.8003431820566316,0.07180646640496073,1239,0.7388720940666602
M2w_quality_task_fe,C(task_id)[T.cmmlu-005],2.0183146007914035,1.0411559232725285,1.9385325057245033,0.05255828900179061,1239,0.7388720940666602
M2w_quality_task_fe,C(task_id)[T.cmmlu-006],1.803422616221415,0.9208852886396794,1.9583575049672137,0.050188077479669316,1239,0.7388720940666602
M2w_quality_task_fe,C(task_id)[T.cmmlu-007],1.5163916361660836,1.2331688168807942,1.2296707599221328,0.21882042062409124,1239,0.7388720940666602
M2w_quality_task_fe,C(task_id)[T.cmmlu-008],2.0503622689146788,1.05573123881041,1.9421252242426883,0.05212194255762718,1239,0.7388720940666602
M2w_quality_task_fe,C(task_id)[T.cmmlu-009],3.4511913933228664,0.4587999511603311,7.5222139509705865,5.3856355961562516e-14,1239,0.7388720940666602
M2w_quality_task_fe,C(task_id)[T.cmmlu-010],0.6172080038177142,0.33047598000767336,1.8676334776384753,0.061813176755040465,1239,0.7388720940666602
M2w_quality_task_fe,C(task_id)[T.cmmlu-011],3.1038459300695047,1.061697137257237,2.9234758399065726,0.003461470866950723,1239,0.7388720940666602
M2w_quality_task_fe,C(task_id)[T.cmmlu-012],1.6305906552245013,0.7820638919773175,2.0849839405087813,0.03707075831074264,1239,0.7388720940666602
M2w_quality_task_fe,C(task_id)[T.cmmlu-013],2.3811034772625663,0.9249195479269944,2.574389829471429,0.010041706108114754,1239,0.7388720940666602
M2w_quality_task_fe,C(task_id)[T.cmmlu-014],2.6448909746312386,1.308608945132713,2.0211469472746164,0.04326455569545388,1239,0.7388720940666602
M2w_quality_task_fe,C(task_id)[T.cmmlu-015],3.1018783273382904,1.273948765635146,2.434853277472115,0.014897829181824442,1239,0.7388720940666602
M2w_quality_task_fe,C(task_id)[T.cmmlu-016],1.8104908180275174,1.605270988012176,1.1278412377398457,0.259386974199192,1239,0.7388720940666602
M2w_quality_task_fe,C(task_id)[T.cmmlu-017],3.6297229963051554,1.1530105011691574,3.1480398423297977,0.0016436928813242787,1239,0.7388720940666602
M2w_quality_task_fe,C(task_id)[T.cmmlu-018],1.6097344571333136,0.7848534844715458,2.050999949649422,0.040266951649161366,1239,0.7388720940666602
M2w_quality_task_fe,C(task_id)[T.cmmlu-019],1.5261402054566633,1.2386142883520341,1.2321351528143438,0.2178986019866067,1239,0.7388720940666602
M2w_quality_task_fe,C(task_id)[T.cmmlu-020],1.450218453129845,0.6149195038949788,2.3583874701387346,0.018354523685247544,1239,0.7388720940666602
M2w_quality_task_fe,C(task_id)[T.cmmlu-021],2.0017077786620514,0.8736693892121603,2.2911501803526737,0.02195472922041742,1239,0.7388720940666602
M2w_quality_task_fe,C(task_id)[T.cmmlu-022],2.3613002957960947,0.9610421438783776,2.4570205488250925,0.014009467300466802,1239,0.7388720940666602
M2w_quality_task_fe,C(task_id)[T.cmmlu-023],2.270241044580968,1.055255984909279,2.151365239379469,0.03144738260264311,1239,0.7388720940666602
M2w_quality_task_fe,C(task_id)[T.cmmlu-024],2.6798106091819536,1.2584579366175592,2.1294399528240557,0.033217877922690445,1239,0.7388720940666602
M2w_quality_task_fe,C(task_id)[T.cmmlu-025],3.2396397307214264,1.7159144003317794,1.8879961203746691,0.059026471283040456,1239,0.7388720940666602
M2w_quality_task_fe,C(task_id)[T.cmmlu-026],3.489995639678423,1.6846014765904218,2.0717040131901463,0.03829305285633665,1239,0.7388720940666602
M2w_quality_task_fe,C(task_id)[T.cmmlu-027],3.26464695302934,1.480850982050826,2.2045749319814343,0.027483936448951488,1239,0.7388720940666602
M2w_quality_task_fe,C(task_id)[T.cmmlu-028],2.5993314968564003,0.3488964805640349,7.450151095403013,9.323339219757292e-14,1239,0.7388720940666602
M2w_quality_task_fe,C(task_id)[T.cmmlu-029],3.5599442482519112,1.3641990191868099,2.609549045398061,0.009066164889829087,1239,0.7388720940666602
M2w_quality_task_fe,C(task_id)[T.cmmlu-030],1.6089609827356455,1.2532475997360715,1.2838332848788105,0.19920029461570832,1239,0.7388720940666602
M2w_quality_task_fe,C(task_id)[T.cmmlu-031],2.322678681471947,0.9472765936197117,2.4519540513469043,0.01420828038176365,1239,0.7388720940666602
M2w_quality_task_fe,C(task_id)[T.cmmlu-032],2.6859778767543125,1.1703111449255863,2.2950972383716803,0.0217275523194278,1239,0.7388720940666602
M2w_quality_task_fe,C(task_id)[T.cmmlu-033],2.3955104272047762,0.9838542807779106,2.4348223858015867,0.014899101038268033,1239,0.7388720940666602
M2w_quality_task_fe,C(task_id)[T.cmmlu-034],3.187286395712086,1.7006688250945095,1.8741370152033936,0.06091154264075576,1239,0.7388720940666602
M2w_quality_task_fe,C(task_id)[T.cmmlu-035],2.691716477258122,1.1644671042022996,2.3115435958167674,0.020802848033921628,1239,0.7388720940666602
M2w_quality_task_fe,C(task_id)[T.cmmlu-036],3.257220330549236,0.1491639698617317,21.836508733097766,1.0443733268199595e-105,1239,0.7388720940666602
M2w_quality_task_fe,C(task_id)[T.cmmlu-037],3.0555977168355217,2.481346468477015,1.231427273721661,0.21816310151956364,1239,0.7388720940666602
M2w_quality_task_fe,C(task_id)[T.cmmlu-038],2.0131359969418603,0.8820031407537433,2.282458989002547,0.022462256091754465,1239,0.7388720940666602
M2w_quality_task_fe,C(task_id)[T.cmmlu-039],2.363634268806481,0.9855705775746186,2.3982394793309743,0.01647409069494578,1239,0.7388720940666602
M2w_quality_task_fe,C(task_id)[T.cmmlu-040],1.4387498536541683,0.9693576939621039,1.484230086185724,0.13774789069282645,1239,0.7388720940666602
M2w_quality_task_fe,C(task_id)[T.cmmlu-041],4.860687838953932,0.8179114694320792,5.942804350608966,2.801867788846276e-09,1239,0.7388720940666602
M2w_quality_task_fe,C(task_id)[T.cmmlu-042],3.555613071668579,1.680521646362844,2.1157793946683157,0.0343635743710146,1239,0.7388720940666602
M2w_quality_task_fe,C(task_id)[T.cmmlu-043],2.3414795349993596,1.102707271821552,2.1233917602914607,0.03372103709648686,1239,0.7388720940666602
M2w_quality_task_fe,C(task_id)[T.cmmlu-044],2.5833356025648406,1.1830814076756082,2.1835653791908554,0.028994199882440515,1239,0.7388720940666602
M2w_quality_task_fe,C(task_id)[T.cmmlu-045],4.6194547337667125,2.046510637122623,2.2572346558929337,0.023993415987746923,1239,0.7388720940666602
M2w_quality_task_fe,C(task_id)[T.code-001],6.038583722228436,0.6299159914749418,9.58633183464537,9.127236425254358e-22,1239,0.7388720940666602
M2w_quality_task_fe,C(task_id)[T.code-002],7.209340622110064,0.5961570435899685,12.09302263493608,1.149773496108761e-33,1239,0.7388720940666602
M2w_quality_task_fe,C(task_id)[T.code-003],6.750813955066606,0.6467571222900704,10.437942965611235,1.6637680695260754e-25,1239,0.7388720940666602
M2w_quality_task_fe,C(task_id)[T.code-004],6.482545203516962,0.7904554203253439,8.20102568320527,2.383445984642171e-16,1239,0.7388720940666602
M2w_quality_task_fe,C(task_id)[T.code-005],7.489076271448067,0.47352067251996977,15.81573246125222,2.423743943873762e-56,1239,0.7388720940666602
M2w_quality_task_fe,C(task_id)[T.code-006],7.195651888147359,0.5624392047753421,12.793652766473762,1.7791103055001428e-37,1239,0.7388720940666602
M2w_quality_task_fe,C(task_id)[T.code-007],7.225627271863142,0.4093993693531602,17.649336595900078,1.0295850054528103e-69,1239,0.7388720940666602
M2w_quality_task_fe,C(task_id)[T.code-008],6.431824552173375,0.6349127922070897,10.130248801280263,4.056160413213836e-24,1239,0.7388720940666602
M2w_quality_task_fe,C(task_id)[T.code-009],5.079904192777369,0.8994861319301253,5.64756254982705,1.627386333115195e-08,1239,0.7388720940666602
M2w_quality_task_fe,C(task_id)[T.code-010],5.8795026631538985,0.5187852973394804,11.333209891078496,8.985042600234756e-30,1239,0.7388720940666602
M2w_quality_task_fe,C(task_id)[T.code-011],6.967839022112503,0.45590889207227653,15.283402327252418,9.865280174445302e-53,1239,0.7388720940666602
M2w_quality_task_fe,C(task_id)[T.code-012],6.770123308838768,0.4919075746389829,13.762998697077283,4.255047811299904e-43,1239,0.7388720940666602
M2w_quality_task_fe,C(task_id)[T.code-013],6.735778777743495,0.6255344051824056,10.768038851163343,4.872696886564631e-27,1239,0.7388720940666602
M2w_quality_task_fe,C(task_id)[T.code-014],7.194474840295519,0.573154706893043,12.552413430041126,3.855761803712994e-36,1239,0.7388720940666602
M2w_quality_task_fe,C(task_id)[T.code-015],7.448774200455253,0.48393993474454455,15.39193950668115,1.8539090033425863e-53,1239,0.7388720940666602
M2w_quality_task_fe,C(task_id)[T.code-016],7.153595333033458,0.5424684901830166,13.187116786488367,1.0409068843115444e-39,1239,0.7388720940666602
M2w_quality_task_fe,C(task_id)[T.code-017],5.079975143735936,0.5014024768673577,10.131531809484471,4.00328194962495e-24,1239,0.7388720940666602
M2w_quality_task_fe,C(task_id)[T.code-018],6.9851789643831665,0.47196172684027515,14.800308090971841,1.4581320405333703e-49,1239,0.7388720940666602
M2w_quality_task_fe,C(task_id)[T.code-019],6.71318046379756,0.6342458637639565,10.58450807066826,3.5162285584730094e-26,1239,0.7388720940666602
M2w_quality_task_fe,C(task_id)[T.code-020],7.405596565003345,0.45931634500107876,16.123085201738142,1.7561838659408676e-58,1239,0.7388720940666602
M2w_quality_task_fe,C(task_id)[T.edu-001],4.838092469480746,0.622866991990867,7.767456827366582,8.007761943234417e-15,1239,0.7388720940666602
M2w_quality_task_fe,C(task_id)[T.edu-002],6.453453751405777,0.8506235827100939,7.586732701255495,3.280728970515311e-14,1239,0.7388720940666602
M2w_quality_task_fe,C(task_id)[T.edu-003],7.652430662779384,0.3134030691325158,24.417216729756138,1.1226148100102245e-131,1239,0.7388720940666602
M2w_quality_task_fe,C(task_id)[T.edu-004],6.741572199506132,0.2973989205133149,22.668448788819003,9.17711866120557e-114,1239,0.7388720940666602
M2w_quality_task_fe,C(task_id)[T.edu-005],7.440630443854218,0.2496297615182857,29.80666407162025,3.2021927989891177e-195,1239,0.7388720940666602
M2w_quality_task_fe,C(task_id)[T.edu-006],6.7190906637708325,0.6292282960230308,10.678303417437068,1.2860039392429931e-26,1239,0.7388720940666602
M2w_quality_task_fe,C(task_id)[T.edu-007],7.200580705061577,0.42342389847577566,17.005607692390388,7.4627316026517295e-65,1239,0.7388720940666602
M2w_quality_task_fe,C(task_id)[T.edu-008],6.964223185862039,0.47612607844979193,14.626846755667522,1.89362075176151e-48,1239,0.7388720940666602
M2w_quality_task_fe,C(task_id)[T.edu-009],7.63585507093743,0.4892933614782757,15.60588324327073,6.638461035079115e-55,1239,0.7388720940666602
M2w_quality_task_fe,C(task_id)[T.edu-010],7.437842268407591,0.46759055879882655,15.906741760386153,5.689858184284284e-57,1239,0.7388720940666602
M2w_quality_task_fe,C(task_id)[T.edu-011],7.188396942841397,0.419618031206292,17.130810423414452,8.742832913423024e-66,1239,0.7388720940666602
M2w_quality_task_fe,C(task_id)[T.edu-012],6.910868576925929,0.42865518384713314,16.12220926596908,1.7812574005482364e-58,1239,0.7388720940666602
M2w_quality_task_fe,C(task_id)[T.edu-013],6.00157597119459,0.7469352337580484,8.034934891207255,9.362860865735258e-16,1239,0.7388720940666602
M2w_quality_task_fe,C(task_id)[T.edu-014],6.740774465241616,0.6247344505568608,10.789823514988145,3.845272632902796e-27,1239,0.7388720940666602
M2w_quality_task_fe,C(task_id)[T.edu-015],6.7212528527450335,0.3324000514535509,20.220372479949063,6.479211587505696e-91,1239,0.7388720940666602
M2w_quality_task_fe,C(task_id)[T.edu-016],6.9779047457679315,0.2698336272343841,25.860026481083295,1.8767551864885921e-147,1239,0.7388720940666602
M2w_quality_task_fe,C(task_id)[T.edu-017],7.442830840911467,0.47065043852832794,15.813925222686246,2.494299620056474e-56,1239,0.7388720940666602
M2w_quality_task_fe,C(task_id)[T.edu-018],7.391825285952886,0.240539364638731,30.730210404666025,2.2481435153062606e-207,1239,0.7388720940666602
M2w_quality_task_fe,C(task_id)[T.edu-019],7.161779322256723,0.3767571230453283,19.00900841467323,1.4364202354730175e-80,1239,0.7388720940666602
M2w_quality_task_fe,C(task_id)[T.edu-020],6.721997441239813,0.6308615089468006,10.655266403020741,1.6477222326018893e-26,1239,0.7388720940666602
M2w_quality_task_fe,C(task_id)[T.es-001],7.206041303850273,0.1203441218277193,59.87863133162587,0.0,1239,0.7388720940666602
M2w_quality_task_fe,C(task_id)[T.es-002],6.710463415462029,0.8479462761830557,7.91378369590642,2.4968195132108953e-15,1239,0.7388720940666602
M2w_quality_task_fe,C(task_id)[T.es-003],6.962111056629977,0.9627314782097204,7.231622954280673,4.772557172291101e-13,1239,0.7388720940666602
M2w_quality_task_fe,C(task_id)[T.es-004],7.6747285013306845,0.2677960801187127,28.65885302700665,1.2434884789473678e-180,1239,0.7388720940666602
M2w_quality_task_fe,C(task_id)[T.es-005],7.185424178862452,0.3751298696979955,19.15449757345955,8.877791566550356e-82,1239,0.7388720940666602
M2w_quality_task_fe,C(task_id)[T.es-006],7.198114275690106,0.3668193529616826,19.623049377228497,9.827730458765123e-86,1239,0.7388720940666602
M2w_quality_task_fe,C(task_id)[T.es-007],5.652745386197353,1.9041770041823274,2.9686029049724283,0.0029915691546783473,1239,0.7388720940666602
M2w_quality_task_fe,C(task_id)[T.es-008],7.881731377612413,0.21722422201863556,36.283851332823474,2.90853855575105e-288,1239,0.7388720940666602
M2w_quality_task_fe,C(task_id)[T.es-009],7.427774033168073,0.25225320028379355,29.44570782377219,1.428783681677994e-190,1239,0.7388720940666602
M2w_quality_task_fe,C(task_id)[T.es-010],7.639528910747895,0.24063968850392978,31.746753655821564,3.5203137832974517e-221,1239,0.7388720940666602
M2w_quality_task_fe,C(task_id)[T.es-011],7.920300255800592,0.2355594840189979,33.62335542882162,7.646079574769587e-248,1239,0.7388720940666602
M2w_quality_task_fe,C(task_id)[T.es-012],7.917482870200051,0.23414898567468134,33.81386789862218,1.2335634003279067e-250,1239,0.7388720940666602
M2w_quality_task_fe,C(task_id)[T.es-013],7.913226848860456,0.2457527598803516,32.199951091955704,1.7676880455111588e-227,1239,0.7388720940666602
M2w_quality_task_fe,C(task_id)[T.es-014],7.198581893256923,0.3769527778480332,19.096773697630102,2.685791351448932e-81,1239,0.7388720940666602
M2w_quality_task_fe,C(task_id)[T.es-015],7.225249733866157,0.3799061002515536,19.018514651599386,1.1983043443876863e-80,1239,0.7388720940666602
M2w_quality_task_fe,C(task_id)[T.es-016],7.394980433215884,0.23426663801539688,31.566511116832,1.0643337633624418e-218,1239,0.7388720940666602
M2w_quality_task_fe,C(task_id)[T.es-017],7.191930536519136,0.1180495494806049,60.92298164764062,0.0,1239,0.7388720940666602
M2w_quality_task_fe,C(task_id)[T.es-018],7.437071191791458,0.4483272009496048,16.58848978165712,8.44164464924732e-62,1239,0.7388720940666602
M2w_quality_task_fe,C(task_id)[T.es-019],6.943200904568408,0.5852128922814519,11.864401820507313,1.8119284907712885e-32,1239,0.7388720940666602
M2w_quality_task_fe,C(task_id)[T.es-020],7.4023639742337295,0.22247606831633965,33.2726303114467,9.609824121415986e-243,1239,0.7388720940666602
M2w_quality_task_fe,C(task_id)[T.es-021],6.9735347326076385,0.25010175579873956,27.88278998816522,4.314489411599284e-171,1239,0.7388720940666602
M2w_quality_task_fe,C(task_id)[T.es-022],7.47326879332618,0.4503236822012327,16.595327069622464,7.533233404545969e-62,1239,0.7388720940666602
M2w_quality_task_fe,C(task_id)[T.es-023],6.238493918954498,1.0458152331424349,5.9651970264472585,2.4433902649742896e-09,1239,0.7388720940666602
M2w_quality_task_fe,C(task_id)[T.es-024],6.444557771128766,0.8511980944670345,7.57116094716346,3.699034153324037e-14,1239,0.7388720940666602
M2w_quality_task_fe,C(task_id)[T.es-025],7.167113056687409,0.38012929759928016,18.854408491930407,2.7034559328991636e-79,1239,0.7388720940666602
M2w_quality_task_fe,C(task_id)[T.es-026],7.693939473306443,0.31145612638940173,24.703124521901373,9.899199215601176e-135,1239,0.7388720940666602
M2w_quality_task_fe,C(task_id)[T.es-027],6.751487737488344,0.6189690148797761,10.907634429487077,1.0597822464044676e-27,1239,0.7388720940666602
M2w_quality_task_fe,C(task_id)[T.es-028],6.510498091469125,1.0893133757121072,5.976698934053825,2.2770445078768845e-09,1239,0.7388720940666602
M2w_quality_task_fe,C(task_id)[T.es-029],6.644552975720868,0.5907130873215445,11.248359175262388,2.359403579622908e-29,1239,0.7388720940666602
M2w_quality_task_fe,C(task_id)[T.es-030],6.929724701585958,0.22961193895282994,30.180158458613768,4.314430613875587e-200,1239,0.7388720940666602
M2w_quality_task_fe,C(task_id)[T.es-031],7.460873587640849,0.2352762859311184,31.711115967825,1.0918045597576444e-220,1239,0.7388720940666602
M2w_quality_task_fe,C(task_id)[T.es-032],7.209236715056337,0.37067509702212886,19.448937284896573,2.975335618092471e-84,1239,0.7388720940666602
M2w_quality_task_fe,C(task_id)[T.es-033],7.6490217346357,0.267781245457195,28.56444155219377,1.8587332185487614e-179,1239,0.7388720940666602
M2w_quality_task_fe,C(task_id)[T.es-034],7.49830236605888,0.2899396004497409,25.86160136258676,1.801745443523847e-147,1239,0.7388720940666602
M2w_quality_task_fe,C(task_id)[T.es-035],7.225917140359099,0.13268564814150208,54.45892032462357,0.0,1239,0.7388720940666602
M2w_quality_task_fe,C(task_id)[T.es-036],6.707278188509698,0.612977093700612,10.942135126154717,7.2472729338458625e-28,1239,0.7388720940666602
M2w_quality_task_fe,C(task_id)[T.es-037],7.172841781852457,0.38449852025159936,18.655056922348766,1.1487978479947495e-77,1239,0.7388720940666602
M2w_quality_task_fe,C(task_id)[T.es-038],6.990715796199933,0.2686810599317364,26.01864008566908,3.0473933527426903e-149,1239,0.7388720940666602
M2w_quality_task_fe,C(task_id)[T.es-039],7.444900591378996,0.22620771054666775,32.91178967059603,1.4905929629309752e-237,1239,0.7388720940666602
M2w_quality_task_fe,C(task_id)[T.es-040],7.191256691199614,0.3806172372127008,18.89367056484863,1.285860720517085e-79,1239,0.7388720940666602
M2w_quality_task_fe,C(task_id)[T.es-041],7.189767118099686,0.3797870677066442,18.93104776188224,6.329093351999426e-80,1239,0.7388720940666602
M2w_quality_task_fe,C(task_id)[T.es-042],7.455206101231221,0.24440004346693864,30.504111191943093,2.298448953310759e-204,1239,0.7388720940666602
M2w_quality_task_fe,C(task_id)[T.es-043],6.7242691675028645,0.30007378206636404,22.408719352948108,3.2361058040542603e-111,1239,0.7388720940666602
M2w_quality_task_fe,C(task_id)[T.es-044],6.931764382856229,0.24572587027152523,28.209339029694682,4.4919632467832927e-175,1239,0.7388720940666602
M2w_quality_task_fe,C(task_id)[T.es-045],6.722567347517207,0.6042978580046676,11.124592381833796,9.524019922900498e-29,1239,0.7388720940666602
M2w_quality_task_fe,C(task_id)[T.es-046],7.903839531067307,0.24913044036495194,31.72570770351848,6.869773715949291e-221,1239,0.7388720940666602
M2w_quality_task_fe,C(task_id)[T.es-047],7.161245476733793,0.3870214098203107,18.503486616047084,1.9353890113779454e-76,1239,0.7388720940666602
M2w_quality_task_fe,C(task_id)[T.es-048],8.122368793797337,0.08018144226850694,101.29985896983023,0.0,1239,0.7388720940666602
M2w_quality_task_fe,C(task_id)[T.es-049],7.412035777064529,0.4321143450189776,17.152950052465872,5.97411812074862e-66,1239,0.7388720940666602
M2w_quality_task_fe,C(task_id)[T.es-050],7.2117465307532065,0.38774306046774515,18.59929233047647,3.2557724153778107e-77,1239,0.7388720940666602
M2w_quality_task_fe,C(task_id)[T.es-051],6.972479830355653,0.470516083521282,14.818791693951265,1.107588794178674e-49,1239,0.7388720940666602
M2w_quality_task_fe,C(task_id)[T.es-052],6.695278000424336,0.6202916651637279,10.793757802077023,3.684106210814874e-27,1239,0.7388720940666602
M2w_quality_task_fe,C(task_id)[T.es-053],7.441882554503364,0.4220696967463901,17.631880734084028,1.402240210926825e-69,1239,0.7388720940666602
M2w_quality_task_fe,C(task_id)[T.es-054],7.917736746753936,0.22678918284674876,34.91232098183577,4.834084429208203e-267,1239,0.7388720940666602
M2w_quality_task_fe,C(task_id)[T.es-055],7.711021338563856,0.27208907978504043,28.340061808639373,1.1097288531006228e-176,1239,0.7388720940666602
M2w_quality_task_fe,C(task_id)[T.es-056],6.744319900374104,0.3237280767311316,20.833286900769863,2.1610908190851133e-96,1239,0.7388720940666602
M2w_quality_task_fe,C(task_id)[T.es-057],7.889239573524782,0.20349255567619076,38.76918026465106,0.0,1239,0.7388720940666602
M2w_quality_task_fe,C(task_id)[T.es-058],7.442990841776476,0.44015174351060965,16.910056478276942,3.793442779875358e-64,1239,0.7388720940666602
M2w_quality_task_fe,C(task_id)[T.es-059],6.261042457393575,0.5397851930168858,11.599137098222913,4.162540887855266e-31,1239,0.7388720940666602
M2w_quality_task_fe,C(task_id)[T.es-060],7.679170537561762,0.25673761559279423,29.910578236971407,1.4336372922421244e-196,1239,0.7388720940666602
M2w_quality_task_fe,C(task_id)[T.es-061],7.4341054687101265,0.2490539199677184,29.849381490055297,8.942506016971695e-196,1239,0.7388720940666602
M2w_quality_task_fe,C(task_id)[T.es-062],7.884221851090341,0.21353821979911813,36.92183000545414,2.063215508958011e-298,1239,0.7388720940666602
M2w_quality_task_fe,C(task_id)[T.es-063],5.978208680655797,0.6542015862654813,9.138175152986838,6.351500278046437e-20,1239,0.7388720940666602
M2w_quality_task_fe,C(task_id)[T.es-064],7.160912581364236,0.6545694570851052,10.939881938966174,7.429659467975094e-28,1239,0.7388720940666602
M2w_quality_task_fe,C(task_id)[T.es-065],6.15879820803659,1.1193366356712624,5.502185858808399,3.751112067126757e-08,1239,0.7388720940666602
M2w_quality_task_fe,C(task_id)[T.es-066],7.8970985749557165,0.218280247068289,36.17871374538581,1.3160668554746252e-286,1239,0.7388720940666602
M2w_quality_task_fe,C(task_id)[T.es-067],7.19720782785304,0.38316524147290554,18.7835613694672,1.0293838993520151e-78,1239,0.7388720940666602
M2w_quality_task_fe,C(task_id)[T.es-068],7.877902471848834,0.2354589565562232,33.45764623724449,1.9923978775560473e-245,1239,0.7388720940666602
M2w_quality_task_fe,C(task_id)[T.es-069],7.875851910292332,0.20077628440812892,39.22700299743897,0.0,1239,0.7388720940666602
M2w_quality_task_fe,C(task_id)[T.es-070],7.888311001890616,0.2214288513986328,35.62458528807291,5.832837692819326e-278,1239,0.7388720940666602
M2w_quality_task_fe,C(task_id)[T.mfg-001],7.3743712084135,0.4973909422277306,14.826106754949995,9.932917574719275e-50,1239,0.7388720940666602
M2w_quality_task_fe,C(task_id)[T.mfg-002],7.638788169702572,0.5031333318553173,15.182433136628697,4.623094389357546e-52,1239,0.7388720940666602
M2w_quality_task_fe,C(task_id)[T.mfg-003],6.9263667503521,0.4752998729665134,14.572624871793492,4.194590671200613e-48,1239,0.7388720940666602
M2w_quality_task_fe,C(task_id)[T.mfg-004],7.390665804051421,0.4639105883347284,15.931228969317653,3.847207156983811e-57,1239,0.7388720940666602
M2w_quality_task_fe,C(task_id)[T.mfg-005],7.175752689894434,0.39056963631792674,18.37253084377843,2.1800509785453636e-75,1239,0.7388720940666602
M2w_quality_task_fe,C(task_id)[T.mfg-006],6.684534969137206,0.4680602778910862,14.281354955509904,2.8598641016395608e-46,1239,0.7388720940666602
M2w_quality_task_fe,C(task_id)[T.mfg-007],7.485287869241244,0.6317073045644396,11.849297633818448,2.1700195643049072e-32,1239,0.7388720940666602
M2w_quality_task_fe,C(task_id)[T.mfg-008],6.930217707542499,0.482249241820348,14.37061400321332,7.912661257586295e-47,1239,0.7388720940666602
M2w_quality_task_fe,C(task_id)[T.mfg-009],6.674461136641622,0.30919263266751895,21.58674053472291,2.3930672685006793e-103,1239,0.7388720940666602
M2w_quality_task_fe,C(task_id)[T.mfg-010],6.493581510473239,0.8389184328959641,7.740420588992494,9.908847624536808e-15,1239,0.7388720940666602
M2w_quality_task_fe,C(task_id)[T.mfg-011],7.117200725266171,0.415052732512587,17.14770237068692,6.538709892310689e-66,1239,0.7388720940666602
M2w_quality_task_fe,C(task_id)[T.mfg-012],7.371648161826468,0.486321022840222,15.157987863190487,6.709348798890709e-52,1239,0.7388720940666602
M2w_quality_task_fe,C(task_id)[T.mfg-013],7.351109567460717,0.48949219431288954,15.017827971250131,5.611657239738808e-51,1239,0.7388720940666602
M2w_quality_task_fe,C(task_id)[T.mfg-014],6.941548664916403,0.45526727967219394,15.24719428533174,1.7186085719059186e-52,1239,0.7388720940666602
M2w_quality_task_fe,C(task_id)[T.mfg-015],7.142688006326988,0.5572988406623228,12.816620967375865,1.3234341972446085e-37,1239,0.7388720940666602
M2w_quality_task_fe,C(task_id)[T.mfg-016],7.4129100750975505,0.4868141766345354,15.227391540535647,2.3269162166325466e-52,1239,0.7388720940666602
M2w_quality_task_fe,C(task_id)[T.mfg-017],6.183416658997141,0.7174107109052451,8.619074910653014,6.749718910428521e-18,1239,0.7388720940666602
M2w_quality_task_fe,C(task_id)[T.mfg-018],7.151935223178465,0.574981653717127,12.438545085643714,1.6141729326103461e-35,1239,0.7388720940666602
M2w_quality_task_fe,C(task_id)[T.mfg-019],7.594355857814315,0.28693809113982804,26.46687941516103,2.3329728626000325e-154,1239,0.7388720940666602
M2w_quality_task_fe,C(task_id)[T.mfg-020],7.127865706392961,0.5575882919164376,12.783384819459538,2.03037116568307e-37,1239,0.7388720940666602
M2w_quality_task_fe,C(task_id)[T.mfg-021],6.72204711949865,0.5003169377332937,13.435577755878422,3.7413682544801104e-41,1239,0.7388720940666602
M2w_quality_task_fe,C(task_id)[T.mfg-022],7.635797982920614,0.30028523429361986,25.428483025090426,1.2214111257663632e-142,1239,0.7388720940666602
M2w_quality_task_fe,C(task_id)[T.mfg-023],7.66092294640461,0.49083367481001905,15.607981561920806,6.423727017373375e-55,1239,0.7388720940666602
M2w_quality_task_fe,C(task_id)[T.mfg-024],6.67933082437142,0.6437862848959542,10.375074743089476,3.2196033874005995e-25,1239,0.7388720940666602
M2w_quality_task_fe,C(task_id)[T.mfg-025],7.610920786799212,0.3190311809934804,23.85635398740146,8.699952388274546e-126,1239,0.7388720940666602
M2w_quality_task_fe,C(task_id)[T.mfg-026],6.361689605573912,0.8544804464200316,7.445096762865813,9.687338770558693e-14,1239,0.7388720940666602
M2w_quality_task_fe,C(task_id)[T.mfg-027],7.864201922113487,0.2686641599352935,29.27149614599708,2.3921316763568577e-188,1239,0.7388720940666602
M2w_quality_task_fe,C(task_id)[T.mfg-028],6.878806811702871,0.9600130955414596,7.165326018623878,7.760165346601362e-13,1239,0.7388720940666602
M2w_quality_task_fe,C(task_id)[T.mfg-029],7.176557434106738,0.3870220992467657,18.543017176729634,9.286270901676613e-77,1239,0.7388720940666602
M2w_quality_task_fe,C(task_id)[T.mfg-030],7.428682444738237,0.49530393455753213,14.998230230846989,7.540315419788735e-51,1239,0.7388720940666602
M2w_quality_task_fe,C(task_id)[T.ps-001],7.6056158517320664,0.1792765301709034,42.42393493717037,0.0,1239,0.7388720940666602
M2w_quality_task_fe,C(task_id)[T.ps-002],6.924933347271269,0.9040524089084379,7.659880421791591,1.8610628296029334e-14,1239,0.7388720940666602
M2w_quality_task_fe,C(task_id)[T.ps-003],7.728335481033038,0.21761334026296716,35.51407037681607,2.9813513865283455e-276,1239,0.7388720940666602
M2w_quality_task_fe,C(task_id)[T.ps-004],7.572435577132669,0.46854202762914526,16.161699763519,9.39354520682836e-59,1239,0.7388720940666602
M2w_quality_task_fe,C(task_id)[T.ps-005],7.843348734386255,0.20531476427486803,38.20158166455999,0.0,1239,0.7388720940666602
M2w_quality_task_fe,C(task_id)[T.ps-006],7.461137813609278,0.31898188977959524,23.390474671664432,5.342554174678764e-121,1239,0.7388720940666602
M2w_quality_task_fe,C(task_id)[T.ps-007],6.428387232388402,0.5906111487728494,10.884297131446086,1.3695100393268083e-27,1239,0.7388720940666602
M2w_quality_task_fe,C(task_id)[T.ps-008],6.746701525729697,0.7101158151420806,9.500846737767432,2.081904738874733e-21,1239,0.7388720940666602
M2w_quality_task_fe,C(task_id)[T.ps-009],7.146898659433124,0.40808660324774937,17.513191078939297,1.136411491127035e-68,1239,0.7388720940666602
M2w_quality_task_fe,C(task_id)[T.ps-010],7.317512485951528,0.7019903104947717,10.423950838857095,1.9277507196494439e-25,1239,0.7388720940666602
M2w_quality_task_fe,C(task_id)[T.ps-011],5.833434993952071,0.6105858804150965,9.5538321161084,1.2498560708276492e-21,1239,0.7388720940666602
M2w_quality_task_fe,C(task_id)[T.ps-012],7.343916715337538,0.6220583794784313,11.805831988783899,3.641709121108527e-32,1239,0.7388720940666602
M2w_quality_task_fe,C(task_id)[T.ps-013],7.451811270596244,0.3557565220571308,20.946379921601437,2.0244834216993068e-97,1239,0.7388720940666602
M2w_quality_task_fe,C(task_id)[T.ps-014],7.365648349212014,0.6303319940382595,11.685347434172822,1.514589598213555e-31,1239,0.7388720940666602
M2w_quality_task_fe,C(task_id)[T.ps-015],7.914977248758463,0.18238572940005562,43.3969109030306,0.0,1239,0.7388720940666602
M2w_quality_task_fe,C(task_id)[T.ps-016],7.930475285525659,0.23578531357551627,33.63430556918772,5.288991494674669e-248,1239,0.7388720940666602
M2w_quality_task_fe,C(task_id)[T.ps-017],7.3345031422311,0.6190068410465697,11.848824045030714,2.1823170603423772e-32,1239,0.7388720940666602
M2w_quality_task_fe,C(task_id)[T.ps-018],7.626406017333341,0.37779564934528553,20.186590371143218,1.2842744758235855e-90,1239,0.7388720940666602
M2w_quality_task_fe,C(task_id)[T.ps-019],7.186467421953243,0.34501165358071006,20.829636759710443,2.332230955960244e-96,1239,0.7388720940666602
M2w_quality_task_fe,C(task_id)[T.ps-020],6.922464248304604,0.7759507613089784,8.921267422467448,4.609820001392729e-19,1239,0.7388720940666602
M2w_quality_task_fe,C(task_id)[T.ps-021],7.734207708269172,0.43834781906366355,17.643997236691835,1.1316518334526496e-69,1239,0.7388720940666602
M2w_quality_task_fe,C(task_id)[T.ps-022],7.1269379462344284,0.8081762689450122,8.818543949004942,1.1595769133378154e-18,1239,0.7388720940666602
M2w_quality_task_fe,C(task_id)[T.ps-023],6.927494123198871,0.507993417627218,13.636976155235324,2.4136290186217608e-42,1239,0.7388720940666602
M2w_quality_task_fe,C(task_id)[T.ps-024],6.951058870667062,0.7854530851773017,8.849744181853952,8.772013511857144e-19,1239,0.7388720940666602
M2w_quality_task_fe,C(task_id)[T.ps-025],7.132348285680235,0.6525318771819605,10.93026798396756,8.260411493670426e-28,1239,0.7388720940666602
M2w_quality_task_fe,C(task_id)[T.ps-026],6.102117091191128,0.8991372973678119,6.786635488322895,1.1477871338877457e-11,1239,0.7388720940666602
M2w_quality_task_fe,C(task_id)[T.ps-027],8.053706394620551,0.034492466510704395,233.4917507891517,0.0,1239,0.7388720940666602
M2w_quality_task_fe,C(task_id)[T.ps-028],6.4654947317707725,0.8135771975416716,7.946995996577951,1.9108858512080885e-15,1239,0.7388720940666602
M2w_quality_task_fe,C(task_id)[T.ps-029],7.300017432025343,0.33046071977830666,22.090424050769613,3.9071111466462805e-108,1239,0.7388720940666602
M2w_quality_task_fe,C(task_id)[T.ps-030],6.788335565517775,0.5453308054005955,12.44810580713686,1.4320354410262808e-35,1239,0.7388720940666602
M2w_quality_task_fe,C(task_id)[T.ps-031],7.582305204468156,0.37608568324037733,20.161110997734742,2.150000085445855e-90,1239,0.7388720940666602
M2w_quality_task_fe,C(task_id)[T.ps-032],8.12056506587427,0.07214479685422497,112.5592616510183,0.0,1239,0.7388720940666602
M2w_quality_task_fe,C(task_id)[T.ps-033],6.642578556431678,0.6100106668817356,10.889282625806104,1.2965754135882052e-27,1239,0.7388720940666602
M2w_quality_task_fe,C(task_id)[T.ps-034],6.832961291578727,0.5183606161361879,13.18186814135493,1.1159283931427902e-39,1239,0.7388720940666602
M2w_quality_task_fe,C(task_id)[T.ps-035],6.270498195988259,1.0246963355186434,6.119372128733619,9.394478198109062e-10,1239,0.7388720940666602
M2w_quality_task_fe,C(task_id)[T.ps-036],6.771690746420176,0.714051847050544,9.48347206773746,2.4595987633508327e-21,1239,0.7388720940666602
M2w_quality_task_fe,C(task_id)[T.ps-037],7.866039994951426,0.21472833476854294,36.63251989277652,8.686663920869587e-294,1239,0.7388720940666602
M2w_quality_task_fe,C(task_id)[T.ps-038],8.116290873454982,0.07709248374916389,105.27992456259406,0.0,1239,0.7388720940666602
M2w_quality_task_fe,C(task_id)[T.ps-039],7.631742731679069,0.36963142297353824,20.64689920106014,1.0409010527401398e-94,1239,0.7388720940666602
M2w_quality_task_fe,C(task_id)[T.ps-040],6.011136933471868,0.8360175610929289,7.190204145488866,6.469451769318755e-13,1239,0.7388720940666602
M2w_quality_task_fe,C(task_id)[T.ps-041],7.932525937517944,0.1794081155733577,44.21497830333341,0.0,1239,0.7388720940666602
M2w_quality_task_fe,C(task_id)[T.ps-042],6.49011577464988,0.5992743385882542,10.829957761814109,2.4826981559233755e-27,1239,0.7388720940666602
M2w_quality_task_fe,C(task_id)[T.ps-043],7.624469808560947,0.2520142091208376,30.254126682615386,4.604340868054804e-201,1239,0.7388720940666602
M2w_quality_task_fe,C(task_id)[T.ps-044],6.817876636400543,0.4596387896200147,14.833118506027112,8.947767691095622e-50,1239,0.7388720940666602
M2w_quality_task_fe,C(task_id)[T.ps-045],6.5817533936541235,0.44287581127528564,14.86139731745926,5.868819616363426e-50,1239,0.7388720940666602
M2w_quality_task_fe,C(task_id)[T.ps-046],7.544019007135563,0.23667721620028506,31.874715818659677,5.984274983590866e-223,1239,0.7388720940666602
M2w_quality_task_fe,C(task_id)[T.ps-047],7.531821536749886,0.4186052626307679,17.99265849983676,2.224264151936099e-72,1239,0.7388720940666602
M2w_quality_task_fe,C(task_id)[T.ps-048],6.4148141354326595,0.7821337118598812,8.201684747967837,2.3704124689090627e-16,1239,0.7388720940666602
M2w_quality_task_fe,C(task_id)[T.ps-049],6.77722703185573,0.5422178598073767,12.49908484066413,7.551559040668114e-36,1239,0.7388720940666602
M2w_quality_task_fe,C(task_id)[T.ps-050],6.977673972891915,0.6099288162032508,11.440144796448994,2.634454865073415e-30,1239,0.7388720940666602
M2w_quality_task_fe,C(task_id)[T.ps-051],7.430944185339626,0.2257654355142234,32.9144457760518,1.3657076766696412e-237,1239,0.7388720940666602
M2w_quality_task_fe,C(task_id)[T.ps-052],7.648336296065903,0.28387154945671306,26.94294764904639,6.899956388139345e-160,1239,0.7388720940666602
M2w_quality_task_fe,C(task_id)[T.ps-053],7.3526592162127935,0.4334872488830352,16.96165051027074,1.5784754339309178e-64,1239,0.7388720940666602
M2w_quality_task_fe,C(task_id)[T.ps-054],7.709944994388709,0.2813326476113054,27.405084549735296,2.3853926706119604e-165,1239,0.7388720940666602
M2w_quality_task_fe,C(task_id)[T.ps-055],7.918437653636208,0.24519954560619556,32.29385125514739,8.53305176683062e-229,1239,0.7388720940666602
M2w_quality_task_fe,C(task_id)[T.ps-056],7.6565344121937455,0.2672708473128248,28.64709896037491,1.7421481773328265e-180,1239,0.7388720940666602
M2w_quality_task_fe,C(task_id)[T.ps-057],7.892965304155219,0.24854916468889332,31.756153009143162,2.611204360151636e-221,1239,0.7388720940666602
M2w_quality_task_fe,C(task_id)[T.ps-058],8.134935379111935,0.08301047320774466,97.99890381004319,0.0,1239,0.7388720940666602
M2w_quality_task_fe,C(task_id)[T.ps-059],7.664433151240811,0.25643690665067326,29.88818283353243,2.8026652090932546e-196,1239,0.7388720940666602
M2w_quality_task_fe,C(task_id)[T.ps-060],7.894003871074879,0.27510049900046235,28.694982014778578,4.4069418554745136e-181,1239,0.7388720940666602
M2w_quality_task_fe,C(task_id)[T.ps-061],7.440738683838658,0.2379993576555335,31.263692293690777,1.4545734522218584e-214,1239,0.7388720940666602
M2w_quality_task_fe,C(task_id)[T.ps-062],8.172798738816033,0.1056102133884719,77.38644281262432,0.0,1239,0.7388720940666602
M2w_quality_task_fe,C(task_id)[T.ps-063],7.912520462701298,0.2506796982589845,31.56426514654028,1.1426098225338411e-218,1239,0.7388720940666602
M2w_quality_task_fe,C(task_id)[T.ps-064],7.881958684111975,0.22451158483615793,35.10713574029599,5.246072451152032e-270,1239,0.7388720940666602
M2w_quality_task_fe,C(task_id)[T.ps-065],8.09609375821721,0.07221805070046215,112.10623493283238,0.0,1239,0.7388720940666602
M2w_quality_task_fe,C(task_id)[T.ps-066],7.403932401356112,0.23385373469666834,31.660526657655275,5.4324441701023886e-220,1239,0.7388720940666602
M2w_quality_task_fe,C(task_id)[T.ps-067],7.416790950049036,0.23089235760618354,32.12228861511009,2.1537484409878434e-226,1239,0.7388720940666602
M2w_quality_task_fe,C(task_id)[T.ps-068],7.9171020635741876,0.2214842572276837,35.74566500875718,7.725612629956567e-280,1239,0.7388720940666602
M2w_quality_task_fe,C(task_id)[T.ps-069],7.660609262791281,0.25971182254984054,29.496575040672845,3.185380059855086e-191,1239,0.7388720940666602
M2w_quality_task_fe,C(task_id)[T.ps-070],7.884376841405501,0.23259078187866775,33.89806241555364,7.114308824923426e-252,1239,0.7388720940666602
M2w_quality_task_fe,log_tokens,0.18005108694364716,0.10125463414574108,1.7782009530989982,0.07537085647259287,1239,0.7388720940666602
M3w_value_task_policy_fe,Intercept,13.181142585097383,3.933938796736143,3.3506221794892523,0.0008063023094533412,1239,0.743873946946438
M3w_value_task_policy_fe,C(task_id)[T.ceval-002],0.5564437162482032,3.8331546374068157,0.14516599743146427,0.884579811634258,1239,0.743873946946438
M3w_value_task_policy_fe,C(task_id)[T.ceval-003],0.1911145567514602,2.693709667835877,0.07094846153371881,0.9434387737969679,1239,0.743873946946438
M3w_value_task_policy_fe,C(task_id)[T.ceval-004],2.7421165560160103,4.169652100366426,0.6576367740068854,0.5107715586087593,1239,0.743873946946438
M3w_value_task_policy_fe,C(task_id)[T.ceval-005],8.839555581446115,5.233353251265247,1.689080625182145,0.0912039802312999,1239,0.743873946946438
M3w_value_task_policy_fe,C(task_id)[T.ceval-006],-0.6962699257859047,4.341553395757864,-0.160373456760023,0.8725868974086717,1239,0.743873946946438
M3w_value_task_policy_fe,C(task_id)[T.ceval-007],2.6676065112365923,3.1544036723976014,0.8456769609353758,0.3977329790883706,1239,0.743873946946438
M3w_value_task_policy_fe,C(task_id)[T.ceval-008],-0.26755951662507604,4.485904507103798,-0.05964449671217334,0.9524387781784223,1239,0.743873946946438
M3w_value_task_policy_fe,C(task_id)[T.ceval-009],-0.07109713056789485,3.352093522730356,-0.02120976938315988,0.983078321195543,1239,0.743873946946438
M3w_value_task_policy_fe,C(task_id)[T.ceval-010],2.0801297785370965,3.499744658532197,0.5943661556753426,0.5522672397893453,1239,0.743873946946438
M3w_value_task_policy_fe,C(task_id)[T.ceval-011],4.103205267663161,3.8716270323643656,1.0598141900970695,0.28922913987320187,1239,0.743873946946438
M3w_value_task_policy_fe,C(task_id)[T.ceval-012],-0.05167255398893003,5.019330177319945,-0.01029471107966052,0.9917861540572411,1239,0.743873946946438
M3w_value_task_policy_fe,C(task_id)[T.ceval-013],-1.6134638260418146,3.1150312515057865,-0.5179607187766981,0.6044856764675207,1239,0.743873946946438
M3w_value_task_policy_fe,C(task_id)[T.ceval-014],-2.065980265775717,3.813084513553875,-0.5418133950170908,0.58794706273127,1239,0.743873946946438
M3w_value_task_policy_fe,C(task_id)[T.ceval-015],3.3289312972718013,3.7832259786632023,0.8799187032565458,0.3789033518464273,1239,0.743873946946438
M3w_value_task_policy_fe,C(task_id)[T.ceval-016],1.71411449818557,2.4048408168458555,0.7127766986397756,0.4759839466453968,1239,0.743873946946438
M3w_value_task_policy_fe,C(task_id)[T.ceval-017],8.71018153787496,4.140241023742583,2.1037861051870275,0.03539710939531024,1239,0.743873946946438
M3w_value_task_policy_fe,C(task_id)[T.ceval-018],6.150364162782469,3.7668919015938234,1.6327424103091905,0.10252318374511786,1239,0.743873946946438
M3w_value_task_policy_fe,C(task_id)[T.ceval-019],3.1079648232939245,3.080664498706835,1.0088618298417595,0.31304090329163625,1239,0.743873946946438
M3w_value_task_policy_fe,C(task_id)[T.ceval-020],4.589708327349562,3.04527440878876,1.5071575533894468,0.1317702773964143,1239,0.743873946946438
M3w_value_task_policy_fe,C(task_id)[T.ceval-021],-0.028111425417550254,3.055055701763545,-0.009201608141325477,0.9926582825329955,1239,0.743873946946438
M3w_value_task_policy_fe,C(task_id)[T.ceval-022],6.97923560890729,3.2870972552601483,2.1232215133698373,0.03373529402468559,1239,0.743873946946438
M3w_value_task_policy_fe,C(task_id)[T.ceval-023],8.763398360594893,2.132544584859039,4.109362318994213,3.967531740970534e-05,1239,0.743873946946438
M3w_value_task_policy_fe,C(task_id)[T.ceval-024],4.50471523362742,5.347381850682361,0.8424151032065511,0.39955564197497895,1239,0.743873946946438
M3w_value_task_policy_fe,C(task_id)[T.ceval-025],8.359601152979044,2.4860607571231963,3.3625892404385778,0.0007721516397372535,1239,0.743873946946438
M3w_value_task_policy_fe,C(task_id)[T.ceval-026],5.446428092394455,2.6781196608540463,2.0336761542079866,0.04198425794649901,1239,0.743873946946438
M3w_value_task_policy_fe,C(task_id)[T.ceval-027],0.6215879160176943,2.915716742768212,0.21318528885201385,0.8311824423252672,1239,0.743873946946438
M3w_value_task_policy_fe,C(task_id)[T.ceval-028],-1.1148311772246606,4.104086271037753,-0.2716393135037013,0.7858993678424873,1239,0.743873946946438
M3w_value_task_policy_fe,C(task_id)[T.ceval-029],4.282436550669266,3.787805041614467,1.1305852607567082,0.25822969405301466,1239,0.743873946946438
M3w_value_task_policy_fe,C(task_id)[T.ceval-030],8.059535741869817,1.8409615610027166,4.377894635388275,1.1983125324069021e-05,1239,0.743873946946438
M3w_value_task_policy_fe,C(task_id)[T.ceval-031],0.08736508388689956,4.253956384972734,0.020537371797115764,0.9836146999736249,1239,0.743873946946438
M3w_value_task_policy_fe,C(task_id)[T.ceval-032],3.4886580213064837,3.3580005405109956,1.0389093090424595,0.29884691655095286,1239,0.743873946946438
M3w_value_task_policy_fe,C(task_id)[T.ceval-033],-0.19078165691721097,3.836952090283501,-0.04972218897398708,0.9603437740831555,1239,0.743873946946438
M3w_value_task_policy_fe,C(task_id)[T.ceval-034],4.7097085970385155,2.5474655750569757,1.8487820377840356,0.06448929205563196,1239,0.743873946946438
M3w_value_task_policy_fe,C(task_id)[T.ceval-035],0.08304859476707799,3.686521414619905,0.022527631180365902,0.9820270710953439,1239,0.743873946946438
M3w_value_task_policy_fe,C(task_id)[T.ceval-036],-1.0795163335690001,3.942891584622663,-0.2737879828547988,0.7842475591803895,1239,0.743873946946438
M3w_value_task_policy_fe,C(task_id)[T.ceval-037],3.960549194167802,4.880839101820872,0.8114484234258529,0.4171082004913288,1239,0.743873946946438
M3w_value_task_policy_fe,C(task_id)[T.ceval-038],2.2048456079671164,3.5213663039322554,0.6261335565984713,0.5312273436760347,1239,0.743873946946438
M3w_value_task_policy_fe,C(task_id)[T.ceval-039],2.684297122037119,2.7556245661582732,0.9741156886910053,0.32999910058725035,1239,0.743873946946438
M3w_value_task_policy_fe,C(task_id)[T.ceval-040],4.2330229742608445,2.848814768354426,1.4858891568811914,0.13730844214150645,1239,0.743873946946438
M3w_value_task_policy_fe,C(task_id)[T.ceval-041],-2.7549888215144884,3.2924940289091715,-0.8367483121684619,0.40273405662135475,1239,0.743873946946438
M3w_value_task_policy_fe,C(task_id)[T.ceval-042],2.8907989772289953,3.782489879240832,0.7642582186655303,0.44471337864971927,1239,0.743873946946438
M3w_value_task_policy_fe,C(task_id)[T.ceval-043],-2.0136149830714007,2.909943123884887,-0.6919774364466432,0.48895149889580314,1239,0.743873946946438
M3w_value_task_policy_fe,C(task_id)[T.ceval-044],0.19319903407572975,2.9835496773527286,0.0647547569065963,0.9483692645599359,1239,0.743873946946438
M3w_value_task_policy_fe,C(task_id)[T.ceval-045],-0.5650795551492391,4.04052542806626,-0.1398529882336809,0.8887761460915176,1239,0.743873946946438
M3w_value_task_policy_fe,C(task_id)[T.cmmlu-001],4.423108710584134,5.0040667347312375,0.8839028224554031,0.37674867348060226,1239,0.743873946946438
M3w_value_task_policy_fe,C(task_id)[T.cmmlu-002],0.88089715476244,3.340402159533254,0.2637099105712246,0.7920034582609415,1239,0.743873946946438
M3w_value_task_policy_fe,C(task_id)[T.cmmlu-003],2.2213266091444144,2.8430123865498493,0.781328501997881,0.4346093107720881,1239,0.743873946946438
M3w_value_task_policy_fe,C(task_id)[T.cmmlu-004],-2.497745962324112,3.3511941824919638,-0.745330120042992,0.45607217693087154,1239,0.743873946946438
M3w_value_task_policy_fe,C(task_id)[T.cmmlu-005],0.4924366799336825,4.230545772174898,0.1164002723177071,0.9073353195834605,1239,0.743873946946438
M3w_value_task_policy_fe,C(task_id)[T.cmmlu-006],-0.6055858238213215,3.353652001922365,-0.1805750338658246,0.8567011537931581,1239,0.743873946946438
M3w_value_task_policy_fe,C(task_id)[T.cmmlu-007],7.5541316262725,6.141933580338223,1.2299272741169094,0.21872433979172756,1239,0.743873946946438
M3w_value_task_policy_fe,C(task_id)[T.cmmlu-008],-0.2816641465732168,3.9987723016700083,-0.07043765569136941,0.943845320756536,1239,0.743873946946438
M3w_value_task_policy_fe,C(task_id)[T.cmmlu-009],3.6137755611082745,4.270579449733306,0.8462026297939385,0.39743971514227483,1239,0.743873946946438
M3w_value_task_policy_fe,C(task_id)[T.cmmlu-010],-3.0213007696791183,3.868098483595799,-0.7810816561398678,0.4347544701132716,1239,0.743873946946438
M3w_value_task_policy_fe,C(task_id)[T.cmmlu-011],-0.5735442966472214,3.3004428258677136,-0.17377798280642293,0.8620399482782033,1239,0.743873946946438
M3w_value_task_policy_fe,C(task_id)[T.cmmlu-012],-2.5945542892490416,4.213663389786496,-0.6157478776159446,0.5380609328380923,1239,0.743873946946438
M3w_value_task_policy_fe,C(task_id)[T.cmmlu-013],-1.856941336005457,3.442150442740332,-0.5394712889210985,0.5895617026644637,1239,0.743873946946438
M3w_value_task_policy_fe,C(task_id)[T.cmmlu-014],-1.8149737759168731,3.3175079414441213,-0.5470895045173003,0.5843172424790664,1239,0.743873946946438
M3w_value_task_policy_fe,C(task_id)[T.cmmlu-015],-0.4010175032897606,2.7437351831522325,-0.1461575102991675,0.8837970471535013,1239,0.743873946946438
M3w_value_task_policy_fe,C(task_id)[T.cmmlu-016],5.847645905578866,2.8476750115277816,2.0534807806041027,0.040025971862249723,1239,0.743873946946438
M3w_value_task_policy_fe,C(task_id)[T.cmmlu-017],5.5900710590447975,3.9281472085906595,1.4230808475862602,0.15471271974042483,1239,0.743873946946438
M3w_value_task_policy_fe,C(task_id)[T.cmmlu-018],-2.0907797207500503,3.8874798101782546,-0.5378239432333363,0.5906986003887416,1239,0.743873946946438
M3w_value_task_policy_fe,C(task_id)[T.cmmlu-019],7.318658158561465,6.01100471364441,1.21754324064142,0.22339759491070643,1239,0.743873946946438
M3w_value_task_policy_fe,C(task_id)[T.cmmlu-020],-2.219873806752076,3.896151777033942,-0.5697606083616227,0.5688400762192588,1239,0.743873946946438
M3w_value_task_policy_fe,C(task_id)[T.cmmlu-021],1.0621967833502934,3.7162516486663564,0.2858247728545191,0.7750123333082288,1239,0.743873946946438
M3w_value_task_policy_fe,C(task_id)[T.cmmlu-022],0.594581548277991,4.536443432246543,0.13106777526454058,0.8957216928270778,1239,0.743873946946438
M3w_value_task_policy_fe,C(task_id)[T.cmmlu-023],2.7940876513619113,2.646777172001216,1.0556565474868873,0.2911251560031085,1239,0.743873946946438
M3w_value_task_policy_fe,C(task_id)[T.cmmlu-024],1.452626693669597,3.435930984217024,0.4227752828395708,0.6724592229795151,1239,0.743873946946438
M3w_value_task_policy_fe,C(task_id)[T.cmmlu-025],5.766585602220221,4.1663824435543715,1.3840749571949291,0.16633550409498732,1239,0.743873946946438
M3w_value_task_policy_fe,C(task_id)[T.cmmlu-026],6.870877850383446,4.450673975949,1.5437836802949367,0.12264074616729935,1239,0.743873946946438
M3w_value_task_policy_fe,C(task_id)[T.cmmlu-027],3.5958777496946976,4.1062023464746025,0.875718595013213,0.38118303390558994,1239,0.743873946946438
M3w_value_task_policy_fe,C(task_id)[T.cmmlu-028],3.3965730403477226,3.020031165702334,1.1246814532650098,0.2607240436886845,1239,0.743873946946438
M3w_value_task_policy_fe,C(task_id)[T.cmmlu-029],5.181292339776633,4.485735093629691,1.1550598133034473,0.24806593340948357,1239,0.743873946946438
M3w_value_task_policy_fe,C(task_id)[T.cmmlu-030],2.3306426597263044,3.569722771926206,0.6528917814166001,0.5138260477121006,1239,0.743873946946438
M3w_value_task_policy_fe,C(task_id)[T.cmmlu-031],1.5274738714997316,4.666179489361347,0.32735000335548486,0.743403176601581,1239,0.743873946946438
M3w_value_task_policy_fe,C(task_id)[T.cmmlu-032],1.1369917180856985,4.081100263670668,0.2785993101436457,0.7805523421796261,1239,0.743873946946438
M3w_value_task_policy_fe,C(task_id)[T.cmmlu-033],-0.23175286384163302,4.193123042749625,-0.05526975036956271,0.9559235610247878,1239,0.743873946946438
M3w_value_task_policy_fe,C(task_id)[T.cmmlu-034],5.797829764673743,2.8923689035850395,2.0045263788749206,0.04501370409792368,1239,0.743873946946438
M3w_value_task_policy_fe,C(task_id)[T.cmmlu-035],0.9983777204646264,4.383296732512119,0.22776868220200194,0.819826074759237,1239,0.743873946946438
M3w_value_task_policy_fe,C(task_id)[T.cmmlu-036],4.108598693317536,3.0886545268608803,1.3302228065931556,0.18344487198753756,1239,0.743873946946438
M3w_value_task_policy_fe,C(task_id)[T.cmmlu-037],8.107121711747002,6.660696861036424,1.2171581864311882,0.22354403573258552,1239,0.743873946946438
M3w_value_task_policy_fe,C(task_id)[T.cmmlu-038],0.7861519497010646,3.6962902842863414,0.2126867451517949,0.8315713060704428,1239,0.743873946946438
M3w_value_task_policy_fe,C(task_id)[T.cmmlu-039],0.538205201971794,4.156794944795145,0.12947600473910742,0.8969810105639389,1239,0.743873946946438
M3w_value_task_policy_fe,C(task_id)[T.cmmlu-040],-1.9428535786703316,3.5282924924361834,-0.5506498066232733,0.5818737588659262,1239,0.743873946946438
M3w_value_task_policy_fe,C(task_id)[T.cmmlu-041],7.301820130116293,2.144623093841527,3.4047102034311334,0.0006623430229665168,1239,0.743873946946438
M3w_value_task_policy_fe,C(task_id)[T.cmmlu-042],5.285910477983367,4.479125830262673,1.180121005368894,0.23795209133605333,1239,0.743873946946438
M3w_value_task_policy_fe,C(task_id)[T.cmmlu-043],1.2400121379765838,4.273944677626517,0.2901329407626328,0.7717145360055151,1239,0.743873946946438
M3w_value_task_policy_fe,C(task_id)[T.cmmlu-044],3.616281911027251,3.5902331460992616,1.007255452185965,0.31381203142982383,1239,0.743873946946438
M3w_value_task_policy_fe,C(task_id)[T.cmmlu-045],5.077169573475761,2.625782768896144,1.9335832474862944,0.05316438864182717,1239,0.743873946946438
M3w_value_task_policy_fe,C(task_id)[T.code-001],7.652842753891291,1.0418631500570674,7.345343535254234,2.0523128415632729e-13,1239,0.743873946946438
M3w_value_task_policy_fe,C(task_id)[T.code-002],10.316933634410788,1.4056668841539424,7.339529550502609,2.1434593653905523e-13,1239,0.743873946946438
M3w_value_task_policy_fe,C(task_id)[T.code-003],9.065158990582782,1.269658072498348,7.139842755258485,9.343774602565867e-13,1239,0.743873946946438
M3w_value_task_policy_fe,C(task_id)[T.code-004],7.506434643445743,1.3513215241584722,5.554884244236643,2.777957903262428e-08,1239,0.743873946946438
M3w_value_task_policy_fe,C(task_id)[T.code-005],9.598678857159818,1.5929617592226373,6.025680655287016,1.6839939799222715e-09,1239,0.743873946946438
M3w_value_task_policy_fe,C(task_id)[T.code-006],10.64758047690838,1.724403399691679,6.1746459551240465,6.631189778948046e-10,1239,0.743873946946438
M3w_value_task_policy_fe,C(task_id)[T.code-007],9.673534995032341,0.9941387995538765,9.730567803382561,2.233427577480351e-22,1239,0.743873946946438
M3w_value_task_policy_fe,C(task_id)[T.code-008],8.561983948267809,1.1906131048993478,7.19123946564625,6.420575705309122e-13,1239,0.743873946946438
M3w_value_task_policy_fe,C(task_id)[T.code-009],6.800636127684797,1.4270519386019886,4.765514094985947,1.8837272757306667e-06,1239,0.743873946946438
M3w_value_task_policy_fe,C(task_id)[T.code-010],7.010334942967798,1.4082550879974503,4.978029195645619,6.423496875599313e-07,1239,0.743873946946438
M3w_value_task_policy_fe,C(task_id)[T.code-011],8.361657592466818,1.2772314398033544,6.546705109102387,5.882034626999113e-11,1239,0.743873946946438
M3w_value_task_policy_fe,C(task_id)[T.code-012],8.598747935125047,1.2317058487654122,6.981170012096569,2.927318024345615e-12,1239,0.743873946946438
M3w_value_task_policy_fe,C(task_id)[T.code-013],9.178328727230802,1.7141097470355624,5.354574724928847,8.575787531585757e-08,1239,0.743873946946438
M3w_value_task_policy_fe,C(task_id)[T.code-014],10.676011678561652,1.3607555415697241,7.84564997343031,4.307167586670599e-15,1239,0.743873946946438
M3w_value_task_policy_fe,C(task_id)[T.code-015],10.072162055546645,1.4038225942670601,7.174811188165375,7.240704516594731e-13,1239,0.743873946946438
M3w_value_task_policy_fe,C(task_id)[T.code-016],11.663442659095605,1.9690487021566327,5.923389627854826,3.153724249678724e-09,1239,0.743873946946438
M3w_value_task_policy_fe,C(task_id)[T.code-017],5.1530466540303275,1.673024602121024,3.080078229272545,0.0020694623095522434,1239,0.743873946946438
M3w_value_task_policy_fe,C(task_id)[T.code-018],9.69281702061265,1.1956067924229161,8.107027395662417,5.187316838631319e-16,1239,0.743873946946438
M3w_value_task_policy_fe,C(task_id)[T.code-019],8.974183528145785,1.5078917704046548,5.951477224215828,2.657330055760341e-09,1239,0.743873946946438
M3w_value_task_policy_fe,C(task_id)[T.code-020],10.86510356259767,1.895481708490656,5.732106785271693,9.91907888301786e-09,1239,0.743873946946438
M3w_value_task_policy_fe,C(task_id)[T.edu-001],5.706975334772451,2.228470749828407,2.560937959455779,0.010438999602403402,1239,0.743873946946438
M3w_value_task_policy_fe,C(task_id)[T.edu-002],9.45912904969553,1.1518983643756966,8.211774009091652,2.1794418492626106e-16,1239,0.743873946946438
M3w_value_task_policy_fe,C(task_id)[T.edu-003],11.191574883968535,1.0057268952199623,11.12784687091502,9.182678148452475e-29,1239,0.743873946946438
M3w_value_task_policy_fe,C(task_id)[T.edu-004],9.538390540230662,0.7358593954429804,12.962246047682303,2.0029563839849645e-38,1239,0.743873946946438
M3w_value_task_policy_fe,C(task_id)[T.edu-005],11.018871803397527,0.738219959448953,14.926271854831185,2.2235510905055545e-50,1239,0.743873946946438
M3w_value_task_policy_fe,C(task_id)[T.edu-006],9.706424602081599,1.7894864388638256,5.424139793003611,5.823429493508177e-08,1239,0.743873946946438
M3w_value_task_policy_fe,C(task_id)[T.edu-007],11.278526534126552,0.938777421087827,12.0140581577445,2.9976553041276067e-33,1239,0.743873946946438
M3w_value_task_policy_fe,C(task_id)[T.edu-008],9.948996921468732,1.115560311736678,8.91838551156447,4.73134914302744e-19,1239,0.743873946946438
M3w_value_task_policy_fe,C(task_id)[T.edu-009],11.341952823958678,1.6118406834560075,7.036646326385047,1.9692184123948425e-12,1239,0.743873946946438
M3w_value_task_policy_fe,C(task_id)[T.edu-010],10.336219259362,1.664389812155038,6.210215409801596,5.29120196560243e-10,1239,0.743873946946438
M3w_value_task_policy_fe,C(task_id)[T.edu-011],9.447821281823861,0.8197067544689569,11.525855106494257,9.773697941993436e-31,1239,0.743873946946438
M3w_value_task_policy_fe,C(task_id)[T.edu-012],10.237759857871714,1.733005865529472,5.907515987976099,3.473046326993935e-09,1239,0.743873946946438
M3w_value_task_policy_fe,C(task_id)[T.edu-013],8.79675274298295,1.300406271392944,6.764618824515675,1.3366062415511913e-11,1239,0.743873946946438
M3w_value_task_policy_fe,C(task_id)[T.edu-014],9.307659547607988,1.456699979997992,6.389551503680819,1.6637299549939636e-10,1239,0.743873946946438
M3w_value_task_policy_fe,C(task_id)[T.edu-015],9.154197642367677,0.8559311948254197,10.695015788313238,1.0740136183400469e-26,1239,0.743873946946438
M3w_value_task_policy_fe,C(task_id)[T.edu-016],9.36852336594177,0.8640486220625119,10.842588167757047,2.1626469193653923e-27,1239,0.743873946946438
M3w_value_task_policy_fe,C(task_id)[T.edu-017],11.215721940072145,1.1087870871861414,10.11530714028713,4.725325650228599e-24,1239,0.743873946946438
M3w_value_task_policy_fe,C(task_id)[T.edu-018],9.697744254396238,1.4908354673263748,6.504905783995008,7.774208879471249e-11,1239,0.743873946946438
M3w_value_task_policy_fe,C(task_id)[T.edu-019],10.46576110555791,1.2563620878041315,8.33021085812129,8.06984945640953e-17,1239,0.743873946946438
M3w_value_task_policy_fe,C(task_id)[T.edu-020],9.51121235348558,1.5078724212324375,6.307703635637643,2.8320583716687494e-10,1239,0.743873946946438
M3w_value_task_policy_fe,C(task_id)[T.es-001],15.046627576009385,3.8091158949823196,3.950162712515531,7.809808254323518e-05,1239,0.743873946946438
M3w_value_task_policy_fe,C(task_id)[T.es-002],21.339812932259136,5.507723888221767,3.874524824654735,0.00010683295299769439,1239,0.743873946946438
M3w_value_task_policy_fe,C(task_id)[T.es-003],15.400014704665752,3.6515379877841014,4.217405037599264,2.471298393144433e-05,1239,0.743873946946438
M3w_value_task_policy_fe,C(task_id)[T.es-004],15.302977966853044,3.026070227362949,5.0570465379413,4.257993576231483e-07,1239,0.743873946946438
M3w_value_task_policy_fe,C(task_id)[T.es-005],14.294627412749094,3.465216279827525,4.125176109775342,3.704511807343169e-05,1239,0.743873946946438
M3w_value_task_policy_fe,C(task_id)[T.es-006],15.238102320035578,4.113033275355953,3.7048332215879856,0.0002115298651575761,1239,0.743873946946438
M3w_value_task_policy_fe,C(task_id)[T.es-007],9.633972843875464,4.349486521559595,2.2149678579578653,0.02676227077708974,1239,0.743873946946438
M3w_value_task_policy_fe,C(task_id)[T.es-008],14.841559272667501,2.677340817815983,5.543395586361833,2.9666160462298513e-08,1239,0.743873946946438
M3w_value_task_policy_fe,C(task_id)[T.es-009],15.479414152369454,3.696188902514907,4.1879391342355845,2.814989823542243e-05,1239,0.743873946946438
M3w_value_task_policy_fe,C(task_id)[T.es-010],15.403212438143571,3.046198692166706,5.056535700626785,4.269409763077572e-07,1239,0.743873946946438
M3w_value_task_policy_fe,C(task_id)[T.es-011],15.909940773371952,2.9285837229223106,5.432639896494436,5.5526390431334206e-08,1239,0.743873946946438
M3w_value_task_policy_fe,C(task_id)[T.es-012],14.477993790943914,3.2829443734487707,4.4100636940535844,1.0334021892633012e-05,1239,0.743873946946438
M3w_value_task_policy_fe,C(task_id)[T.es-013],15.830796579088688,2.874852964792305,5.506645652130731,3.657353814197648e-08,1239,0.743873946946438
M3w_value_task_policy_fe,C(task_id)[T.es-014],15.476807172333773,3.6291307852872006,4.264604415767556,2.002566789725998e-05,1239,0.743873946946438
M3w_value_task_policy_fe,C(task_id)[T.es-015],14.082654300511411,4.127038371824659,3.412290614173559,0.0006441939548546339,1239,0.743873946946438
M3w_value_task_policy_fe,C(task_id)[T.es-016],16.021532715551185,2.8161349689854407,5.689192063590336,1.276418413424815e-08,1239,0.743873946946438
M3w_value_task_policy_fe,C(task_id)[T.es-017],18.60700426925804,4.701706136561473,3.9575004751075347,7.573813689114932e-05,1239,0.743873946946438
M3w_value_task_policy_fe,C(task_id)[T.es-018],14.50484436005664,3.4614740677330977,4.190366322621562,2.7850445521654548e-05,1239,0.743873946946438
M3w_value_task_policy_fe,C(task_id)[T.es-019],14.106783174805676,4.190401896947269,3.3664511237174044,0.0007614207414321388,1239,0.743873946946438
M3w_value_task_policy_fe,C(task_id)[T.es-020],15.093185723736587,2.8761318391871504,5.247737783815296,1.5397824371926842e-07,1239,0.743873946946438
M3w_value_task_policy_fe,C(task_id)[T.es-021],14.124079588822035,4.322277631223532,3.267740019010267,0.0010840989972151975,1239,0.743873946946438
M3w_value_task_policy_fe,C(task_id)[T.es-022],14.380503264229848,4.072384570005669,3.531224278312652,0.00041364085707747025,1239,0.743873946946438
M3w_value_task_policy_fe,C(task_id)[T.es-023],11.527595639904332,3.415468741022134,3.3751137878821615,0.0007378517609953928,1239,0.743873946946438
M3w_value_task_policy_fe,C(task_id)[T.es-024],14.824008511706712,3.668941524180779,4.040404681842591,5.335904866951059e-05,1239,0.743873946946438
M3w_value_task_policy_fe,C(task_id)[T.es-025],15.986926514058322,3.7425266646665887,4.2716934163734415,1.9399416399804423e-05,1239,0.743873946946438
M3w_value_task_policy_fe,C(task_id)[T.es-026],13.838943291155417,3.7001234838239685,3.7401301204286503,0.00018392501675942668,1239,0.743873946946438
M3w_value_task_policy_fe,C(task_id)[T.es-027],13.448883998980644,3.6523516572870127,3.6822533153805215,0.00023118152768696135,1239,0.743873946946438
M3w_value_task_policy_fe,C(task_id)[T.es-028],13.675647906802649,3.214049333526282,4.254958928025683,2.090873919085331e-05,1239,0.743873946946438
M3w_value_task_policy_fe,C(task_id)[T.es-029],13.281857809997687,2.261347499347739,5.8734262707649725,4.268789323099755e-09,1239,0.743873946946438
M3w_value_task_policy_fe,C(task_id)[T.es-030],13.932296401750547,3.612796330102203,3.8563747105435127,0.0001150810390187161,1239,0.743873946946438
M3w_value_task_policy_fe,C(task_id)[T.es-031],15.429905358910494,3.537417783418655,4.361912079267782,1.2893068367700719e-05,1239,0.743873946946438
M3w_value_task_policy_fe,C(task_id)[T.es-032],13.219443474934623,3.9499965664628074,3.3466974597328667,0.00081780411626123,1239,0.743873946946438
M3w_value_task_policy_fe,C(task_id)[T.es-033],15.923916416069074,3.2310525673418775,4.928399053924822,8.290615072644106e-07,1239,0.743873946946438
M3w_value_task_policy_fe,C(task_id)[T.es-034],12.970231621398801,3.654598132189942,3.5490171975835434,0.0003866718260023656,1239,0.743873946946438
M3w_value_task_policy_fe,C(task_id)[T.es-035],14.566533317361632,4.015659532167397,3.6274323559247432,0.0002862537361263325,1239,0.743873946946438
M3w_value_task_policy_fe,C(task_id)[T.es-036],14.016751036053883,3.498664253830744,4.006314987414616,6.167339178352479e-05,1239,0.743873946946438
M3w_value_task_policy_fe,C(task_id)[T.es-037],15.598551051980074,3.036222810898474,5.137485627204077,2.784387558957891e-07,1239,0.743873946946438
M3w_value_task_policy_fe,C(task_id)[T.es-038],14.459076678909138,4.050630125538496,3.569587010116588,0.0003575444500384334,1239,0.743873946946438
M3w_value_task_policy_fe,C(task_id)[T.es-039],15.315727801920966,3.424157196665653,4.472845994580793,7.71853682128502e-06,1239,0.743873946946438
M3w_value_task_policy_fe,C(task_id)[T.es-040],13.65374500584769,4.036935932041788,3.3822050276983076,0.0007190645523811556,1239,0.743873946946438
M3w_value_task_policy_fe,C(task_id)[T.es-041],14.939725151527327,3.579044343634454,4.174221864028739,2.9900626244241257e-05,1239,0.743873946946438
M3w_value_task_policy_fe,C(task_id)[T.es-042],14.066801619101268,4.0554247400377195,3.4686383106126715,0.0005231031853670911,1239,0.743873946946438
M3w_value_task_policy_fe,C(task_id)[T.es-043],12.856339556778481,4.042503510400711,3.180291500972402,0.0014712697141611101,1239,0.743873946946438
M3w_value_task_policy_fe,C(task_id)[T.es-044],14.133028575118178,3.3352615783337427,4.237457315770379,2.2606537951496608e-05,1239,0.743873946946438
M3w_value_task_policy_fe,C(task_id)[T.es-045],12.897446455802626,4.525092880550774,2.85020590654325,0.004369093444876636,1239,0.743873946946438
M3w_value_task_policy_fe,C(task_id)[T.es-046],15.307544136335245,3.030071566607129,5.051875442491811,4.374929748467859e-07,1239,0.743873946946438
M3w_value_task_policy_fe,C(task_id)[T.es-047],14.128655967640803,3.481190301148252,4.058570415693891,4.93740459392286e-05,1239,0.743873946946438
M3w_value_task_policy_fe,C(task_id)[T.es-048],15.317709388851616,2.7271311819302784,5.616784953487151,1.9454329723389218e-08,1239,0.743873946946438
M3w_value_task_policy_fe,C(task_id)[T.es-049],14.859566524475724,3.640032034889731,4.08226256858365,4.459936722687404e-05,1239,0.743873946946438
M3w_value_task_policy_fe,C(task_id)[T.es-050],14.90881970668303,4.057690970512469,3.6742127025016176,0.0002385839253244303,1239,0.743873946946438
M3w_value_task_policy_fe,C(task_id)[T.es-051],13.899560403901775,4.527984003342341,3.06970174665851,0.0021427263271972014,1239,0.743873946946438
M3w_value_task_policy_fe,C(task_id)[T.es-052],14.056611611226387,3.2302517225456078,4.351553011524762,1.351766285097897e-05,1239,0.743873946946438
M3w_value_task_policy_fe,C(task_id)[T.es-053],13.888627484694458,3.7780657830541666,3.676121137696806,0.00023680710840537296,1239,0.743873946946438
M3w_value_task_policy_fe,C(task_id)[T.es-054],15.221861486734014,3.47081313755954,4.3856758873043455,1.1562618241714534e-05,1239,0.743873946946438
M3w_value_task_policy_fe,C(task_id)[T.es-055],14.426336484220917,3.5680014846545998,4.043254058684187,5.2714447113954636e-05,1239,0.743873946946438
M3w_value_task_policy_fe,C(task_id)[T.es-056],13.872020734329327,4.372653003747463,3.172449476882956,0.001511588578243374,1239,0.743873946946438
M3w_value_task_policy_fe,C(task_id)[T.es-057],13.910201283094466,2.994817282358648,4.644757917297418,3.404754556953508e-06,1239,0.743873946946438
M3w_value_task_policy_fe,C(task_id)[T.es-058],13.861857172084036,3.5008613976909024,3.959556119881535,7.508919822661034e-05,1239,0.743873946946438
M3w_value_task_policy_fe,C(task_id)[T.es-059],12.718092899072731,4.56375820433584,2.786758704041286,0.0053238104372261225,1239,0.743873946946438
M3w_value_task_policy_fe,C(task_id)[T.es-060],15.445682050513142,3.364521484961641,4.590751499002313,4.416529213760009e-06,1239,0.743873946946438
M3w_value_task_policy_fe,C(task_id)[T.es-061],14.826480420429384,3.5597826197810263,4.164996013532256,3.113580051065105e-05,1239,0.743873946946438
M3w_value_task_policy_fe,C(task_id)[T.es-062],14.781402709318566,3.076683656054785,4.8043297139858305,1.5527078176860017e-06,1239,0.743873946946438
M3w_value_task_policy_fe,C(task_id)[T.es-063],13.5111819192255,3.982861729584151,3.392330147658979,0.0006930088337285603,1239,0.743873946946438
M3w_value_task_policy_fe,C(task_id)[T.es-064],13.194839155126743,2.9841480431653085,4.4216436196412285,9.7952922509542e-06,1239,0.743873946946438
M3w_value_task_policy_fe,C(task_id)[T.es-065],10.95908438430652,3.7498938853201125,2.9225052013361146,0.003472278215528707,1239,0.743873946946438
M3w_value_task_policy_fe,C(task_id)[T.es-066],14.470369702219317,3.1655917960620097,4.571142027920476,4.850733628663917e-06,1239,0.743873946946438
M3w_value_task_policy_fe,C(task_id)[T.es-067],14.25999726780971,4.0708373655291865,3.5029641293360756,0.0004601114203273542,1239,0.743873946946438
M3w_value_task_policy_fe,C(task_id)[T.es-068],17.05904522530583,2.4895337529915023,6.852305257884993,7.266927833798499e-12,1239,0.743873946946438
M3w_value_task_policy_fe,C(task_id)[T.es-069],14.483575861656481,2.9970060141920096,4.832681613941053,1.3470612840907356e-06,1239,0.743873946946438
M3w_value_task_policy_fe,C(task_id)[T.es-070],15.432630623872432,3.0440787638771742,5.069721193487202,3.9839888115903916e-07,1239,0.743873946946438
M3w_value_task_policy_fe,C(task_id)[T.mfg-001],16.36934172592425,2.1306513937562928,7.682787420735896,1.5566378055602393e-14,1239,0.743873946946438
M3w_value_task_policy_fe,C(task_id)[T.mfg-002],15.771104793156557,1.6485632785054003,9.566575331857905,1.1050553322428868e-21,1239,0.743873946946438
M3w_value_task_policy_fe,C(task_id)[T.mfg-003],15.363406603451075,2.0770301267941176,7.396814521493915,1.3949017053753992e-13,1239,0.743873946946438
M3w_value_task_policy_fe,C(task_id)[T.mfg-004],16.47575115632621,1.256851776219875,13.108746367753016,2.9340827230298265e-39,1239,0.743873946946438
M3w_value_task_policy_fe,C(task_id)[T.mfg-005],14.75323903075876,1.3526090915609157,10.907245206915968,1.0643283989109494e-27,1239,0.743873946946438
M3w_value_task_policy_fe,C(task_id)[T.mfg-006],14.416105979632894,2.139702543616549,6.737434613348934,1.6120744542024877e-11,1239,0.743873946946438
M3w_value_task_policy_fe,C(task_id)[T.mfg-007],15.217925821935502,2.1979345338621115,6.923739350505244,4.3987493876164964e-12,1239,0.743873946946438
M3w_value_task_policy_fe,C(task_id)[T.mfg-008],14.395388005889782,1.987488851372694,7.2430031473873955,4.3885672191888065e-13,1239,0.743873946946438
M3w_value_task_policy_fe,C(task_id)[T.mfg-009],14.784436072509367,2.238337563922281,6.605096706951708,3.9725793348101405e-11,1239,0.743873946946438
M3w_value_task_policy_fe,C(task_id)[T.mfg-010],12.989856298226528,1.2811670468541043,10.139080871712254,3.70569738025316e-24,1239,0.743873946946438
M3w_value_task_policy_fe,C(task_id)[T.mfg-011],14.792542375327185,1.0121033019366916,14.61564481315414,2.2323084486972317e-48,1239,0.743873946946438
M3w_value_task_policy_fe,C(task_id)[T.mfg-012],15.310116015820256,2.46426353801741,6.212856611974953,5.202992447137841e-10,1239,0.743873946946438
M3w_value_task_policy_fe,C(task_id)[T.mfg-013],15.931218971351962,2.086009917209016,7.637173169659322,2.2204277010612517e-14,1239,0.743873946946438
M3w_value_task_policy_fe,C(task_id)[T.mfg-014],14.746692477263148,1.419367698070158,10.38962102442762,2.7644934946492557e-25,1239,0.743873946946438
M3w_value_task_policy_fe,C(task_id)[T.mfg-015],14.275089113190106,2.1524634369277975,6.631977513896767,3.312190480813064e-11,1239,0.743873946946438
M3w_value_task_policy_fe,C(task_id)[T.mfg-016],15.688448144587257,1.723667637360398,9.101782620118307,8.886115098107682e-20,1239,0.743873946946438
M3w_value_task_policy_fe,C(task_id)[T.mfg-017],14.693118391280969,2.502388007615323,5.871638749293292,4.3150822836461734e-09,1239,0.743873946946438
M3w_value_task_policy_fe,C(task_id)[T.mfg-018],15.953542063704022,1.657647000760283,9.624209530971854,6.319089851023857e-22,1239,0.743873946946438
M3w_value_task_policy_fe,C(task_id)[T.mfg-019],16.34435259465217,1.440139494553996,11.349145451853563,7.489104070709628e-30,1239,0.743873946946438
M3w_value_task_policy_fe,C(task_id)[T.mfg-020],16.28493328273538,1.128998969142383,14.424223341059239,3.643481326867584e-47,1239,0.743873946946438
M3w_value_task_policy_fe,C(task_id)[T.mfg-021],13.260012391570259,2.3769679588869845,5.578540653858566,2.4254479402650287e-08,1239,0.743873946946438
M3w_value_task_policy_fe,C(task_id)[T.mfg-022],16.843331766128582,2.4540807946146215,6.863397408549293,6.7241820826765e-12,1239,0.743873946946438
M3w_value_task_policy_fe,C(task_id)[T.mfg-023],14.986446581093086,1.2902696344905615,11.614972700655859,3.4589884925101523e-31,1239,0.743873946946438
M3w_value_task_policy_fe,C(task_id)[T.mfg-024],14.54181037562724,1.6345713439238245,8.896406039224512,5.7684256839396415e-19,1239,0.743873946946438
M3w_value_task_policy_fe,C(task_id)[T.mfg-025],13.944232212447579,0.7145225646265776,19.515453958735492,8.114516455724064e-85,1239,0.743873946946438
M3w_value_task_policy_fe,C(task_id)[T.mfg-026],15.55066164916506,1.990656511249836,7.81182567724934,5.636548473914014e-15,1239,0.743873946946438
M3w_value_task_policy_fe,C(task_id)[T.mfg-027],14.989977473884073,0.7084082151509045,21.160084190569307,2.228243782144039e-99,1239,0.743873946946438
M3w_value_task_policy_fe,C(task_id)[T.mfg-028],14.637201195164403,1.8018134852707397,8.123593987290546,4.525779778107794e-16,1239,0.743873946946438
M3w_value_task_policy_fe,C(task_id)[T.mfg-029],14.858800700409768,1.5165549346760294,9.797733244383886,1.1514044118249965e-22,1239,0.743873946946438
M3w_value_task_policy_fe,C(task_id)[T.mfg-030],14.807471771271357,1.8114331136043964,8.174451300499522,2.9721534488189355e-16,1239,0.743873946946438
M3w_value_task_policy_fe,C(task_id)[T.ps-001],15.44392394071264,3.223730347892689,4.7906996783425555,1.6620073209070366e-06,1239,0.743873946946438
M3w_value_task_policy_fe,C(task_id)[T.ps-002],11.039329764101048,1.1170453533374571,9.88261553670873,4.952311450750496e-23,1239,0.743873946946438
M3w_value_task_policy_fe,C(task_id)[T.ps-003],11.978003580382456,0.9446335477583186,12.680053136803256,7.628013843567306e-37,1239,0.743873946946438
M3w_value_task_policy_fe,C(task_id)[T.ps-004],12.15019001775258,0.6606299001616003,18.391825763230603,1.5274842186614196e-75,1239,0.743873946946438
M3w_value_task_policy_fe,C(task_id)[T.ps-005],15.064849238662635,2.822144266509356,5.338086155778277,9.393282383092609e-08,1239,0.743873946946438
M3w_value_task_policy_fe,C(task_id)[T.ps-006],11.387883645497388,0.721089718650474,15.792602988168957,3.4984062756087716e-56,1239,0.743873946946438
M3w_value_task_policy_fe,C(task_id)[T.ps-007],10.277423497707643,0.9820750578756201,10.465008163367163,1.2506575724416784e-25,1239,0.743873946946438
M3w_value_task_policy_fe,C(task_id)[T.ps-008],11.677234986582,1.4492945271209952,8.057185594827766,7.807106952111946e-16,1239,0.743873946946438
M3w_value_task_policy_fe,C(task_id)[T.ps-009],12.03801956530408,0.8598351227945328,14.000381289589049,1.5503671508125415e-44,1239,0.743873946946438
M3w_value_task_policy_fe,C(task_id)[T.ps-010],12.108266926402068,0.7635978289149786,15.856864003407534,1.2603192675010093e-56,1239,0.743873946946438
M3w_value_task_policy_fe,C(task_id)[T.ps-011],10.826008316339271,1.6855489227272697,6.422838382419929,1.3375648324982432e-10,1239,0.743873946946438
M3w_value_task_policy_fe,C(task_id)[T.ps-012],11.485990232335979,0.638243523290069,17.99625035460928,2.0846360444314925e-72,1239,0.743873946946438
M3w_value_task_policy_fe,C(task_id)[T.ps-013],12.659113386104675,0.6511237964179677,19.441945534392005,3.4098632928303593e-84,1239,0.743873946946438
M3w_value_task_policy_fe,C(task_id)[T.ps-014],11.961069801967204,0.8150506358811549,14.67524749433026,9.287606191812975e-49,1239,0.743873946946438
M3w_value_task_policy_fe,C(task_id)[T.ps-015],13.385013478313404,0.971211174771499,13.781774577977393,3.2810648465018566e-43,1239,0.743873946946438
M3w_value_task_policy_fe,C(task_id)[T.ps-016],12.810663524844523,0.6830375487066136,18.755430867750306,1.7479543394067992e-78,1239,0.743873946946438
M3w_value_task_policy_fe,C(task_id)[T.ps-017],11.713371977991635,0.6793370432671861,17.24235722765484,1.2772107822219198e-66,1239,0.743873946946438
M3w_value_task_policy_fe,C(task_id)[T.ps-018],12.717613233534504,0.760599857213604,16.72050436628328,9.292941949496768e-63,1239,0.743873946946438
M3w_value_task_policy_fe,C(task_id)[T.ps-019],11.958191984020255,0.8406717018163391,14.224568232978005,6.4501217020264356e-46,1239,0.743873946946438
M3w_value_task_policy_fe,C(task_id)[T.ps-020],13.69403115444181,1.2242735222373313,11.185434386767009,4.8054646339913823e-29,1239,0.743873946946438
M3w_value_task_policy_fe,C(task_id)[T.ps-021],12.720508087653261,0.5895252700534958,21.57754507537727,2.9196329130251875e-103,1239,0.743873946946438
M3w_value_task_policy_fe,C(task_id)[T.ps-022],12.296106785753103,0.6850172865914496,17.950067868997607,4.793176297222178e-72,1239,0.743873946946438
M3w_value_task_policy_fe,C(task_id)[T.ps-023],12.074281819792754,1.1958185387071183,10.097085326045447,5.690846750999874e-24,1239,0.743873946946438
M3w_value_task_policy_fe,C(task_id)[T.ps-024],12.313473832004883,0.6516685308898341,18.895302210145392,1.2467165523290585e-79,1239,0.743873946946438
M3w_value_task_policy_fe,C(task_id)[T.ps-025],12.36542182544452,0.9509944661171034,13.002622271749233,1.1821897017729103e-38,1239,0.743873946946438
M3w_value_task_policy_fe,C(task_id)[T.ps-026],11.695646331961985,0.6825372564340426,17.135542743947195,8.059731379644637e-66,1239,0.743873946946438
M3w_value_task_policy_fe,C(task_id)[T.ps-027],13.26499069994941,1.2963908652544878,10.232246350598459,1.4218244066707788e-24,1239,0.743873946946438
M3w_value_task_policy_fe,C(task_id)[T.ps-028],11.911927239395418,1.3508654124863855,8.817997062690708,1.1652530996737023e-18,1239,0.743873946946438
M3w_value_task_policy_fe,C(task_id)[T.ps-029],12.466531808026641,0.9156862017688633,13.61441483331801,3.287684613419066e-42,1239,0.743873946946438
M3w_value_task_policy_fe,C(task_id)[T.ps-030],11.61306759394664,1.0493949881699314,11.066440877708962,1.825058484090867e-28,1239,0.743873946946438
M3w_value_task_policy_fe,C(task_id)[T.ps-031],12.86618711907434,0.8744913355790469,14.712766834396316,5.33794707327612e-49,1239,0.743873946946438
M3w_value_task_policy_fe,C(task_id)[T.ps-032],13.350041603571414,0.8942166662881246,14.929314233190452,2.1243959366279756e-50,1239,0.743873946946438
M3w_value_task_policy_fe,C(task_id)[T.ps-033],12.576970899290536,0.7141730272376364,17.610537530291847,2.044938487738767e-69,1239,0.743873946946438
M3w_value_task_policy_fe,C(task_id)[T.ps-034],15.357691108973171,1.0359354996599457,14.824949153701615,1.010564001696677e-49,1239,0.743873946946438
M3w_value_task_policy_fe,C(task_id)[T.ps-035],11.95939029035629,0.9092855135551157,13.15251382769487,1.646093492356312e-39,1239,0.743873946946438
M3w_value_task_policy_fe,C(task_id)[T.ps-036],12.615117695407251,1.4257188766631645,8.848250452383999,8.89019622395586e-19,1239,0.743873946946438
M3w_value_task_policy_fe,C(task_id)[T.ps-037],13.16707666223415,1.1371080810322847,11.57944163960287,5.238614676674314e-31,1239,0.743873946946438
M3w_value_task_policy_fe,C(task_id)[T.ps-038],13.553283308137477,0.7709503863500715,17.579968241929425,3.507727468553941e-69,1239,0.743873946946438
M3w_value_task_policy_fe,C(task_id)[T.ps-039],12.422039996506035,0.7186725974522166,17.28469965397833,6.13400275477521e-67,1239,0.743873946946438
M3w_value_task_policy_fe,C(task_id)[T.ps-040],11.142788282872578,1.0347905511492521,10.768158126779618,4.866389538384616e-27,1239,0.743873946946438
M3w_value_task_policy_fe,C(task_id)[T.ps-041],12.161130704047935,1.0907535146667628,11.14929316341767,7.217743119062527e-29,1239,0.743873946946438
M3w_value_task_policy_fe,C(task_id)[T.ps-042],11.150547423276379,1.1621559753383512,9.594708163015724,8.415491639047321e-22,1239,0.743873946946438
M3w_value_task_policy_fe,C(task_id)[T.ps-043],13.014381716196791,0.6819368282522288,19.084438876181572,3.4010943819785067e-81,1239,0.743873946946438
M3w_value_task_policy_fe,C(task_id)[T.ps-044],11.868481965073844,0.7506320051412015,15.81131884037007,2.5996719168601047e-56,1239,0.743873946946438
M3w_value_task_policy_fe,C(task_id)[T.ps-045],10.772057778826307,0.757338351851039,14.223573588341218,6.542479009695049e-46,1239,0.743873946946438
M3w_value_task_policy_fe,C(task_id)[T.ps-046],12.083519407778779,0.8366915598457114,14.442023784734983,2.814548593187783e-47,1239,0.743873946946438
M3w_value_task_policy_fe,C(task_id)[T.ps-047],12.878145271680546,0.6692454191332784,19.242784341144514,1.622540113711839e-82,1239,0.743873946946438
M3w_value_task_policy_fe,C(task_id)[T.ps-048],10.173486493162628,1.5746166294426762,6.460929157571171,1.0406203022163173e-10,1239,0.743873946946438
M3w_value_task_policy_fe,C(task_id)[T.ps-049],11.681390551361313,0.7459538493633191,15.65966924271726,2.8537749838216122e-55,1239,0.743873946946438
M3w_value_task_policy_fe,C(task_id)[T.ps-050],11.870594838420109,1.1489709867673215,10.331500947485655,5.0760014175441995e-25,1239,0.743873946946438
M3w_value_task_policy_fe,C(task_id)[T.ps-051],12.152840174920636,0.920896033630649,13.196755910662192,9.159542211247381e-40,1239,0.743873946946438
M3w_value_task_policy_fe,C(task_id)[T.ps-052],12.190472958072661,0.8346795430250704,14.60497392075956,2.6108215636709372e-48,1239,0.743873946946438
M3w_value_task_policy_fe,C(task_id)[T.ps-053],15.06878771815835,2.932174366375739,5.139117199494467,2.7603220282918333e-07,1239,0.743873946946438
M3w_value_task_policy_fe,C(task_id)[T.ps-054],11.577335221863324,1.2302741257310037,9.410370404225407,4.943915567563649e-21,1239,0.743873946946438
M3w_value_task_policy_fe,C(task_id)[T.ps-055],11.454931312756726,0.7350100091695326,15.584728330025511,9.245556578097503e-55,1239,0.743873946946438
M3w_value_task_policy_fe,C(task_id)[T.ps-056],11.992450173826327,0.9377440413367144,12.788617837263565,1.8981976435123794e-37,1239,0.743873946946438
M3w_value_task_policy_fe,C(task_id)[T.ps-057],13.070207491681566,0.5886047242368537,22.205407047365345,3.0452378427514255e-109,1239,0.743873946946438
M3w_value_task_policy_fe,C(task_id)[T.ps-058],11.514167675895292,1.043368284728398,11.035573770476045,2.57403275896855e-28,1239,0.743873946946438
M3w_value_task_policy_fe,C(task_id)[T.ps-059],12.551658743972608,0.930176019753834,13.493853289503567,1.6997927982337444e-41,1239,0.743873946946438
M3w_value_task_policy_fe,C(task_id)[T.ps-060],11.920121251153638,0.5002307352344542,23.829246008977783,1.662288967987116e-125,1239,0.743873946946438
M3w_value_task_policy_fe,C(task_id)[T.ps-061],12.291257302364647,1.029063813717172,11.944115747269661,6.968755662019064e-33,1239,0.743873946946438
M3w_value_task_policy_fe,C(task_id)[T.ps-062],11.235793183246274,0.9692344456572044,11.592441058600297,4.501185063689785e-31,1239,0.743873946946438
M3w_value_task_policy_fe,C(task_id)[T.ps-063],12.722859103188435,0.7004833262552737,18.162972088434703,1.0138441821400155e-73,1239,0.743873946946438
M3w_value_task_policy_fe,C(task_id)[T.ps-064],11.961068759332797,0.6449225107913137,18.546520797757054,8.70045545180744e-77,1239,0.743873946946438
M3w_value_task_policy_fe,C(task_id)[T.ps-065],12.133891102573774,0.8591988026016053,14.122332416936615,2.7667996703476654e-45,1239,0.743873946946438
M3w_value_task_policy_fe,C(task_id)[T.ps-066],11.805300885217685,0.8054320259607398,14.657103895435522,1.2133908805411608e-48,1239,0.743873946946438
M3w_value_task_policy_fe,C(task_id)[T.ps-067],11.744706893399076,0.7222428929083288,16.2614364346397,1.8534127670064942e-59,1239,0.743873946946438
M3w_value_task_policy_fe,C(task_id)[T.ps-068],11.487192049073894,0.9292293779367047,12.362062932814801,4.1925733355146234e-35,1239,0.743873946946438
M3w_value_task_policy_fe,C(task_id)[T.ps-069],12.894023505049091,0.944906279270079,13.64582264709836,2.137872529296743e-42,1239,0.743873946946438
M3w_value_task_policy_fe,C(task_id)[T.ps-070],12.777658969505184,0.7517617414156372,16.99695297800559,8.650078004727915e-65,1239,0.743873946946438
M3w_value_task_policy_fe,C(policy_id)[T.pl_deepseek_pro],3.8352525382794633,0.59494967965756,6.446347765893329,1.14577590016043e-10,1239,0.743873946946438
M3w_value_task_policy_fe,C(policy_id)[T.pl_glm_47],20.985934165862027,0.8711159288557425,24.090862617365033,3.116533798429507e-128,1239,0.743873946946438
M3w_value_task_policy_fe,C(policy_id)[T.pl_glm_47_flashx],19.582826399584757,0.8088795184536739,24.209818585864348,1.7534240104568382e-129,1239,0.743873946946438
M3w_value_task_policy_fe,C(policy_id)[T.pl_spark_max],13.900132355487022,0.5739418867560817,24.21871042389072,1.4132544466829254e-129,1239,0.743873946946438
M3w_value_task_policy_fe,C(policy_id)[T.pl_spark_ultra],14.971195967894607,0.5140576948684212,29.123571376023563,1.8059878026828693e-186,1239,0.743873946946438
M3w_value_task_policy_fe,log_tokens,-4.349074468711153,0.5473520009831918,-7.945662865759224,1.9315509061110087e-15,1239,0.743873946946438
