occupation_code,routine_task_score,cognitive_task_score,social_task_score,ai_exposure_score,llm_exposure_score,source
11-1011,,,,0.04469198765266408,0.04469198765266408,local:onet_task_statements+job_exposure
11-1011.00,0.03225806451612903,0.2903225806451613,0.3870967741935484,,,local:onet_task_statements+job_exposure
11-1011.03,0.2222222222222222,0.5555555555555556,0.1111111111111111,,,local:onet_task_statements+job_exposure
11-1021,,,,0.18494161857468797,0.18494161857468797,local:onet_task_statements+job_exposure
11-1021.00,0.11764705882352941,0.23529411764705882,0.23529411764705882,,,local:onet_task_statements+job_exposure
11-1031,,,,0.0,0.0,local:onet_task_statements+job_exposure
11-1031.00,0.03333333333333333,0.16666666666666666,0.23333333333333334,,,local:onet_task_statements+job_exposure
11-2011,,,,0.2323178096899745,0.2323178096899745,local:onet_task_statements+job_exposure
11-2011.00,0.16,0.52,0.4,,,local:onet_task_statements+job_exposure
11-2011.01,0.0625,0.625,0.25,,,local:onet_task_statements+job_exposure
11-2021,,,,0.4288015031539391,0.4288015031539391,local:onet_task_statements+job_exposure
11-2021.00,0.1,0.5,0.4,,,local:onet_task_statements+job_exposure
11-2022,,,,0.058113004965776406,0.058113004965776406,local:onet_task_statements+job_exposure
11-2022.00,0.29411764705882354,0.17647058823529413,0.4117647058823529,,,local:onet_task_statements+job_exposure
11-2031.00,0.05263157894736842,0.42105263157894735,0.21052631578947367,,,local:onet_task_statements+job_exposure
11-2032,,,,0.3106965507985506,0.3106965507985506,local:onet_task_statements+job_exposure
11-3011.00,0.21428571428571427,0.21428571428571427,0.14285714285714285,,,local:onet_task_statements+job_exposure
11-3012,,,,0.0,0.0,local:onet_task_statements+job_exposure
11-3013,,,,0.1805126828613609,0.1805126828613609,local:onet_task_statements+job_exposure
11-3021,,,,0.20923365991142132,0.20923365991142132,local:onet_task_statements+job_exposure
11-3021.00,0.058823529411764705,0.4117647058823529,0.17647058823529413,,,local:onet_task_statements+job_exposure
11-3031,,,,0.5243591464232988,0.5243591464232988,local:onet_task_statements+job_exposure
11-3031.01,0.22727272727272727,0.36363636363636365,0.3181818181818182,,,local:onet_task_statements+job_exposure
11-3031.02,0.09523809523809523,0.38095238095238093,0.2857142857142857,,,local:onet_task_statements+job_exposure
11-3051,,,,0.01771574285330828,0.01771574285330828,local:onet_task_statements+job_exposure
11-3051.00,0.42857142857142855,0.35714285714285715,0.42857142857142855,,,local:onet_task_statements+job_exposure
11-3051.01,0.4074074074074074,0.2222222222222222,0.1111111111111111,,,local:onet_task_statements+job_exposure
11-3051.02,0.29411764705882354,0.7058823529411765,0.11764705882352941,,,local:onet_task_statements+job_exposure
11-3051.03,0.35714285714285715,0.42857142857142855,0.07142857142857142,,,local:onet_task_statements+job_exposure
11-3051.04,0.4444444444444444,0.5,0.0,,,local:onet_task_statements+job_exposure
11-3051.05,0.3333333333333333,0.19047619047619047,0.047619047619047616,,,local:onet_task_statements+job_exposure
11-3051.06,0.3157894736842105,0.3157894736842105,0.15789473684210525,,,local:onet_task_statements+job_exposure
11-3061,,,,0.26895718695477117,0.26895718695477117,local:onet_task_statements+job_exposure
11-3061.00,0.11764705882352941,0.29411764705882354,0.29411764705882354,,,local:onet_task_statements+job_exposure
11-3071,,,,0.12830492551335393,0.12830492551335393,local:onet_task_statements+job_exposure
11-3071.01,0.21428571428571427,0.2857142857142857,0.17857142857142858,,,local:onet_task_statements+job_exposure
11-3071.02,0.2,0.36666666666666664,0.2,,,local:onet_task_statements+job_exposure
11-3071.03,0.3,0.3,0.2,,,local:onet_task_statements+job_exposure
11-3111,,,,0.0,0.0,local:onet_task_statements+job_exposure
11-3111.00,0.08333333333333333,0.3333333333333333,0.2916666666666667,,,local:onet_task_statements+job_exposure
11-3121,,,,0.0,0.0,local:onet_task_statements+job_exposure
11-3121.00,0.038461538461538464,0.34615384615384615,0.34615384615384615,,,local:onet_task_statements+job_exposure
11-3131,,,,0.5069118239162529,0.5069118239162529,local:onet_task_statements+job_exposure
11-3131.00,0.08333333333333333,0.6666666666666666,0.9166666666666666,,,local:onet_task_statements+job_exposure
11-9013,,,,0.0,0.0,local:onet_task_statements+job_exposure
11-9013.01,0.25,0.65,0.15,,,local:onet_task_statements+job_exposure
11-9013.02,0.3333333333333333,0.2962962962962963,0.07407407407407407,,,local:onet_task_statements+job_exposure
11-9013.03,0.3157894736842105,0.05263157894736842,0.10526315789473684,,,local:onet_task_statements+job_exposure
11-9021,,,,0.15917326533351228,0.15917326533351228,local:onet_task_statements+job_exposure
11-9021.00,0.12,0.4,0.2,,,local:onet_task_statements+job_exposure
11-9031,,,,0.05301301838679372,0.05301301838679372,local:onet_task_statements+job_exposure
11-9031.00,0.23529411764705882,0.35294117647058826,0.35294117647058826,,,local:onet_task_statements+job_exposure
11-9032,,,,0.07046034089383975,0.07046034089383975,local:onet_task_statements+job_exposure
11-9032.00,0.06451612903225806,0.41935483870967744,0.41935483870967744,,,local:onet_task_statements+job_exposure
11-9033,,,,0.08643135149644343,0.08643135149644343,local:onet_task_statements+job_exposure
11-9033.00,0.14285714285714285,0.32142857142857145,0.35714285714285715,,,local:onet_task_statements+job_exposure
11-9039.01,0.13043478260869565,0.30434782608695654,0.21739130434782608,,,local:onet_task_statements+job_exposure
11-9039.02,0.043478260869565216,0.2608695652173913,0.21739130434782608,,,local:onet_task_statements+job_exposure
11-9041,,,,0.041068312978123744,0.041068312978123744,local:onet_task_statements+job_exposure
11-9041.00,0.0,0.42857142857142855,0.14285714285714285,,,local:onet_task_statements+job_exposure
11-9041.01,0.42105263157894735,0.8421052631578947,0.0,,,local:onet_task_statements+job_exposure
11-9051,,,,0.0,0.0,local:onet_task_statements+job_exposure
11-9051.00,0.35714285714285715,0.17857142857142858,0.21428571428571427,,,local:onet_task_statements+job_exposure
11-9061.00,0.2727272727272727,0.2727272727272727,0.18181818181818182,,,local:onet_task_statements+job_exposure
11-9071,,,,0.0,0.0,local:onet_task_statements+job_exposure
11-9071.00,0.21052631578947367,0.10526315789473684,0.10526315789473684,,,local:onet_task_statements+job_exposure
11-9081,,,,0.16306536035431485,0.16306536035431485,local:onet_task_statements+job_exposure
11-9081.00,0.375,0.16666666666666666,0.20833333333333334,,,local:onet_task_statements+job_exposure
11-9111,,,,0.08844450409341029,0.08844450409341029,local:onet_task_statements+job_exposure
11-9111.00,0.2777777777777778,0.5555555555555556,0.16666666666666666,,,local:onet_task_statements+job_exposure
11-9121,,,,0.0822708361293786,0.0822708361293786,local:onet_task_statements+job_exposure
11-9121.00,0.0625,0.75,0.375,,,local:onet_task_statements+job_exposure
11-9121.01,0.3333333333333333,0.24242424242424243,0.2727272727272727,,,local:onet_task_statements+job_exposure
11-9121.02,0.2857142857142857,0.3333333333333333,0.14285714285714285,,,local:onet_task_statements+job_exposure
11-9131,,,,0.0,0.0,local:onet_task_statements+job_exposure
11-9131.00,0.16666666666666666,0.25,0.3333333333333333,,,local:onet_task_statements+job_exposure
11-9141,,,,0.22184941618574688,0.22184941618574688,local:onet_task_statements+job_exposure
11-9141.00,0.14814814814814814,0.2962962962962963,0.2222222222222222,,,local:onet_task_statements+job_exposure
11-9151,,,,0.242651993021071,0.242651993021071,local:onet_task_statements+job_exposure
11-9151.00,0.0625,0.3125,0.3125,,,local:onet_task_statements+job_exposure
11-9161,,,,0.0,0.0,local:onet_task_statements+job_exposure
11-9161.00,0.08695652173913043,0.6956521739130435,0.30434782608695654,,,local:onet_task_statements+job_exposure
11-9171,,,,0.014494698698161322,0.014494698698161322,local:onet_task_statements+job_exposure
11-9179,,,,0.16695745537511744,0.16695745537511744,local:onet_task_statements+job_exposure
11-9199,,,,0.0920681787679506,0.0920681787679506,local:onet_task_statements+job_exposure
11-9199.01,0.2962962962962963,0.2962962962962963,0.14814814814814814,,,local:onet_task_statements+job_exposure
11-9199.02,0.26666666666666666,0.2,0.26666666666666666,,,local:onet_task_statements+job_exposure
11-9199.03,0.25,0.4,0.1,,,local:onet_task_statements+job_exposure
11-9199.04,0.23333333333333334,0.43333333333333335,0.03333333333333333,,,local:onet_task_statements+job_exposure
11-9199.07,0.2,0.4666666666666667,0.26666666666666666,,,local:onet_task_statements+job_exposure
11-9199.08,0.14814814814814814,0.18518518518518517,0.25925925925925924,,,local:onet_task_statements+job_exposure
11-9199.09,0.25,0.125,0.1875,,,local:onet_task_statements+job_exposure
11-9199.10,0.26666666666666666,0.4,0.26666666666666666,,,local:onet_task_statements+job_exposure
11-9199.11,0.09090909090909091,0.5454545454545454,0.22727272727272727,,,local:onet_task_statements+job_exposure
13-1011,,,,0.15836800429472553,0.15836800429472553,local:onet_task_statements+job_exposure
13-1011.00,0.15384615384615385,0.23076923076923078,0.3076923076923077,,,local:onet_task_statements+job_exposure
13-1021.00,0.3333333333333333,0.0,0.25,,,local:onet_task_statements+job_exposure
13-1022.00,0.2,0.2,0.15,,,local:onet_task_statements+job_exposure
13-1023.00,0.3157894736842105,0.3157894736842105,0.21052631578947367,,,local:onet_task_statements+job_exposure
13-1031,,,,0.10978392162125888,0.10978392162125888,local:onet_task_statements+job_exposure
13-1031.01,0.375,0.25,0.1875,,,local:onet_task_statements+job_exposure
13-1031.02,0.23076923076923078,0.07692307692307693,0.3076923076923077,,,local:onet_task_statements+job_exposure
13-1032,,,,0.0,0.0,local:onet_task_statements+job_exposure
13-1032.00,0.0,0.2857142857142857,0.0,,,local:onet_task_statements+job_exposure
13-1041,,,,0.16252851966179035,0.16252851966179035,local:onet_task_statements+job_exposure
13-1041.01,0.3076923076923077,0.2692307692307692,0.07692307692307693,,,local:onet_task_statements+job_exposure
13-1041.02,0.16666666666666666,0.08333333333333333,0.16666666666666666,,,local:onet_task_statements+job_exposure
13-1041.03,0.15789473684210525,0.2631578947368421,0.21052631578947367,,,local:onet_task_statements+job_exposure
13-1041.04,0.5,0.08333333333333333,0.16666666666666666,,,local:onet_task_statements+job_exposure
13-1041.06,0.35,0.0,0.15,,,local:onet_task_statements+job_exposure
13-1041.07,0.3125,0.09375,0.28125,,,local:onet_task_statements+job_exposure
13-1051,,,,0.0,0.0,local:onet_task_statements+job_exposure
13-1051.00,0.38461538461538464,0.38461538461538464,0.07692307692307693,,,local:onet_task_statements+job_exposure
13-1071,,,,0.5414038384109515,0.5414038384109515,local:onet_task_statements+job_exposure
13-1071.00,0.28,0.24,0.2,,,local:onet_task_statements+job_exposure
13-1074,,,,0.0,0.0,local:onet_task_statements+job_exposure
13-1074.00,0.0,0.0,0.0,,,local:onet_task_statements+job_exposure
13-1075,,,,0.0,0.0,local:onet_task_statements+job_exposure
13-1075.00,0.14285714285714285,0.14285714285714285,0.2857142857142857,,,local:onet_task_statements+job_exposure
13-1081,,,,0.21084418198899477,0.21084418198899477,local:onet_task_statements+job_exposure
13-1081.00,0.14285714285714285,0.5714285714285714,0.09523809523809523,,,local:onet_task_statements+job_exposure
13-1081.01,0.26666666666666666,0.6,0.03333333333333333,,,local:onet_task_statements+job_exposure
13-1081.02,0.3548387096774194,0.22580645161290322,0.03225806451612903,,,local:onet_task_statements+job_exposure
13-1111,,,,0.3268017715742853,0.3268017715742853,local:onet_task_statements+job_exposure
13-1111.00,0.18181818181818182,0.45454545454545453,0.18181818181818182,,,local:onet_task_statements+job_exposure
13-1121,,,,0.1372970071131392,0.1372970071131392,local:onet_task_statements+job_exposure
13-1121.00,0.19047619047619047,0.23809523809523808,0.2857142857142857,,,local:onet_task_statements+job_exposure
13-1131,,,,0.06254194067910349,0.06254194067910349,local:onet_task_statements+job_exposure
13-1131.00,0.07142857142857142,0.32142857142857145,0.14285714285714285,,,local:onet_task_statements+job_exposure
13-1141,,,,0.08710240236209905,0.08710240236209905,local:onet_task_statements+job_exposure
13-1141.00,0.041666666666666664,0.4166666666666667,0.375,,,local:onet_task_statements+job_exposure
13-1151,,,,0.3748490135552275,0.3748490135552275,local:onet_task_statements+job_exposure
13-1151.00,0.15,0.5,0.8,,,local:onet_task_statements+job_exposure
13-1161,,,,0.8700845524090726,0.8700845524090726,local:onet_task_statements+job_exposure
13-1161.00,0.07692307692307693,0.46153846153846156,0.07692307692307693,,,local:onet_task_statements+job_exposure
13-1199,,,,0.24775197960005368,0.24775197960005368,local:onet_task_statements+job_exposure
13-1199.01,0.23809523809523808,0.2857142857142857,0.0,,,local:onet_task_statements+job_exposure
13-1199.02,0.375,0.4166666666666667,0.08333333333333333,,,local:onet_task_statements+job_exposure
13-1199.03,0.17391304347826086,0.0,0.08695652173913043,,,local:onet_task_statements+job_exposure
13-1199.04,0.14285714285714285,0.5714285714285714,0.09523809523809523,,,local:onet_task_statements+job_exposure
13-1199.05,0.14285714285714285,0.2857142857142857,0.14285714285714285,,,local:onet_task_statements+job_exposure
13-1199.06,0.058823529411764705,0.08823529411764706,0.0,,,local:onet_task_statements+job_exposure
13-2011,,,,0.466782982150047,0.466782982150047,local:onet_task_statements+job_exposure
13-2011.01,0.3125,0.4375,0.1875,,,local:onet_task_statements+job_exposure
13-2011.02,0.35,0.25,0.05,,,local:onet_task_statements+job_exposure
13-2021.01,0.2,0.05,0.0,,,local:onet_task_statements+job_exposure
13-2021.02,0.25,0.25,0.125,,,local:onet_task_statements+job_exposure
13-2031,,,,0.09018923634411488,0.09018923634411488,local:onet_task_statements+job_exposure
13-2031.00,0.07692307692307693,0.23076923076923078,0.15384615384615385,,,local:onet_task_statements+job_exposure
13-2041,,,,0.22614414172594285,0.22614414172594285,local:onet_task_statements+job_exposure
13-2041.00,0.2,0.6,0.2,,,local:onet_task_statements+job_exposure
13-2051,,,,0.767145349617501,0.767145349617501,local:onet_task_statements+job_exposure
13-2051.00,0.1111111111111111,0.3888888888888889,0.1111111111111111,,,local:onet_task_statements+job_exposure
13-2052,,,,0.4702724466514562,0.4702724466514562,local:onet_task_statements+job_exposure
13-2052.00,0.14285714285714285,0.6190476190476191,0.09523809523809523,,,local:onet_task_statements+job_exposure
13-2053,,,,0.08388135820695208,0.08388135820695208,local:onet_task_statements+job_exposure
13-2053.00,0.2857142857142857,0.14285714285714285,0.14285714285714285,,,local:onet_task_statements+job_exposure
13-2054,,,,0.35552274862434574,0.35552274862434574,local:onet_task_statements+job_exposure
13-2061,,,,0.05744195410012079,0.05744195410012079,local:onet_task_statements+job_exposure
13-2061.00,0.35294117647058826,0.35294117647058826,0.17647058823529413,,,local:onet_task_statements+job_exposure
13-2071,,,,0.31418601529995976,0.31418601529995976,local:onet_task_statements+job_exposure
13-2071.00,0.08695652173913043,0.34782608695652173,0.34782608695652173,,,local:onet_task_statements+job_exposure
13-2071.01,0.03571428571428571,0.21428571428571427,0.21428571428571427,,,local:onet_task_statements+job_exposure
13-2072,,,,0.24922829150449605,0.24922829150449605,local:onet_task_statements+job_exposure
13-2072.00,0.13043478260869565,0.13043478260869565,0.08695652173913043,,,local:onet_task_statements+job_exposure
13-2081,,,,0.03690779761105892,0.03690779761105892,local:onet_task_statements+job_exposure
13-2081.00,0.46153846153846156,0.15384615384615385,0.11538461538461539,,,local:onet_task_statements+job_exposure
13-2082,,,,0.17219165212723125,0.17219165212723125,local:onet_task_statements+job_exposure
13-2082.00,0.18181818181818182,0.09090909090909091,0.2727272727272727,,,local:onet_task_statements+job_exposure
13-2099,,,,0.29553080123473363,0.29553080123473363,local:onet_task_statements+job_exposure
13-2099.01,0.047619047619047616,0.7619047619047619,0.047619047619047616,,,local:onet_task_statements+job_exposure
13-2099.02,0.16666666666666666,0.4583333333333333,0.125,,,local:onet_task_statements+job_exposure
13-2099.03,0.05263157894736842,0.3157894736842105,0.2631578947368421,,,local:onet_task_statements+job_exposure
13-2099.04,0.13043478260869565,0.17391304347826086,0.30434782608695654,,,local:onet_task_statements+job_exposure
15-1111.00,0.2,0.4666666666666667,0.13333333333333333,,,local:onet_task_statements+job_exposure
15-1121.00,0.2857142857142857,0.38095238095238093,0.2857142857142857,,,local:onet_task_statements+job_exposure
15-1121.01,0.11764705882352941,0.8823529411764706,0.17647058823529413,,,local:onet_task_statements+job_exposure
15-1122.00,0.5833333333333334,0.16666666666666666,0.16666666666666666,,,local:onet_task_statements+job_exposure
15-1131.00,0.13333333333333333,0.26666666666666666,0.26666666666666666,,,local:onet_task_statements+job_exposure
15-1132.00,0.13333333333333333,0.4666666666666667,0.26666666666666666,,,local:onet_task_statements+job_exposure
15-1133.00,0.21052631578947367,0.47368421052631576,0.3157894736842105,,,local:onet_task_statements+job_exposure
15-1134.00,0.21621621621621623,0.5405405405405406,0.02702702702702703,,,local:onet_task_statements+job_exposure
15-1141.00,0.2222222222222222,0.4444444444444444,0.16666666666666666,,,local:onet_task_statements+job_exposure
15-1142.00,0.3,0.35,0.2,,,local:onet_task_statements+job_exposure
15-1143.00,0.15151515151515152,0.6363636363636364,0.2727272727272727,,,local:onet_task_statements+job_exposure
15-1143.01,0.19230769230769232,0.19230769230769232,0.15384615384615385,,,local:onet_task_statements+job_exposure
15-1151.00,0.1875,0.3125,0.125,,,local:onet_task_statements+job_exposure
15-1152.00,0.15384615384615385,0.15384615384615385,0.038461538461538464,,,local:onet_task_statements+job_exposure
15-1199.01,0.32142857142857145,0.42857142857142855,0.03571428571428571,,,local:onet_task_statements+job_exposure
15-1199.02,0.10714285714285714,0.6071428571428571,0.14285714285714285,,,local:onet_task_statements+job_exposure
15-1199.03,0.37142857142857144,0.45714285714285713,0.05714285714285714,,,local:onet_task_statements+job_exposure
15-1199.04,0.08333333333333333,0.5,0.2916666666666667,,,local:onet_task_statements+job_exposure
15-1199.05,0.05263157894736842,0.5263157894736842,0.21052631578947367,,,local:onet_task_statements+job_exposure
15-1199.06,0.2777777777777778,0.6666666666666666,0.05555555555555555,,,local:onet_task_statements+job_exposure
15-1199.07,0.3888888888888889,0.3888888888888889,0.05555555555555555,,,local:onet_task_statements+job_exposure
15-1199.08,0.23529411764705882,0.35294117647058826,0.11764705882352941,,,local:onet_task_statements+job_exposure
15-1199.09,0.23809523809523808,0.38095238095238093,0.19047619047619047,,,local:onet_task_statements+job_exposure
15-1199.10,0.05555555555555555,0.5277777777777778,0.19444444444444445,,,local:onet_task_statements+job_exposure
15-1199.11,0.16666666666666666,0.5833333333333334,0.125,,,local:onet_task_statements+job_exposure
15-1199.12,0.782608695652174,0.2608695652173913,0.21739130434782608,,,local:onet_task_statements+job_exposure
15-1211,,,,0.3708227083612938,0.3708227083612938,local:onet_task_statements+job_exposure
15-1212,,,,0.6521272312441283,0.6521272312441283,local:onet_task_statements+job_exposure
15-1221,,,,0.45685142933834383,0.45685142933834383,local:onet_task_statements+job_exposure
15-1231,,,,0.38478056636693064,0.38478056636693064,local:onet_task_statements+job_exposure
15-1232,,,,0.6287746611193129,0.6287746611193129,local:onet_task_statements+job_exposure
15-1241,,,,0.26667561401154205,0.26667561401154205,local:onet_task_statements+job_exposure
15-1242,,,,0.4449067239296739,0.4449067239296739,local:onet_task_statements+job_exposure
15-1243,,,,0.7766742719098108,0.7766742719098108,local:onet_task_statements+job_exposure
15-1244,,,,0.45269091397127903,0.45269091397127903,local:onet_task_statements+job_exposure
15-1251,,,,1.0,1.0,local:onet_task_statements+job_exposure
15-1252,,,,0.3865252986176352,0.3865252986176352,local:onet_task_statements+job_exposure
15-1253,,,,0.6972218494161857,0.6972218494161857,local:onet_task_statements+job_exposure
15-1254,,,,0.6444772513756543,0.6444772513756543,local:onet_task_statements+job_exposure
15-1255,,,,0.3341833310964971,0.3341833310964971,local:onet_task_statements+job_exposure
15-1299,,,,0.41685679774526907,0.41685679774526907,local:onet_task_statements+job_exposure
15-2011,,,,0.07233928331767549,0.07233928331767549,local:onet_task_statements+job_exposure
15-2011.00,0.0,0.21428571428571427,0.07142857142857142,,,local:onet_task_statements+job_exposure
15-2021,,,,0.5691853442490941,0.5691853442490941,local:onet_task_statements+job_exposure
15-2021.00,0.0,0.5454545454545454,0.09090909090909091,,,local:onet_task_statements+job_exposure
15-2031,,,,0.5754932223862569,0.5754932223862569,local:onet_task_statements+job_exposure
15-2031.00,0.07142857142857142,0.7142857142857143,0.0,,,local:onet_task_statements+job_exposure
15-2041,,,,0.2827808347872769,0.2827808347872769,local:onet_task_statements+job_exposure
15-2041.00,0.1111111111111111,0.6111111111111112,0.05555555555555555,,,local:onet_task_statements+job_exposure
15-2041.01,0.12,0.6,0.2,,,local:onet_task_statements+job_exposure
15-2041.02,0.38095238095238093,0.38095238095238093,0.09523809523809523,,,local:onet_task_statements+job_exposure
15-2051,,,,0.618037847268823,0.618037847268823,local:onet_task_statements+job_exposure
15-2091.00,0.3333333333333333,0.16666666666666666,0.0,,,local:onet_task_statements+job_exposure
15-2099,,,,0.6432693598174741,0.6432693598174741,local:onet_task_statements+job_exposure
17-1011,,,,0.1052207757348007,0.1052207757348007,local:onet_task_statements+job_exposure
17-1011.00,0.20833333333333334,0.625,0.25,,,local:onet_task_statements+job_exposure
17-1012,,,,0.0,0.0,local:onet_task_statements+job_exposure
17-1012.00,0.10526315789473684,0.8421052631578947,0.42105263157894735,,,local:onet_task_statements+job_exposure
17-1021,,,,0.10736813850489868,0.10736813850489868,local:onet_task_statements+job_exposure
17-1021.00,0.2857142857142857,0.21428571428571427,0.0,,,local:onet_task_statements+job_exposure
17-1022,,,,0.0029526238088847137,0.0029526238088847137,local:onet_task_statements+job_exposure
17-1022.00,0.21739130434782608,0.21739130434782608,0.08695652173913043,,,local:onet_task_statements+job_exposure
17-1022.01,0.0,0.25,0.25,,,local:onet_task_statements+job_exposure
17-2011,,,,0.10106026036773588,0.10106026036773588,local:onet_task_statements+job_exposure
17-2011.00,0.2222222222222222,0.8888888888888888,0.1111111111111111,,,local:onet_task_statements+job_exposure
17-2021,,,,0.0,0.0,local:onet_task_statements+job_exposure
17-2021.00,0.35714285714285715,0.6428571428571429,0.14285714285714285,,,local:onet_task_statements+job_exposure
17-2031,,,,0.1782311099181318,0.1782311099181318,local:onet_task_statements+job_exposure
17-2031.00,0.2631578947368421,0.5789473684210527,0.2631578947368421,,,local:onet_task_statements+job_exposure
17-2041,,,,0.0,0.0,local:onet_task_statements+job_exposure
17-2041.00,0.5833333333333334,0.5833333333333334,0.0,,,local:onet_task_statements+job_exposure
17-2051,,,,0.01087102402362099,0.01087102402362099,local:onet_task_statements+job_exposure
17-2051.00,0.11764705882352941,0.5882352941176471,0.11764705882352941,,,local:onet_task_statements+job_exposure
17-2051.01,0.19230769230769232,0.5384615384615384,0.11538461538461539,,,local:onet_task_statements+job_exposure
17-2061,,,,0.19500738155952224,0.19500738155952224,local:onet_task_statements+job_exposure
17-2061.00,0.2777777777777778,0.6111111111111112,0.16666666666666666,,,local:onet_task_statements+job_exposure
17-2071,,,,0.07918400214736276,0.07918400214736276,local:onet_task_statements+job_exposure
17-2071.00,0.13636363636363635,0.4090909090909091,0.18181818181818182,,,local:onet_task_statements+job_exposure
17-2072,,,,0.13407596295799223,0.13407596295799223,local:onet_task_statements+job_exposure
17-2072.00,0.18181818181818182,0.5909090909090909,0.13636363636363635,,,local:onet_task_statements+job_exposure
17-2072.01,0.19047619047619047,0.2857142857142857,0.047619047619047616,,,local:onet_task_statements+job_exposure
17-2081,,,,0.04804724198094215,0.04804724198094215,local:onet_task_statements+job_exposure
17-2081.00,0.2857142857142857,0.39285714285714285,0.35714285714285715,,,local:onet_task_statements+job_exposure
17-2081.01,0.037037037037037035,0.8518518518518519,0.0,,,local:onet_task_statements+job_exposure
17-2111,,,,0.0,0.0,local:onet_task_statements+job_exposure
17-2111.01,0.3333333333333333,0.3333333333333333,0.14285714285714285,,,local:onet_task_statements+job_exposure
17-2111.02,0.15384615384615385,0.46153846153846156,0.3076923076923077,,,local:onet_task_statements+job_exposure
17-2111.03,0.0,0.5,0.0,,,local:onet_task_statements+job_exposure
17-2112,,,,0.049255133539122274,0.049255133539122274,local:onet_task_statements+job_exposure
17-2112.00,0.35,0.45,0.15,,,local:onet_task_statements+job_exposure
17-2112.01,0.2692307692307692,0.6153846153846154,0.19230769230769232,,,local:onet_task_statements+job_exposure
17-2121,,,,0.04804724198094215,0.04804724198094215,local:onet_task_statements+job_exposure
17-2121.01,0.2608695652173913,0.2608695652173913,0.13043478260869565,,,local:onet_task_statements+job_exposure
17-2121.02,0.0,0.7142857142857143,0.0,,,local:onet_task_statements+job_exposure
17-2131,,,,0.0,0.0,local:onet_task_statements+job_exposure
17-2131.00,0.25,0.5,0.15,,,local:onet_task_statements+job_exposure
17-2141,,,,0.10911287075560328,0.10911287075560328,local:onet_task_statements+job_exposure
17-2141.00,0.17857142857142858,0.5714285714285714,0.10714285714285714,,,local:onet_task_statements+job_exposure
17-2141.01,0.07692307692307693,0.5384615384615384,0.07692307692307693,,,local:onet_task_statements+job_exposure
17-2141.02,0.04,0.64,0.08,,,local:onet_task_statements+job_exposure
17-2151,,,,0.0,0.0,local:onet_task_statements+job_exposure
17-2151.00,0.3888888888888889,0.5555555555555556,0.1111111111111111,,,local:onet_task_statements+job_exposure
17-2161,,,,0.0,0.0,local:onet_task_statements+job_exposure
17-2161.00,0.2,0.7,0.1,,,local:onet_task_statements+job_exposure
17-2171,,,,0.0,0.0,local:onet_task_statements+job_exposure
17-2171.00,0.2608695652173913,0.5217391304347826,0.13043478260869565,,,local:onet_task_statements+job_exposure
17-2199,,,,0.08844450409341029,0.08844450409341029,local:onet_task_statements+job_exposure
17-2199.01,0.5714285714285714,0.6571428571428571,0.17142857142857143,,,local:onet_task_statements+job_exposure
17-2199.02,0.36363636363636365,0.2727272727272727,0.18181818181818182,,,local:onet_task_statements+job_exposure
17-2199.03,0.19047619047619047,0.5238095238095238,0.23809523809523808,,,local:onet_task_statements+job_exposure
17-2199.04,0.375,0.625,0.08333333333333333,,,local:onet_task_statements+job_exposure
17-2199.05,0.34782608695652173,0.7391304347826086,0.043478260869565216,,,local:onet_task_statements+job_exposure
17-2199.06,0.6129032258064516,0.7096774193548387,0.12903225806451613,,,local:onet_task_statements+job_exposure
17-2199.07,0.23076923076923078,0.7307692307692307,0.07692307692307693,,,local:onet_task_statements+job_exposure
17-2199.08,0.16666666666666666,0.5,0.041666666666666664,,,local:onet_task_statements+job_exposure
17-2199.09,0.24,0.56,0.08,,,local:onet_task_statements+job_exposure
17-2199.10,0.25,0.4375,0.0625,,,local:onet_task_statements+job_exposure
17-2199.11,0.3076923076923077,0.7692307692307693,0.07692307692307693,,,local:onet_task_statements+job_exposure
17-3011,,,,0.0,0.0,local:onet_task_statements+job_exposure
17-3011.01,0.23529411764705882,0.7058823529411765,0.29411764705882354,,,local:onet_task_statements+job_exposure
17-3011.02,0.26666666666666666,0.2,0.3333333333333333,,,local:onet_task_statements+job_exposure
17-3012,,,,0.11931284391356867,0.11931284391356867,local:onet_task_statements+job_exposure
17-3012.01,0.14285714285714285,0.6428571428571429,0.35714285714285715,,,local:onet_task_statements+job_exposure
17-3012.02,0.0625,0.125,0.125,,,local:onet_task_statements+job_exposure
17-3013,,,,0.0,0.0,local:onet_task_statements+job_exposure
17-3013.00,0.0,0.5,0.35714285714285715,,,local:onet_task_statements+job_exposure
17-3021,,,,0.0,0.0,local:onet_task_statements+job_exposure
17-3021.00,0.2727272727272727,0.2727272727272727,0.0,,,local:onet_task_statements+job_exposure
17-3022,,,,0.10414709434975172,0.10414709434975172,local:onet_task_statements+job_exposure
17-3022.00,0.23076923076923078,0.6153846153846154,0.07692307692307693,,,local:onet_task_statements+job_exposure
17-3023,,,,0.027110454972486913,0.027110454972486913,local:onet_task_statements+job_exposure
17-3023.01,0.2631578947368421,0.3157894736842105,0.21052631578947367,,,local:onet_task_statements+job_exposure
17-3023.03,0.125,0.4166666666666667,0.08333333333333333,,,local:onet_task_statements+job_exposure
17-3024,,,,0.0,0.0,local:onet_task_statements+job_exposure
17-3024.00,0.3333333333333333,0.08333333333333333,0.08333333333333333,,,local:onet_task_statements+job_exposure
17-3024.01,0.21739130434782608,0.21739130434782608,0.13043478260869565,,,local:onet_task_statements+job_exposure
17-3025,,,,0.13810226815192592,0.13810226815192592,local:onet_task_statements+job_exposure
17-3025.00,0.34615384615384615,0.34615384615384615,0.11538461538461539,,,local:onet_task_statements+job_exposure
17-3026,,,,0.0,0.0,local:onet_task_statements+job_exposure
17-3026.00,0.35294117647058826,0.29411764705882354,0.0,,,local:onet_task_statements+job_exposure
17-3027,,,,0.09166554824855724,0.09166554824855724,local:onet_task_statements+job_exposure
17-3027.00,0.2222222222222222,0.4444444444444444,0.05555555555555555,,,local:onet_task_statements+job_exposure
17-3027.01,0.16666666666666666,0.2777777777777778,0.0,,,local:onet_task_statements+job_exposure
17-3029,,,,0.0,0.0,local:onet_task_statements+job_exposure
17-3029.01,0.125,0.25,0.125,,,local:onet_task_statements+job_exposure
17-3029.02,0.2,0.55,0.1,,,local:onet_task_statements+job_exposure
17-3029.03,0.23529411764705882,0.47058823529411764,0.11764705882352941,,,local:onet_task_statements+job_exposure
17-3029.04,0.30434782608695654,0.43478260869565216,0.13043478260869565,,,local:onet_task_statements+job_exposure
17-3029.05,0.2608695652173913,0.6086956521739131,0.043478260869565216,,,local:onet_task_statements+job_exposure
17-3029.06,0.3793103448275862,0.4482758620689655,0.13793103448275862,,,local:onet_task_statements+job_exposure
17-3029.07,0.38095238095238093,0.5238095238095238,0.14285714285714285,,,local:onet_task_statements+job_exposure
17-3029.08,0.4,0.3,0.1,,,local:onet_task_statements+job_exposure
17-3029.09,0.3333333333333333,0.06666666666666667,0.06666666666666667,,,local:onet_task_statements+job_exposure
17-3029.10,0.1875,0.1875,0.0625,,,local:onet_task_statements+job_exposure
17-3029.11,0.29411764705882354,0.29411764705882354,0.11764705882352941,,,local:onet_task_statements+job_exposure
17-3029.12,0.5263157894736842,0.05263157894736842,0.10526315789473684,,,local:onet_task_statements+job_exposure
17-3031,,,,0.0,0.0,local:onet_task_statements+job_exposure
17-3031.01,0.21052631578947367,0.10526315789473684,0.05263157894736842,,,local:onet_task_statements+job_exposure
17-3031.02,0.16,0.24,0.12,,,local:onet_task_statements+job_exposure
19-1011,,,,0.0,0.0,local:onet_task_statements+job_exposure
19-1011.00,0.2222222222222222,0.4444444444444444,0.3333333333333333,,,local:onet_task_statements+job_exposure
19-1012,,,,0.0,0.0,local:onet_task_statements+job_exposure
19-1012.00,0.46153846153846156,0.38461538461538464,0.07692307692307693,,,local:onet_task_statements+job_exposure
19-1013,,,,0.06884981881626627,0.06884981881626627,local:onet_task_statements+job_exposure
19-1013.00,0.037037037037037035,0.6296296296296297,0.07407407407407407,,,local:onet_task_statements+job_exposure
19-1020.01,0.045454545454545456,0.6818181818181818,0.2727272727272727,,,local:onet_task_statements+job_exposure
19-1021,,,,0.10146289088712925,0.10146289088712925,local:onet_task_statements+job_exposure
19-1021.00,0.2608695652173913,0.6521739130434783,0.13043478260869565,,,local:onet_task_statements+job_exposure
19-1022,,,,0.13004965776405852,0.13004965776405852,local:onet_task_statements+job_exposure
19-1022.00,0.14285714285714285,0.5,0.0,,,local:onet_task_statements+job_exposure
19-1023,,,,0.08133136491746075,0.08133136491746075,local:onet_task_statements+job_exposure
19-1023.00,0.0,0.4,0.2,,,local:onet_task_statements+job_exposure
19-1029,,,,0.3290833445175144,0.3290833445175144,local:onet_task_statements+job_exposure
19-1029.01,0.05,0.45,0.15,,,local:onet_task_statements+job_exposure
19-1029.02,0.14285714285714285,0.7142857142857143,0.14285714285714285,,,local:onet_task_statements+job_exposure
19-1029.03,0.08333333333333333,0.7083333333333334,0.125,,,local:onet_task_statements+job_exposure
19-1031,,,,0.0,0.0,local:onet_task_statements+job_exposure
19-1031.01,0.06060606060606061,0.5454545454545454,0.12121212121212122,,,local:onet_task_statements+job_exposure
19-1031.02,0.0625,0.5625,0.0,,,local:onet_task_statements+job_exposure
19-1031.03,0.125,0.3125,0.1875,,,local:onet_task_statements+job_exposure
19-1032,,,,0.0,0.0,local:onet_task_statements+job_exposure
19-1032.00,0.2,0.36,0.12,,,local:onet_task_statements+job_exposure
19-1041,,,,0.0,0.0,local:onet_task_statements+job_exposure
19-1041.00,0.06666666666666667,0.6,0.26666666666666666,,,local:onet_task_statements+job_exposure
19-1042,,,,0.051134075962958,0.051134075962958,local:onet_task_statements+job_exposure
19-1042.00,0.07692307692307693,0.46153846153846156,0.23076923076923078,,,local:onet_task_statements+job_exposure
19-2011,,,,0.5165749563816938,0.5165749563816938,local:onet_task_statements+job_exposure
19-2011.00,0.0,0.6428571428571429,0.21428571428571427,,,local:onet_task_statements+job_exposure
19-2012,,,,0.36599114212857337,0.36599114212857337,local:onet_task_statements+job_exposure
19-2012.00,0.13333333333333333,0.6666666666666666,0.2,,,local:onet_task_statements+job_exposure
19-2021,,,,0.05099986578982687,0.05099986578982687,local:onet_task_statements+job_exposure
19-2021.00,0.125,0.375,0.125,,,local:onet_task_statements+job_exposure
19-2031,,,,0.3508253925647564,0.3508253925647564,local:onet_task_statements+job_exposure
19-2031.00,0.3076923076923077,0.38461538461538464,0.07692307692307693,,,local:onet_task_statements+job_exposure
19-2032,,,,0.2473493490806603,0.2473493490806603,local:onet_task_statements+job_exposure
19-2032.00,0.2,0.4,0.06666666666666667,,,local:onet_task_statements+job_exposure
19-2041,,,,0.07354717487585559,0.07354717487585559,local:onet_task_statements+job_exposure
19-2041.00,0.4090909090909091,0.5909090909090909,0.09090909090909091,,,local:onet_task_statements+job_exposure
19-2041.01,0.07142857142857142,0.35714285714285715,0.21428571428571427,,,local:onet_task_statements+job_exposure
19-2041.02,0.09090909090909091,0.5909090909090909,0.18181818181818182,,,local:onet_task_statements+job_exposure
19-2041.03,0.21052631578947367,0.47368421052631576,0.02631578947368421,,,local:onet_task_statements+job_exposure
19-2042,,,,0.05771037444638303,0.05771037444638303,local:onet_task_statements+job_exposure
19-2042.00,0.16129032258064516,0.6451612903225806,0.0967741935483871,,,local:onet_task_statements+job_exposure
19-2043,,,,0.10038920950208027,0.10038920950208027,local:onet_task_statements+job_exposure
19-2043.00,0.16,0.64,0.12,,,local:onet_task_statements+job_exposure
19-2099,,,,0.05086565561669575,0.05086565561669575,local:onet_task_statements+job_exposure
19-2099.01,0.125,0.375,0.08333333333333333,,,local:onet_task_statements+job_exposure
19-3011,,,,0.32452019863105624,0.32452019863105624,local:onet_task_statements+job_exposure
19-3011.00,0.0,0.4166666666666667,0.25,,,local:onet_task_statements+job_exposure
19-3011.01,0.10526315789473684,0.5789473684210527,0.10526315789473684,,,local:onet_task_statements+job_exposure
19-3022,,,,0.5792511072339284,0.5792511072339284,local:onet_task_statements+job_exposure
19-3022.00,0.3333333333333333,0.4666666666666667,0.4666666666666667,,,local:onet_task_statements+job_exposure
19-3031.01,0.10526315789473684,0.47368421052631576,0.3684210526315789,,,local:onet_task_statements+job_exposure
19-3031.02,0.09523809523809523,0.5238095238095238,0.3333333333333333,,,local:onet_task_statements+job_exposure
19-3031.03,0.07692307692307693,0.46153846153846156,0.46153846153846156,,,local:onet_task_statements+job_exposure
19-3032,,,,0.21164944302778152,0.21164944302778152,local:onet_task_statements+job_exposure
19-3032.00,0.0,0.52,0.44,,,local:onet_task_statements+job_exposure
19-3033,,,,0.0793182123204939,0.0793182123204939,local:onet_task_statements+job_exposure
19-3034,,,,0.0626761508522346,0.0626761508522346,local:onet_task_statements+job_exposure
19-3039,,,,0.0,0.0,local:onet_task_statements+job_exposure
19-3039.01,0.05555555555555555,0.3888888888888889,0.2222222222222222,,,local:onet_task_statements+job_exposure
19-3041,,,,0.5144275936115957,0.5144275936115957,local:onet_task_statements+job_exposure
19-3041.00,0.08333333333333333,0.8333333333333334,0.4166666666666667,,,local:onet_task_statements+job_exposure
19-3051,,,,0.12870755603274728,0.12870755603274728,local:onet_task_statements+job_exposure
19-3051.00,0.0,0.6842105263157895,0.21052631578947367,,,local:onet_task_statements+job_exposure
19-3091,,,,0.181720574419541,0.181720574419541,local:onet_task_statements+job_exposure
19-3091.01,0.14285714285714285,0.4642857142857143,0.39285714285714285,,,local:onet_task_statements+job_exposure
19-3091.02,0.1875,0.25,0.3125,,,local:onet_task_statements+job_exposure
19-3092,,,,0.14709434975171118,0.14709434975171118,local:onet_task_statements+job_exposure
19-3092.00,0.08333333333333333,0.3333333333333333,0.3333333333333333,,,local:onet_task_statements+job_exposure
19-3093,,,,0.037578848476714534,0.037578848476714534,local:onet_task_statements+job_exposure
19-3093.00,0.14285714285714285,0.38095238095238093,0.2857142857142857,,,local:onet_task_statements+job_exposure
19-3094,,,,0.6066299825526775,0.6066299825526775,local:onet_task_statements+job_exposure
19-3094.00,0.0,0.5833333333333334,0.3333333333333333,,,local:onet_task_statements+job_exposure
19-3099,,,,0.04388672661387733,0.04388672661387733,local:onet_task_statements+job_exposure
19-3099.01,0.13636363636363635,0.7272727272727273,0.045454545454545456,,,local:onet_task_statements+job_exposure
19-4011.01,0.15384615384615385,0.34615384615384615,0.07692307692307693,,,local:onet_task_statements+job_exposure
19-4011.02,0.3333333333333333,0.2,0.13333333333333333,,,local:onet_task_statements+job_exposure
19-4012,,,,0.007784190041605153,0.007784190041605153,local:onet_task_statements+job_exposure
19-4013,,,,0.2735203328412294,0.2735203328412294,local:onet_task_statements+job_exposure
19-4021,,,,0.08039189370554288,0.08039189370554288,local:onet_task_statements+job_exposure
19-4021.00,0.125,0.3125,0.0625,,,local:onet_task_statements+job_exposure
19-4031,,,,0.4224936250167763,0.4224936250167763,local:onet_task_statements+job_exposure
19-4031.00,0.4375,0.3125,0.25,,,local:onet_task_statements+job_exposure
19-4041.01,0.23809523809523808,0.2857142857142857,0.047619047619047616,,,local:onet_task_statements+job_exposure
19-4041.02,0.17647058823529413,0.35294117647058826,0.0,,,local:onet_task_statements+job_exposure
19-4042,,,,0.1937994900013421,0.1937994900013421,local:onet_task_statements+job_exposure
19-4043,,,,0.3073412964702725,0.3073412964702725,local:onet_task_statements+job_exposure
19-4051,,,,0.0,0.0,local:onet_task_statements+job_exposure
19-4051.01,0.11764705882352941,0.058823529411764705,0.11764705882352941,,,local:onet_task_statements+job_exposure
19-4051.02,0.3157894736842105,0.15789473684210525,0.05263157894736842,,,local:onet_task_statements+job_exposure
19-4061,,,,0.5895852905650248,0.5895852905650248,local:onet_task_statements+job_exposure
19-4061.00,0.08695652173913043,0.5652173913043478,0.2608695652173913,,,local:onet_task_statements+job_exposure
19-4061.01,0.4166666666666667,0.5,0.08333333333333333,,,local:onet_task_statements+job_exposure
19-4071,,,,0.02966044826197826,0.02966044826197826,local:onet_task_statements+job_exposure
19-4091.00,0.4,0.32,0.08,,,local:onet_task_statements+job_exposure
19-4092,,,,0.0,0.0,local:onet_task_statements+job_exposure
19-4092.00,0.19047619047619047,0.14285714285714285,0.047619047619047616,,,local:onet_task_statements+job_exposure
19-4093.00,0.25,0.4,0.15,,,local:onet_task_statements+job_exposure
19-4099,,,,0.12817071534022279,0.12817071534022279,local:onet_task_statements+job_exposure
19-4099.01,0.2692307692307692,0.11538461538461539,0.07692307692307693,,,local:onet_task_statements+job_exposure
19-4099.02,0.13043478260869565,0.391304347826087,0.13043478260869565,,,local:onet_task_statements+job_exposure
19-4099.03,0.3181818181818182,0.22727272727272727,0.13636363636363635,,,local:onet_task_statements+job_exposure
19-5011,,,,0.0,0.0,local:onet_task_statements+job_exposure
19-5012,,,,0.0,0.0,local:onet_task_statements+job_exposure
21-1011.00,0.08695652173913043,0.34782608695652173,0.30434782608695654,,,local:onet_task_statements+job_exposure
21-1012,,,,0.1586364246409878,0.1586364246409878,local:onet_task_statements+job_exposure
21-1012.00,0.11764705882352941,0.29411764705882354,0.47058823529411764,,,local:onet_task_statements+job_exposure
21-1013,,,,0.0,0.0,local:onet_task_statements+job_exposure
21-1013.00,0.0625,0.25,0.25,,,local:onet_task_statements+job_exposure
21-1014.00,0.19230769230769232,0.4230769230769231,0.2692307692307692,,,local:onet_task_statements+job_exposure
21-1015,,,,0.0,0.0,local:onet_task_statements+job_exposure
21-1015.00,0.25,0.6875,0.1875,,,local:onet_task_statements+job_exposure
21-1021,,,,0.009931552811703128,0.009931552811703128,local:onet_task_statements+job_exposure
21-1021.00,0.08695652173913043,0.21739130434782608,0.5652173913043478,,,local:onet_task_statements+job_exposure
21-1022,,,,0.12293651858810899,0.12293651858810899,local:onet_task_statements+job_exposure
21-1022.00,0.1875,0.5625,0.3125,,,local:onet_task_statements+job_exposure
21-1023,,,,0.0,0.0,local:onet_task_statements+job_exposure
21-1023.00,0.15384615384615385,0.6153846153846154,0.6153846153846154,,,local:onet_task_statements+job_exposure
21-1091,,,,0.1846731982284257,0.1846731982284257,local:onet_task_statements+job_exposure
21-1091.00,0.0625,0.6875,0.375,,,local:onet_task_statements+job_exposure
21-1092,,,,0.0,0.0,local:onet_task_statements+job_exposure
21-1092.00,0.047619047619047616,0.19047619047619047,0.23809523809523808,,,local:onet_task_statements+job_exposure
21-1093,,,,0.0,0.0,local:onet_task_statements+job_exposure
21-1093.00,0.05555555555555555,0.05555555555555555,0.3888888888888889,,,local:onet_task_statements+job_exposure
21-1094,,,,0.0,0.0,local:onet_task_statements+job_exposure
21-1094.00,0.1724137931034483,0.10344827586206896,0.3448275862068966,,,local:onet_task_statements+job_exposure
21-2011,,,,0.14977855321433364,0.14977855321433364,local:onet_task_statements+job_exposure
21-2011.00,0.0,0.047619047619047616,0.23809523809523808,,,local:onet_task_statements+job_exposure
21-2021,,,,0.20534156489061872,0.20534156489061872,local:onet_task_statements+job_exposure
21-2021.00,0.05263157894736842,0.3684210526315789,0.10526315789473684,,,local:onet_task_statements+job_exposure
23-1011,,,,0.22453361964836935,0.22453361964836935,local:onet_task_statements+job_exposure
23-1011.00,0.13636363636363635,0.13636363636363635,0.45454545454545453,,,local:onet_task_statements+job_exposure
23-1012,,,,0.22869413501543417,0.22869413501543417,local:onet_task_statements+job_exposure
23-1012.00,0.3684210526315789,0.05263157894736842,0.15789473684210525,,,local:onet_task_statements+job_exposure
23-1021,,,,0.409072607703664,0.409072607703664,local:onet_task_statements+job_exposure
23-1021.00,0.15384615384615385,0.15384615384615385,0.0,,,local:onet_task_statements+job_exposure
23-1022,,,,0.32559388001610523,0.32559388001610523,local:onet_task_statements+job_exposure
23-1022.00,0.1,0.2,0.1,,,local:onet_task_statements+job_exposure
23-1023,,,,0.4172594282646625,0.4172594282646625,local:onet_task_statements+job_exposure
23-1023.00,0.1,0.1,0.15,,,local:onet_task_statements+job_exposure
23-2011,,,,0.39283317675479806,0.39283317675479806,local:onet_task_statements+job_exposure
23-2011.00,0.5833333333333334,0.16666666666666666,0.3333333333333333,,,local:onet_task_statements+job_exposure
23-2091.00,0.7272727272727273,0.0,0.0,,,local:onet_task_statements+job_exposure
23-2093,,,,0.028989397396322645,0.028989397396322645,local:onet_task_statements+job_exposure
23-2093.00,0.47058823529411764,0.11764705882352941,0.0,,,local:onet_task_statements+job_exposure
25-1011,,,,0.4122936518588109,0.4122936518588109,local:onet_task_statements+job_exposure
25-1011.00,0.08333333333333333,0.375,0.25,,,local:onet_task_statements+job_exposure
25-1021,,,,0.3239833579385318,0.3239833579385318,local:onet_task_statements+job_exposure
25-1021.00,0.08,0.36,0.28,,,local:onet_task_statements+job_exposure
25-1022,,,,0.577774795329486,0.577774795329486,local:onet_task_statements+job_exposure
25-1022.00,0.09090909090909091,0.3181818181818182,0.2727272727272727,,,local:onet_task_statements+job_exposure
25-1031,,,,0.0,0.0,local:onet_task_statements+job_exposure
25-1031.00,0.09090909090909091,0.36363636363636365,0.2727272727272727,,,local:onet_task_statements+job_exposure
25-1032,,,,0.48168031136760164,0.48168031136760164,local:onet_task_statements+job_exposure
25-1032.00,0.08695652173913043,0.30434782608695654,0.2608695652173913,,,local:onet_task_statements+job_exposure
25-1041,,,,0.0,0.0,local:onet_task_statements+job_exposure
25-1041.00,0.08695652173913043,0.34782608695652173,0.30434782608695654,,,local:onet_task_statements+job_exposure
25-1042,,,,0.3910884445040934,0.3910884445040934,local:onet_task_statements+job_exposure
25-1042.00,0.07692307692307693,0.2692307692307692,0.3076923076923077,,,local:onet_task_statements+job_exposure
25-1043,,,,0.02764729566501141,0.02764729566501141,local:onet_task_statements+job_exposure
25-1043.00,0.08,0.32,0.28,,,local:onet_task_statements+job_exposure
25-1051,,,,0.05314722855992485,0.05314722855992485,local:onet_task_statements+job_exposure
25-1051.00,0.07692307692307693,0.3076923076923077,0.23076923076923078,,,local:onet_task_statements+job_exposure
25-1052,,,,0.2932492282915045,0.2932492282915045,local:onet_task_statements+job_exposure
25-1052.00,0.11538461538461539,0.3076923076923077,0.3076923076923077,,,local:onet_task_statements+job_exposure
25-1053,,,,0.031136760166420613,0.031136760166420613,local:onet_task_statements+job_exposure
25-1053.00,0.08333333333333333,0.2916666666666667,0.25,,,local:onet_task_statements+job_exposure
25-1054,,,,0.0,0.0,local:onet_task_statements+job_exposure
25-1054.00,0.08333333333333333,0.2916666666666667,0.25,,,local:onet_task_statements+job_exposure
25-1061,,,,0.031673600858945106,0.031673600858945106,local:onet_task_statements+job_exposure
25-1061.00,0.08333333333333333,0.375,0.2916666666666667,,,local:onet_task_statements+job_exposure
25-1062,,,,0.0,0.0,local:onet_task_statements+job_exposure
25-1062.00,0.08695652173913043,0.34782608695652173,0.2608695652173913,,,local:onet_task_statements+job_exposure
25-1063,,,,0.0,0.0,local:onet_task_statements+job_exposure
25-1063.00,0.09090909090909091,0.3181818181818182,0.2727272727272727,,,local:onet_task_statements+job_exposure
25-1064,,,,0.0,0.0,local:onet_task_statements+job_exposure
25-1064.00,0.08,0.32,0.24,,,local:onet_task_statements+job_exposure
25-1065,,,,0.0,0.0,local:onet_task_statements+job_exposure
25-1065.00,0.09090909090909091,0.3181818181818182,0.2727272727272727,,,local:onet_task_statements+job_exposure
25-1066,,,,0.43202254730908607,0.43202254730908607,local:onet_task_statements+job_exposure
25-1066.00,0.1111111111111111,0.2962962962962963,0.2222222222222222,,,local:onet_task_statements+job_exposure
25-1067,,,,0.0,0.0,local:onet_task_statements+job_exposure
25-1067.00,0.08695652173913043,0.30434782608695654,0.2608695652173913,,,local:onet_task_statements+job_exposure
25-1071,,,,0.40866997718427056,0.40866997718427056,local:onet_task_statements+job_exposure
25-1071.00,0.08695652173913043,0.30434782608695654,0.2608695652173913,,,local:onet_task_statements+job_exposure
25-1072,,,,0.2562072205073144,0.2562072205073144,local:onet_task_statements+job_exposure
25-1072.00,0.07142857142857142,0.25,0.2857142857142857,,,local:onet_task_statements+job_exposure
25-1081,,,,0.35176486377667426,0.35176486377667426,local:onet_task_statements+job_exposure
25-1081.00,0.08333333333333333,0.3333333333333333,0.25,,,local:onet_task_statements+job_exposure
25-1082,,,,0.0241578311636022,0.0241578311636022,local:onet_task_statements+job_exposure
25-1082.00,0.08333333333333333,0.375,0.375,,,local:onet_task_statements+job_exposure
25-1111,,,,0.0,0.0,local:onet_task_statements+job_exposure
25-1111.00,0.09090909090909091,0.3181818181818182,0.2727272727272727,,,local:onet_task_statements+job_exposure
25-1112,,,,0.0,0.0,local:onet_task_statements+job_exposure
25-1112.00,0.08695652173913043,0.30434782608695654,0.30434782608695654,,,local:onet_task_statements+job_exposure
25-1113,,,,0.0,0.0,local:onet_task_statements+job_exposure
25-1113.00,0.08695652173913043,0.30434782608695654,0.2608695652173913,,,local:onet_task_statements+job_exposure
25-1121,,,,0.2874781908468662,0.2874781908468662,local:onet_task_statements+job_exposure
25-1121.00,0.07407407407407407,0.25925925925925924,0.2222222222222222,,,local:onet_task_statements+job_exposure
25-1122,,,,0.2833176754798014,0.2833176754798014,local:onet_task_statements+job_exposure
25-1122.00,0.09090909090909091,0.3181818181818182,0.2727272727272727,,,local:onet_task_statements+job_exposure
25-1123,,,,0.48557240638840427,0.48557240638840427,local:onet_task_statements+job_exposure
25-1123.00,0.06666666666666667,0.23333333333333334,0.36666666666666664,,,local:onet_task_statements+job_exposure
25-1124,,,,0.3225070460340894,0.3225070460340894,local:onet_task_statements+job_exposure
25-1124.00,0.08333333333333333,0.3333333333333333,0.2916666666666667,,,local:onet_task_statements+job_exposure
25-1125,,,,0.1334049120923366,0.1334049120923366,local:onet_task_statements+job_exposure
25-1125.00,0.08,0.32,0.32,,,local:onet_task_statements+job_exposure
25-1126,,,,0.29485975036907797,0.29485975036907797,local:onet_task_statements+job_exposure
25-1126.00,0.08695652173913043,0.30434782608695654,0.2608695652173913,,,local:onet_task_statements+job_exposure
25-1191.00,0.10526315789473684,0.15789473684210525,0.42105263157894735,,,local:onet_task_statements+job_exposure
25-1192,,,,0.0,0.0,local:onet_task_statements+job_exposure
25-1192.00,0.09090909090909091,0.3181818181818182,0.2727272727272727,,,local:onet_task_statements+job_exposure
25-1193,,,,0.15273117702321837,0.15273117702321837,local:onet_task_statements+job_exposure
25-1193.00,0.08695652173913043,0.30434782608695654,0.2608695652173913,,,local:onet_task_statements+job_exposure
25-1194,,,,0.20977050060394578,0.20977050060394578,local:onet_task_statements+job_exposure
25-1194.00,0.15,0.35,0.55,,,local:onet_task_statements+job_exposure
25-2011,,,,0.0,0.0,local:onet_task_statements+job_exposure
25-2011.00,0.08823529411764706,0.29411764705882354,0.2647058823529412,,,local:onet_task_statements+job_exposure
25-2012,,,,0.0,0.0,local:onet_task_statements+job_exposure
25-2012.00,0.10810810810810811,0.2972972972972973,0.2972972972972973,,,local:onet_task_statements+job_exposure
25-2021,,,,0.13823647832505703,0.13823647832505703,local:onet_task_statements+job_exposure
25-2021.00,0.10526315789473684,0.23684210526315788,0.2894736842105263,,,local:onet_task_statements+job_exposure
25-2022,,,,0.3988726345456986,0.3988726345456986,local:onet_task_statements+job_exposure
25-2022.00,0.11428571428571428,0.2571428571428571,0.3142857142857143,,,local:onet_task_statements+job_exposure
25-2023,,,,0.0,0.0,local:onet_task_statements+job_exposure
25-2023.00,0.12903225806451613,0.22580645161290322,0.2903225806451613,,,local:onet_task_statements+job_exposure
25-2031,,,,0.3893437122533889,0.3893437122533889,local:onet_task_statements+job_exposure
25-2031.00,0.125,0.21875,0.25,,,local:onet_task_statements+job_exposure
25-2032,,,,0.0,0.0,local:onet_task_statements+job_exposure
25-2032.00,0.12121212121212122,0.2727272727272727,0.2727272727272727,,,local:onet_task_statements+job_exposure
25-2051,,,,0.007784190041605153,0.007784190041605153,local:onet_task_statements+job_exposure
25-2051.00,0.08333333333333333,0.3055555555555556,0.3888888888888889,,,local:onet_task_statements+job_exposure
25-2052.00,0.125,0.325,0.35,,,local:onet_task_statements+job_exposure
25-2053.00,0.125,0.3,0.325,,,local:onet_task_statements+job_exposure
25-2054.00,0.125,0.275,0.325,,,local:onet_task_statements+job_exposure
25-2057,,,,0.1798416319957053,0.1798416319957053,local:onet_task_statements+job_exposure
25-2058,,,,0.132733861226681,0.132733861226681,local:onet_task_statements+job_exposure
25-2059,,,,0.0344920144946987,0.0344920144946987,local:onet_task_statements+job_exposure
25-2059.01,0.05263157894736842,0.2631578947368421,0.21052631578947367,,,local:onet_task_statements+job_exposure
25-3011,,,,0.08535767011139445,0.08535767011139445,local:onet_task_statements+job_exposure
25-3011.00,0.07692307692307693,0.23076923076923078,0.2564102564102564,,,local:onet_task_statements+job_exposure
25-3021,,,,0.08884713461280365,0.08884713461280365,local:onet_task_statements+job_exposure
25-3021.00,0.16666666666666666,0.3333333333333333,0.23333333333333334,,,local:onet_task_statements+job_exposure
25-3041,,,,0.5471748758555899,0.5471748758555899,local:onet_task_statements+job_exposure
25-3099.02,0.15789473684210525,0.3157894736842105,0.3157894736842105,,,local:onet_task_statements+job_exposure
25-4011,,,,0.18091531338075426,0.18091531338075426,local:onet_task_statements+job_exposure
25-4011.00,0.46153846153846156,0.23076923076923078,0.3076923076923077,,,local:onet_task_statements+job_exposure
25-4012,,,,0.5533485438196215,0.5533485438196215,local:onet_task_statements+job_exposure
25-4012.00,0.2,0.4,0.13333333333333333,,,local:onet_task_statements+job_exposure
25-4013,,,,0.0,0.0,local:onet_task_statements+job_exposure
25-4013.00,0.2,0.16,0.12,,,local:onet_task_statements+job_exposure
25-4021.00,0.08333333333333333,0.4444444444444444,0.2222222222222222,,,local:onet_task_statements+job_exposure
25-4022,,,,0.27271507180244264,0.27271507180244264,local:onet_task_statements+job_exposure
25-4031,,,,0.0724734934908066,0.0724734934908066,local:onet_task_statements+job_exposure
25-4031.00,0.2647058823529412,0.14705882352941177,0.11764705882352941,,,local:onet_task_statements+job_exposure
25-9011.00,0.1111111111111111,0.3333333333333333,0.4444444444444444,,,local:onet_task_statements+job_exposure
25-9021,,,,0.0,0.0,local:onet_task_statements+job_exposure
25-9021.00,0.2,0.4,0.26666666666666666,,,local:onet_task_statements+job_exposure
25-9031,,,,0.40840155683800833,0.40840155683800833,local:onet_task_statements+job_exposure
25-9031.00,0.10526315789473684,0.5263157894736842,0.42105263157894735,,,local:onet_task_statements+job_exposure
25-9031.01,0.043478260869565216,0.6521739130434783,0.34782608695652173,,,local:onet_task_statements+job_exposure
25-9041.00,0.25,0.125,0.5,,,local:onet_task_statements+job_exposure
25-9044,,,,0.13447859347738558,0.13447859347738558,local:onet_task_statements+job_exposure
27-1011,,,,0.28157294322909676,0.28157294322909676,local:onet_task_statements+job_exposure
27-1011.00,0.0,0.4375,0.375,,,local:onet_task_statements+job_exposure
27-1012,,,,0.07233928331767549,0.07233928331767549,local:onet_task_statements+job_exposure
27-1012.00,0.06666666666666667,0.3333333333333333,0.0,,,local:onet_task_statements+job_exposure
27-1013,,,,0.4784592672124547,0.4784592672124547,local:onet_task_statements+job_exposure
27-1013.00,0.11538461538461539,0.38461538461538464,0.038461538461538464,,,local:onet_task_statements+job_exposure
27-1014,,,,0.47926452825124144,0.47926452825124144,local:onet_task_statements+job_exposure
27-1014.00,0.07142857142857142,0.6428571428571429,0.14285714285714285,,,local:onet_task_statements+job_exposure
27-1021,,,,0.058649845658300906,0.058649845658300906,local:onet_task_statements+job_exposure
27-1021.00,0.11764705882352941,0.8235294117647058,0.29411764705882354,,,local:onet_task_statements+job_exposure
27-1022,,,,0.07623137833847807,0.07623137833847807,local:onet_task_statements+job_exposure
27-1022.00,0.0,0.55,0.2,,,local:onet_task_statements+job_exposure
27-1023,,,,0.0,0.0,local:onet_task_statements+job_exposure
27-1023.00,0.0625,0.3125,0.0625,,,local:onet_task_statements+job_exposure
27-1024,,,,0.49281975573748493,0.49281975573748493,local:onet_task_statements+job_exposure
27-1024.00,0.0,0.35294117647058826,0.058823529411764705,,,local:onet_task_statements+job_exposure
27-1025,,,,0.0,0.0,local:onet_task_statements+job_exposure
27-1025.00,0.09090909090909091,0.7272727272727273,0.36363636363636365,,,local:onet_task_statements+job_exposure
27-1026,,,,0.0,0.0,local:onet_task_statements+job_exposure
27-1026.00,0.08,0.28,0.16,,,local:onet_task_statements+job_exposure
27-1027,,,,0.0,0.0,local:onet_task_statements+job_exposure
27-1027.00,0.07407407407407407,0.4444444444444444,0.18518518518518517,,,local:onet_task_statements+job_exposure
27-2011,,,,0.13568648503556568,0.13568648503556568,local:onet_task_statements+job_exposure
27-2011.00,0.05263157894736842,0.05263157894736842,0.10526315789473684,,,local:onet_task_statements+job_exposure
27-2012,,,,0.12347335928063347,0.12347335928063347,local:onet_task_statements+job_exposure
27-2012.01,0.25,0.20833333333333334,0.16666666666666666,,,local:onet_task_statements+job_exposure
27-2012.02,0.12,0.24,0.2,,,local:onet_task_statements+job_exposure
27-2012.03,0.34782608695652173,0.30434782608695654,0.13043478260869565,,,local:onet_task_statements+job_exposure
27-2012.04,0.07692307692307693,0.07692307692307693,0.15384615384615385,,,local:onet_task_statements+job_exposure
27-2012.05,0.3333333333333333,0.06666666666666667,0.06666666666666667,,,local:onet_task_statements+job_exposure
27-2021,,,,0.0,0.0,local:onet_task_statements+job_exposure
27-2021.00,0.1111111111111111,0.2222222222222222,0.5555555555555556,,,local:onet_task_statements+job_exposure
27-2022,,,,0.0,0.0,local:onet_task_statements+job_exposure
27-2022.00,0.21428571428571427,0.25,0.2857142857142857,,,local:onet_task_statements+job_exposure
27-2023,,,,0.0,0.0,local:onet_task_statements+job_exposure
27-2023.00,0.13333333333333333,0.13333333333333333,0.13333333333333333,,,local:onet_task_statements+job_exposure
27-2031,,,,0.0,0.0,local:onet_task_statements+job_exposure
27-2031.00,0.07692307692307693,0.07692307692307693,0.23076923076923078,,,local:onet_task_statements+job_exposure
27-2032,,,,0.1075023486780298,0.1075023486780298,local:onet_task_statements+job_exposure
27-2032.00,0.1111111111111111,0.2222222222222222,0.3333333333333333,,,local:onet_task_statements+job_exposure
27-2041,,,,0.04938934371225339,0.04938934371225339,local:onet_task_statements+job_exposure
27-2041.01,0.1111111111111111,0.2222222222222222,0.1111111111111111,,,local:onet_task_statements+job_exposure
27-2041.04,0.045454545454545456,0.09090909090909091,0.0,,,local:onet_task_statements+job_exposure
27-2042,,,,0.0,0.0,local:onet_task_statements+job_exposure
27-2042.01,0.15384615384615385,0.15384615384615385,0.23076923076923078,,,local:onet_task_statements+job_exposure
27-2042.02,0.06666666666666667,0.0,0.13333333333333333,,,local:onet_task_statements+job_exposure
27-3011,,,,0.0850892497651322,0.0850892497651322,local:onet_task_statements+job_exposure
27-3011.00,0.09523809523809523,0.0,0.3333333333333333,,,local:onet_task_statements+job_exposure
27-3012.00,0.21428571428571427,0.07142857142857142,0.07142857142857142,,,local:onet_task_statements+job_exposure
27-3021.00,0.0,0.25,0.5,,,local:onet_task_statements+job_exposure
27-3022.00,0.1111111111111111,0.25925925925925924,0.25925925925925924,,,local:onet_task_statements+job_exposure
27-3023,,,,0.28157294322909676,0.28157294322909676,local:onet_task_statements+job_exposure
27-3031,,,,0.6079720842839887,0.6079720842839887,local:onet_task_statements+job_exposure
27-3031.00,0.0,0.3333333333333333,0.3333333333333333,,,local:onet_task_statements+job_exposure
27-3041,,,,0.3301570259025634,0.3301570259025634,local:onet_task_statements+job_exposure
27-3041.00,0.05,0.25,0.1,,,local:onet_task_statements+job_exposure
27-3042,,,,0.6370956918534425,0.6370956918534425,local:onet_task_statements+job_exposure
27-3042.00,0.13333333333333333,0.26666666666666666,0.2,,,local:onet_task_statements+job_exposure
27-3043,,,,0.3304254462488257,0.3304254462488257,local:onet_task_statements+job_exposure
27-3043.04,0.0,0.16666666666666666,0.3333333333333333,,,local:onet_task_statements+job_exposure
27-3043.05,0.0,0.1875,0.125,,,local:onet_task_statements+job_exposure
27-3091,,,,0.5776405851563549,0.5776405851563549,local:onet_task_statements+job_exposure
27-3091.00,0.11764705882352941,0.058823529411764705,0.11764705882352941,,,local:onet_task_statements+job_exposure
27-3092,,,,0.4604751040128842,0.4604751040128842,local:onet_task_statements+job_exposure
27-4011,,,,0.023218359951684336,0.023218359951684336,local:onet_task_statements+job_exposure
27-4011.00,0.13793103448275862,0.27586206896551724,0.2413793103448276,,,local:onet_task_statements+job_exposure
27-4012,,,,0.026439404106831297,0.026439404106831297,local:onet_task_statements+job_exposure
27-4012.00,0.41379310344827586,0.06896551724137931,0.06896551724137931,,,local:onet_task_statements+job_exposure
27-4013.00,0.3333333333333333,0.06666666666666667,0.2,,,local:onet_task_statements+job_exposure
27-4014,,,,0.0,0.0,local:onet_task_statements+job_exposure
27-4014.00,0.7142857142857143,0.0,0.0,,,local:onet_task_statements+job_exposure
27-4021,,,,0.2617098376056905,0.2617098376056905,local:onet_task_statements+job_exposure
27-4021.00,0.034482758620689655,0.10344827586206896,0.06896551724137931,,,local:onet_task_statements+job_exposure
27-4031,,,,0.22158099583948462,0.22158099583948462,local:onet_task_statements+job_exposure
27-4031.00,0.19230769230769232,0.11538461538461539,0.0,,,local:onet_task_statements+job_exposure
27-4032,,,,0.2998255267749295,0.2998255267749295,local:onet_task_statements+job_exposure
27-4032.00,0.17391304347826086,0.13043478260869565,0.08695652173913043,,,local:onet_task_statements+job_exposure
29-1011,,,,0.0,0.0,local:onet_task_statements+job_exposure
29-1011.00,0.09090909090909091,0.2727272727272727,0.18181818181818182,,,local:onet_task_statements+job_exposure
29-1021,,,,0.041470943497517114,0.041470943497517114,local:onet_task_statements+job_exposure
29-1021.00,0.0,0.35,0.05,,,local:onet_task_statements+job_exposure
29-1022,,,,0.0,0.0,local:onet_task_statements+job_exposure
29-1022.00,0.0,0.21428571428571427,0.0,,,local:onet_task_statements+job_exposure
29-1023,,,,0.0,0.0,local:onet_task_statements+job_exposure
29-1023.00,0.2,0.5,0.2,,,local:onet_task_statements+job_exposure
29-1024,,,,0.0,0.0,local:onet_task_statements+job_exposure
29-1024.00,0.09090909090909091,0.2727272727272727,0.0,,,local:onet_task_statements+job_exposure
29-1031,,,,0.1782311099181318,0.1782311099181318,local:onet_task_statements+job_exposure
29-1031.00,0.17391304347826086,0.5652173913043478,0.43478260869565216,,,local:onet_task_statements+job_exposure
29-1041,,,,0.0,0.0,local:onet_task_statements+job_exposure
29-1041.00,0.0,0.2,0.1,,,local:onet_task_statements+job_exposure
29-1051,,,,0.12025231512548651,0.12025231512548651,local:onet_task_statements+job_exposure
29-1051.00,0.2,0.25,0.2,,,local:onet_task_statements+job_exposure
29-1061.00,0.16666666666666666,0.16666666666666666,0.16666666666666666,,,local:onet_task_statements+job_exposure
29-1062.00,0.26666666666666666,0.26666666666666666,0.26666666666666666,,,local:onet_task_statements+job_exposure
29-1063.00,0.21052631578947367,0.2631578947368421,0.21052631578947367,,,local:onet_task_statements+job_exposure
29-1064.00,0.2,0.26666666666666666,0.2,,,local:onet_task_statements+job_exposure
29-1065.00,0.1875,0.375,0.1875,,,local:onet_task_statements+job_exposure
29-1066.00,0.08333333333333333,0.4166666666666667,0.16666666666666666,,,local:onet_task_statements+job_exposure
29-1067.00,0.07692307692307693,0.3076923076923077,0.15384615384615385,,,local:onet_task_statements+job_exposure
29-1069.01,0.0625,0.375,0.1875,,,local:onet_task_statements+job_exposure
29-1069.02,0.05263157894736842,0.3684210526315789,0.05263157894736842,,,local:onet_task_statements+job_exposure
29-1069.03,0.0,0.23076923076923078,0.3076923076923077,,,local:onet_task_statements+job_exposure
29-1069.04,0.08333333333333333,0.20833333333333334,0.20833333333333334,,,local:onet_task_statements+job_exposure
29-1069.05,0.15384615384615385,0.11538461538461539,0.19230769230769232,,,local:onet_task_statements+job_exposure
29-1069.06,0.05555555555555555,0.2777777777777778,0.05555555555555555,,,local:onet_task_statements+job_exposure
29-1069.07,0.0,0.42105263157894735,0.15789473684210525,,,local:onet_task_statements+job_exposure
29-1069.08,0.13333333333333333,0.2,0.2,,,local:onet_task_statements+job_exposure
29-1069.09,0.13333333333333333,0.26666666666666666,0.26666666666666666,,,local:onet_task_statements+job_exposure
29-1069.10,0.1724137931034483,0.20689655172413793,0.13793103448275862,,,local:onet_task_statements+job_exposure
29-1069.11,0.07407407407407407,0.2962962962962963,0.2962962962962963,,,local:onet_task_statements+job_exposure
29-1069.12,0.07142857142857142,0.07142857142857142,0.14285714285714285,,,local:onet_task_statements+job_exposure
29-1071,,,,0.0,0.0,local:onet_task_statements+job_exposure
29-1071.00,0.08333333333333333,0.16666666666666666,0.16666666666666666,,,local:onet_task_statements+job_exposure
29-1071.01,0.3125,0.0625,0.3125,,,local:onet_task_statements+job_exposure
29-1081,,,,0.0,0.0,local:onet_task_statements+job_exposure
29-1081.00,0.09090909090909091,0.09090909090909091,0.09090909090909091,,,local:onet_task_statements+job_exposure
29-1122,,,,0.010736813850489867,0.010736813850489867,local:onet_task_statements+job_exposure
29-1122.00,0.058823529411764705,0.4117647058823529,0.29411764705882354,,,local:onet_task_statements+job_exposure
29-1122.01,0.1,0.25,0.45,,,local:onet_task_statements+job_exposure
29-1123,,,,0.02335257012481546,0.02335257012481546,local:onet_task_statements+job_exposure
29-1123.00,0.20833333333333334,0.2916666666666667,0.08333333333333333,,,local:onet_task_statements+job_exposure
29-1124,,,,0.0,0.0,local:onet_task_statements+job_exposure
29-1124.00,0.18181818181818182,0.18181818181818182,0.18181818181818182,,,local:onet_task_statements+job_exposure
29-1125,,,,0.0,0.0,local:onet_task_statements+job_exposure
29-1125.00,0.2,0.6,0.0,,,local:onet_task_statements+job_exposure
29-1125.01,0.24,0.28,0.28,,,local:onet_task_statements+job_exposure
29-1125.02,0.1,0.43333333333333335,0.16666666666666666,,,local:onet_task_statements+job_exposure
29-1126,,,,0.0,0.0,local:onet_task_statements+job_exposure
29-1126.00,0.18181818181818182,0.13636363636363635,0.36363636363636365,,,local:onet_task_statements+job_exposure
29-1127,,,,0.0,0.0,local:onet_task_statements+job_exposure
29-1127.00,0.09090909090909091,0.4090909090909091,0.36363636363636365,,,local:onet_task_statements+job_exposure
29-1128,,,,0.0,0.0,local:onet_task_statements+job_exposure
29-1128.00,0.04,0.24,0.32,,,local:onet_task_statements+job_exposure
29-1129,,,,0.05395248959871158,0.05395248959871158,local:onet_task_statements+job_exposure
29-1131,,,,0.12427862031942022,0.12427862031942022,local:onet_task_statements+job_exposure
29-1131.00,0.17391304347826086,0.08695652173913043,0.08695652173913043,,,local:onet_task_statements+job_exposure
29-1141,,,,0.07985505301301839,0.07985505301301839,local:onet_task_statements+job_exposure
29-1141.00,0.17857142857142858,0.2857142857142857,0.25,,,local:onet_task_statements+job_exposure
29-1141.01,0.14814814814814814,0.37037037037037035,0.18518518518518517,,,local:onet_task_statements+job_exposure
29-1141.02,0.16666666666666666,0.4166666666666667,0.125,,,local:onet_task_statements+job_exposure
29-1141.03,0.27586206896551724,0.2413793103448276,0.06896551724137931,,,local:onet_task_statements+job_exposure
29-1141.04,0.1724137931034483,0.5172413793103449,0.3103448275862069,,,local:onet_task_statements+job_exposure
29-1151,,,,0.0,0.0,local:onet_task_statements+job_exposure
29-1151.00,0.125,0.16666666666666666,0.08333333333333333,,,local:onet_task_statements+job_exposure
29-1161,,,,0.06978929002818414,0.06978929002818414,local:onet_task_statements+job_exposure
29-1161.00,0.2,0.3,0.1,,,local:onet_task_statements+job_exposure
29-1171,,,,0.12669440343578042,0.12669440343578042,local:onet_task_statements+job_exposure
29-1171.00,0.1111111111111111,0.2962962962962963,0.1111111111111111,,,local:onet_task_statements+job_exposure
29-1181,,,,0.0,0.0,local:onet_task_statements+job_exposure
29-1181.00,0.13636363636363635,0.3181818181818182,0.3181818181818182,,,local:onet_task_statements+job_exposure
29-1199.01,0.1111111111111111,0.2777777777777778,0.1111111111111111,,,local:onet_task_statements+job_exposure
29-1199.04,0.2,0.1,0.15,,,local:onet_task_statements+job_exposure
29-1199.05,0.0,0.3125,0.1875,,,local:onet_task_statements+job_exposure
29-1211,,,,0.0,0.0,local:onet_task_statements+job_exposure
29-1213,,,,0.0,0.0,local:onet_task_statements+job_exposure
29-1215,,,,0.0,0.0,local:onet_task_statements+job_exposure
29-1216,,,,0.11273654543014361,0.11273654543014361,local:onet_task_statements+job_exposure
29-1217,,,,0.0,0.0,local:onet_task_statements+job_exposure
29-1218,,,,0.09193396859481949,0.09193396859481949,local:onet_task_statements+job_exposure
29-1221,,,,0.0,0.0,local:onet_task_statements+job_exposure
29-1222,,,,0.21164944302778152,0.21164944302778152,local:onet_task_statements+job_exposure
29-1223,,,,0.0,0.0,local:onet_task_statements+job_exposure
29-1224,,,,0.2670782445309355,0.2670782445309355,local:onet_task_statements+job_exposure
29-1229,,,,0.039860421419943635,0.039860421419943635,local:onet_task_statements+job_exposure
29-1241,,,,0.0,0.0,local:onet_task_statements+job_exposure
29-1242,,,,0.0,0.0,local:onet_task_statements+job_exposure
29-1243,,,,0.0,0.0,local:onet_task_statements+job_exposure
29-1291,,,,0.0,0.0,local:onet_task_statements+job_exposure
29-1292,,,,0.0,0.0,local:onet_task_statements+job_exposure
29-1299,,,,0.029794658435109384,0.029794658435109384,local:onet_task_statements+job_exposure
29-2011.00,0.125,0.375,0.125,,,local:onet_task_statements+job_exposure
29-2011.01,0.1,0.16666666666666666,0.1,,,local:onet_task_statements+job_exposure
29-2011.02,0.07142857142857142,0.14285714285714285,0.21428571428571427,,,local:onet_task_statements+job_exposure
29-2011.03,0.14285714285714285,0.14285714285714285,0.14285714285714285,,,local:onet_task_statements+job_exposure
29-2012.00,0.13333333333333333,0.26666666666666666,0.13333333333333333,,,local:onet_task_statements+job_exposure
29-2021.00,0.058823529411764705,0.058823529411764705,0.0,,,local:onet_task_statements+job_exposure
29-2031,,,,0.0,0.0,local:onet_task_statements+job_exposure
29-2031.00,0.36,0.04,0.16,,,local:onet_task_statements+job_exposure
29-2032,,,,0.0,0.0,local:onet_task_statements+job_exposure
29-2032.00,0.35,0.0,0.1,,,local:onet_task_statements+job_exposure
29-2033,,,,0.06884981881626627,0.06884981881626627,local:onet_task_statements+job_exposure
29-2033.00,0.17647058823529413,0.058823529411764705,0.11764705882352941,,,local:onet_task_statements+job_exposure
29-2034,,,,0.0,0.0,local:onet_task_statements+job_exposure
29-2034.00,0.391304347826087,0.08695652173913043,0.13043478260869565,,,local:onet_task_statements+job_exposure
29-2035,,,,0.0523419675211381,0.0523419675211381,local:onet_task_statements+job_exposure
29-2035.00,0.30434782608695654,0.08695652173913043,0.17391304347826086,,,local:onet_task_statements+job_exposure
29-2041.00,0.2,0.06666666666666667,0.26666666666666666,,,local:onet_task_statements+job_exposure
29-2042,,,,0.0,0.0,local:onet_task_statements+job_exposure
29-2043,,,,0.0,0.0,local:onet_task_statements+job_exposure
29-2051,,,,0.3282780834787277,0.3282780834787277,local:onet_task_statements+job_exposure
29-2051.00,0.16666666666666666,0.5,0.25,,,local:onet_task_statements+job_exposure
29-2052,,,,0.09864447725137565,0.09864447725137565,local:onet_task_statements+job_exposure
29-2052.00,0.25,0.0,0.05,,,local:onet_task_statements+job_exposure
29-2053,,,,0.0,0.0,local:onet_task_statements+job_exposure
29-2053.00,0.1875,0.1875,0.4375,,,local:onet_task_statements+job_exposure
29-2054.00,0.10526315789473684,0.10526315789473684,0.15789473684210525,,,local:onet_task_statements+job_exposure
29-2055,,,,0.0,0.0,local:onet_task_statements+job_exposure
29-2055.00,0.1875,0.0,0.25,,,local:onet_task_statements+job_exposure
29-2056,,,,0.0,0.0,local:onet_task_statements+job_exposure
29-2056.00,0.1935483870967742,0.06451612903225806,0.16129032258064516,,,local:onet_task_statements+job_exposure
29-2057,,,,0.0,0.0,local:onet_task_statements+job_exposure
29-2057.00,0.15,0.0,0.15,,,local:onet_task_statements+job_exposure
29-2061,,,,0.0,0.0,local:onet_task_statements+job_exposure
29-2061.00,0.13043478260869565,0.08695652173913043,0.13043478260869565,,,local:onet_task_statements+job_exposure
29-2071.00,0.5,0.25,0.2,,,local:onet_task_statements+job_exposure
29-2072,,,,0.8957186954771171,0.8957186954771171,local:onet_task_statements+job_exposure
29-2081,,,,0.0,0.0,local:onet_task_statements+job_exposure
29-2081.00,0.09523809523809523,0.09523809523809523,0.09523809523809523,,,local:onet_task_statements+job_exposure
29-2091,,,,0.0,0.0,local:onet_task_statements+job_exposure
29-2091.00,0.13333333333333333,0.3333333333333333,0.2,,,local:onet_task_statements+job_exposure
29-2092,,,,0.0,0.0,local:onet_task_statements+job_exposure
29-2092.00,0.0,0.4,0.3,,,local:onet_task_statements+job_exposure
29-2099,,,,0.059723527043349885,0.059723527043349885,local:onet_task_statements+job_exposure
29-2099.01,0.25,0.1875,0.125,,,local:onet_task_statements+job_exposure
29-2099.05,0.10344827586206896,0.034482758620689655,0.034482758620689655,,,local:onet_task_statements+job_exposure
29-2099.06,0.34782608695652173,0.0,0.21739130434782608,,,local:onet_task_statements+job_exposure
29-2099.07,0.14285714285714285,0.0,0.25,,,local:onet_task_statements+job_exposure
29-9011.00,0.35,0.25,0.15,,,local:onet_task_statements+job_exposure
29-9012.00,0.23076923076923078,0.19230769230769232,0.15384615384615385,,,local:onet_task_statements+job_exposure
29-9021,,,,0.4110857603006308,0.4110857603006308,local:onet_task_statements+job_exposure
29-9091,,,,0.0712656019326265,0.0712656019326265,local:onet_task_statements+job_exposure
29-9091.00,0.13636363636363635,0.22727272727272727,0.3181818181818182,,,local:onet_task_statements+job_exposure
29-9092,,,,0.016507851295128172,0.016507851295128172,local:onet_task_statements+job_exposure
29-9092.00,0.05263157894736842,0.3684210526315789,0.3684210526315789,,,local:onet_task_statements+job_exposure
29-9093,,,,0.0,0.0,local:onet_task_statements+job_exposure
29-9099,,,,0.0,0.0,local:onet_task_statements+job_exposure
29-9099.01,0.22857142857142856,0.22857142857142856,0.08571428571428572,,,local:onet_task_statements+job_exposure
31-1011.00,0.06666666666666667,0.06666666666666667,0.13333333333333333,,,local:onet_task_statements+job_exposure
31-1013.00,0.17647058823529413,0.058823529411764705,0.23529411764705882,,,local:onet_task_statements+job_exposure
31-1014.00,0.15151515151515152,0.030303030303030304,0.15151515151515152,,,local:onet_task_statements+job_exposure
31-1015.00,0.16666666666666666,0.0,0.16666666666666666,,,local:onet_task_statements+job_exposure
31-1131,,,,0.0,0.0,local:onet_task_statements+job_exposure
31-1132,,,,0.0,0.0,local:onet_task_statements+job_exposure
31-1133,,,,0.0,0.0,local:onet_task_statements+job_exposure
31-2011,,,,0.0,0.0,local:onet_task_statements+job_exposure
31-2011.00,0.13636363636363635,0.22727272727272727,0.2727272727272727,,,local:onet_task_statements+job_exposure
31-2012,,,,0.08871292443967253,0.08871292443967253,local:onet_task_statements+job_exposure
31-2012.00,0.06666666666666667,0.13333333333333333,0.2,,,local:onet_task_statements+job_exposure
31-2021,,,,0.0,0.0,local:onet_task_statements+job_exposure
31-2021.00,0.05555555555555555,0.16666666666666666,0.2777777777777778,,,local:onet_task_statements+job_exposure
31-2022,,,,0.0,0.0,local:onet_task_statements+job_exposure
31-2022.00,0.10526315789473684,0.10526315789473684,0.2631578947368421,,,local:onet_task_statements+job_exposure
31-9011,,,,0.0,0.0,local:onet_task_statements+job_exposure
31-9011.00,0.07692307692307693,0.15384615384615385,0.07692307692307693,,,local:onet_task_statements+job_exposure
31-9091,,,,0.0,0.0,local:onet_task_statements+job_exposure
31-9091.00,0.25,0.0,0.125,,,local:onet_task_statements+job_exposure
31-9092,,,,0.06388404241041472,0.06388404241041472,local:onet_task_statements+job_exposure
31-9092.00,0.25,0.0,0.05,,,local:onet_task_statements+job_exposure
31-9093,,,,0.0,0.0,local:onet_task_statements+job_exposure
31-9093.00,0.1875,0.0,0.0625,,,local:onet_task_statements+job_exposure
31-9094,,,,0.8542477519796,0.8542477519796,local:onet_task_statements+job_exposure
31-9094.00,0.4,0.06666666666666667,0.06666666666666667,,,local:onet_task_statements+job_exposure
31-9095,,,,0.029526238088847134,0.029526238088847134,local:onet_task_statements+job_exposure
31-9095.00,0.4117647058823529,0.0,0.0,,,local:onet_task_statements+job_exposure
31-9096,,,,0.024023620990471076,0.024023620990471076,local:onet_task_statements+job_exposure
31-9096.00,0.14814814814814814,0.07407407407407407,0.14814814814814814,,,local:onet_task_statements+job_exposure
31-9097,,,,0.0,0.0,local:onet_task_statements+job_exposure
31-9097.00,0.125,0.0,0.125,,,local:onet_task_statements+job_exposure
31-9099,,,,0.0,0.0,local:onet_task_statements+job_exposure
31-9099.01,0.2727272727272727,0.2727272727272727,0.45454545454545453,,,local:onet_task_statements+job_exposure
31-9099.02,0.08333333333333333,0.08333333333333333,0.25,,,local:onet_task_statements+job_exposure
33-1011,,,,0.04227620453630385,0.04227620453630385,local:onet_task_statements+job_exposure
33-1011.00,0.13636363636363635,0.09090909090909091,0.09090909090909091,,,local:onet_task_statements+job_exposure
33-1012,,,,0.0,0.0,local:onet_task_statements+job_exposure
33-1012.00,0.25,0.2,0.15,,,local:onet_task_statements+job_exposure
33-1021,,,,0.0,0.0,local:onet_task_statements+job_exposure
33-1021.01,0.25,0.17857142857142858,0.14285714285714285,,,local:onet_task_statements+job_exposure
33-1021.02,0.2692307692307692,0.11538461538461539,0.23076923076923078,,,local:onet_task_statements+job_exposure
33-2011,,,,0.0,0.0,local:onet_task_statements+job_exposure
33-2011.01,0.14814814814814814,0.037037037037037035,0.07407407407407407,,,local:onet_task_statements+job_exposure
33-2011.02,0.09090909090909091,0.045454545454545456,0.09090909090909091,,,local:onet_task_statements+job_exposure
33-2021,,,,0.0,0.0,local:onet_task_statements+job_exposure
33-2021.01,0.375,0.25,0.2916666666666667,,,local:onet_task_statements+job_exposure
33-2021.02,0.23076923076923078,0.07692307692307693,0.15384615384615385,,,local:onet_task_statements+job_exposure
33-2022,,,,0.0,0.0,local:onet_task_statements+job_exposure
33-2022.00,0.21428571428571427,0.0,0.0,,,local:onet_task_statements+job_exposure
33-3011,,,,0.0,0.0,local:onet_task_statements+job_exposure
33-3011.00,0.0,0.0,0.07692307692307693,,,local:onet_task_statements+job_exposure
33-3012,,,,0.0,0.0,local:onet_task_statements+job_exposure
33-3012.00,0.3076923076923077,0.0,0.15384615384615385,,,local:onet_task_statements+job_exposure
33-3021,,,,0.05019460475104014,0.05019460475104014,local:onet_task_statements+job_exposure
33-3021.01,0.1935483870967742,0.06451612903225806,0.1935483870967742,,,local:onet_task_statements+job_exposure
33-3021.02,0.35714285714285715,0.07142857142857142,0.2857142857142857,,,local:onet_task_statements+job_exposure
33-3021.03,0.2727272727272727,0.18181818181818182,0.13636363636363635,,,local:onet_task_statements+job_exposure
33-3021.05,0.2727272727272727,0.0,0.09090909090909091,,,local:onet_task_statements+job_exposure
33-3021.06,0.2222222222222222,0.3888888888888889,0.16666666666666666,,,local:onet_task_statements+job_exposure
33-3031,,,,0.0,0.0,local:onet_task_statements+job_exposure
33-3031.00,0.16666666666666666,0.125,0.16666666666666666,,,local:onet_task_statements+job_exposure
33-3041,,,,0.0,0.0,local:onet_task_statements+job_exposure
33-3041.00,0.08695652173913043,0.0,0.08695652173913043,,,local:onet_task_statements+job_exposure
33-3051,,,,0.1656153536438062,0.1656153536438062,local:onet_task_statements+job_exposure
33-3051.01,0.3,0.05,0.25,,,local:onet_task_statements+job_exposure
33-3051.03,0.06666666666666667,0.0,0.13333333333333333,,,local:onet_task_statements+job_exposure
33-3052,,,,0.0,0.0,local:onet_task_statements+job_exposure
33-3052.00,0.18181818181818182,0.09090909090909091,0.2727272727272727,,,local:onet_task_statements+job_exposure
33-9011,,,,0.0,0.0,local:onet_task_statements+job_exposure
33-9011.00,0.125,0.0,0.125,,,local:onet_task_statements+job_exposure
33-9021,,,,0.0,0.0,local:onet_task_statements+job_exposure
33-9021.00,0.23529411764705882,0.058823529411764705,0.058823529411764705,,,local:onet_task_statements+job_exposure
33-9031,,,,0.0,0.0,local:onet_task_statements+job_exposure
33-9031.00,0.2,0.0,0.2,,,local:onet_task_statements+job_exposure
33-9032,,,,0.0,0.0,local:onet_task_statements+job_exposure
33-9032.00,0.3333333333333333,0.0,0.0,,,local:onet_task_statements+job_exposure
33-9091,,,,0.0,0.0,local:onet_task_statements+job_exposure
33-9091.00,0.16666666666666666,0.16666666666666666,0.08333333333333333,,,local:onet_task_statements+job_exposure
33-9092,,,,0.0,0.0,local:onet_task_statements+job_exposure
33-9092.00,0.4,0.0,0.2,,,local:onet_task_statements+job_exposure
33-9093,,,,0.0,0.0,local:onet_task_statements+job_exposure
33-9093.00,0.19230769230769232,0.038461538461538464,0.038461538461538464,,,local:onet_task_statements+job_exposure
33-9099,,,,0.07663400885787143,0.07663400885787143,local:onet_task_statements+job_exposure
33-9099.02,0.23809523809523808,0.0,0.09523809523809523,,,local:onet_task_statements+job_exposure
35-1011,,,,0.0,0.0,local:onet_task_statements+job_exposure
35-1011.00,0.19047619047619047,0.19047619047619047,0.23809523809523808,,,local:onet_task_statements+job_exposure
35-1012,,,,0.07569453764595356,0.07569453764595356,local:onet_task_statements+job_exposure
35-1012.00,0.19230769230769232,0.34615384615384615,0.15384615384615385,,,local:onet_task_statements+job_exposure
35-2011,,,,0.0,0.0,local:onet_task_statements+job_exposure
35-2011.00,0.10526315789473684,0.05263157894736842,0.05263157894736842,,,local:onet_task_statements+job_exposure
35-2012,,,,0.0,0.0,local:onet_task_statements+job_exposure
35-2012.00,0.26666666666666666,0.06666666666666667,0.13333333333333333,,,local:onet_task_statements+job_exposure
35-2013,,,,0.0,0.0,local:onet_task_statements+job_exposure
35-2013.00,0.0,0.18181818181818182,0.09090909090909091,,,local:onet_task_statements+job_exposure
35-2014,,,,0.015568380083210306,0.015568380083210306,local:onet_task_statements+job_exposure
35-2014.00,0.1,0.1,0.15,,,local:onet_task_statements+job_exposure
35-2015,,,,0.0,0.0,local:onet_task_statements+job_exposure
35-2015.00,0.0,0.09090909090909091,0.0,,,local:onet_task_statements+job_exposure
35-2021,,,,0.0,0.0,local:onet_task_statements+job_exposure
35-2021.00,0.1,0.03333333333333333,0.06666666666666667,,,local:onet_task_statements+job_exposure
35-3011,,,,0.0,0.0,local:onet_task_statements+job_exposure
35-3011.00,0.0,0.1,0.0,,,local:onet_task_statements+job_exposure
35-3021.00,0.09523809523809523,0.09523809523809523,0.14285714285714285,,,local:onet_task_statements+job_exposure
35-3022.00,0.0,0.0,0.0,,,local:onet_task_statements+job_exposure
35-3022.01,0.05263157894736842,0.0,0.0,,,local:onet_task_statements+job_exposure
35-3023,,,,0.0,0.0,local:onet_task_statements+job_exposure
35-3031,,,,0.0,0.0,local:onet_task_statements+job_exposure
35-3031.00,0.0,0.0,0.08,,,local:onet_task_statements+job_exposure
35-3041,,,,0.0,0.0,local:onet_task_statements+job_exposure
35-3041.00,0.21428571428571427,0.0,0.07142857142857142,,,local:onet_task_statements+job_exposure
35-9011,,,,0.0,0.0,local:onet_task_statements+job_exposure
35-9011.00,0.0,0.0,0.043478260869565216,,,local:onet_task_statements+job_exposure
35-9021,,,,0.0,0.0,local:onet_task_statements+job_exposure
35-9021.00,0.07692307692307693,0.07692307692307693,0.0,,,local:onet_task_statements+job_exposure
35-9031,,,,0.09851026707824455,0.09851026707824455,local:onet_task_statements+job_exposure
35-9031.00,0.22727272727272727,0.09090909090909091,0.13636363636363635,,,local:onet_task_statements+job_exposure
37-1011,,,,0.058515635485169776,0.058515635485169776,local:onet_task_statements+job_exposure
37-1011.00,0.15384615384615385,0.15384615384615385,0.11538461538461539,,,local:onet_task_statements+job_exposure
37-1012,,,,0.14534961750100658,0.14534961750100658,local:onet_task_statements+job_exposure
37-1012.00,0.2857142857142857,0.17857142857142858,0.17857142857142858,,,local:onet_task_statements+job_exposure
37-2011,,,,0.0,0.0,local:onet_task_statements+job_exposure
37-2011.00,0.043478260869565216,0.043478260869565216,0.0,,,local:onet_task_statements+job_exposure
37-2012,,,,0.0,0.0,local:onet_task_statements+job_exposure
37-2012.00,0.14285714285714285,0.03571428571428571,0.03571428571428571,,,local:onet_task_statements+job_exposure
37-2021,,,,0.06173667964031673,0.06173667964031673,local:onet_task_statements+job_exposure
37-2021.00,0.2,0.0,0.06666666666666667,,,local:onet_task_statements+job_exposure
37-3011,,,,0.0,0.0,local:onet_task_statements+job_exposure
37-3011.00,0.037037037037037035,0.37037037037037035,0.037037037037037035,,,local:onet_task_statements+job_exposure
37-3012,,,,0.0,0.0,local:onet_task_statements+job_exposure
37-3012.00,0.1,0.4,0.0,,,local:onet_task_statements+job_exposure
37-3013,,,,0.0,0.0,local:onet_task_statements+job_exposure
37-3013.00,0.11538461538461539,0.07692307692307693,0.038461538461538464,,,local:onet_task_statements+job_exposure
39-1011.00,0.3333333333333333,0.09523809523809523,0.14285714285714285,,,local:onet_task_statements+job_exposure
39-1012.00,0.25,0.08333333333333333,0.08333333333333333,,,local:onet_task_statements+job_exposure
39-1013,,,,0.0,0.0,local:onet_task_statements+job_exposure
39-1014,,,,0.05945510669708764,0.05945510669708764,local:onet_task_statements+job_exposure
39-1021.00,0.23529411764705882,0.29411764705882354,0.11764705882352941,,,local:onet_task_statements+job_exposure
39-1021.01,0.23809523809523808,0.14285714285714285,0.14285714285714285,,,local:onet_task_statements+job_exposure
39-1022,,,,0.0546235404643672,0.0546235404643672,local:onet_task_statements+job_exposure
39-2011,,,,0.0,0.0,local:onet_task_statements+job_exposure
39-2011.00,0.05263157894736842,0.15789473684210525,0.47368421052631576,,,local:onet_task_statements+job_exposure
39-2021,,,,0.0,0.0,local:onet_task_statements+job_exposure
39-2021.00,0.14285714285714285,0.047619047619047616,0.047619047619047616,,,local:onet_task_statements+job_exposure
39-3011,,,,0.0,0.0,local:onet_task_statements+job_exposure
39-3011.00,0.15,0.0,0.1,,,local:onet_task_statements+job_exposure
39-3012,,,,0.0,0.0,local:onet_task_statements+job_exposure
39-3012.00,0.18181818181818182,0.0,0.0,,,local:onet_task_statements+job_exposure
39-3021,,,,0.0,0.0,local:onet_task_statements+job_exposure
39-3021.00,0.38095238095238093,0.0,0.09523809523809523,,,local:onet_task_statements+job_exposure
39-3031,,,,0.0,0.0,local:onet_task_statements+job_exposure
39-3031.00,0.13043478260869565,0.043478260869565216,0.21739130434782608,,,local:onet_task_statements+job_exposure
39-3091,,,,0.08307609716816534,0.08307609716816534,local:onet_task_statements+job_exposure
39-3091.00,0.3157894736842105,0.0,0.05263157894736842,,,local:onet_task_statements+job_exposure
39-3092,,,,0.0,0.0,local:onet_task_statements+job_exposure
39-3092.00,0.14285714285714285,0.14285714285714285,0.09523809523809523,,,local:onet_task_statements+job_exposure
39-3093,,,,0.0,0.0,local:onet_task_statements+job_exposure
39-3093.00,0.17391304347826086,0.043478260869565216,0.043478260869565216,,,local:onet_task_statements+job_exposure
39-4011,,,,0.0,0.0,local:onet_task_statements+job_exposure
39-4011.00,0.16,0.0,0.16,,,local:onet_task_statements+job_exposure
39-4021,,,,0.0,0.0,local:onet_task_statements+job_exposure
39-4021.00,0.15384615384615385,0.07692307692307693,0.15384615384615385,,,local:onet_task_statements+job_exposure
39-4031,,,,0.0,0.0,local:onet_task_statements+job_exposure
39-4031.00,0.19047619047619047,0.14285714285714285,0.23809523809523808,,,local:onet_task_statements+job_exposure
39-5011,,,,0.0,0.0,local:onet_task_statements+job_exposure
39-5011.00,0.15,0.0,0.0,,,local:onet_task_statements+job_exposure
39-5012,,,,0.0407998926318615,0.0407998926318615,local:onet_task_statements+job_exposure
39-5012.00,0.18181818181818182,0.13636363636363635,0.09090909090909091,,,local:onet_task_statements+job_exposure
39-5091,,,,0.0,0.0,local:onet_task_statements+job_exposure
39-5091.00,0.09523809523809523,0.23809523809523808,0.09523809523809523,,,local:onet_task_statements+job_exposure
39-5092,,,,0.0,0.0,local:onet_task_statements+job_exposure
39-5092.00,0.2222222222222222,0.1111111111111111,0.05555555555555555,,,local:onet_task_statements+job_exposure
39-5093,,,,0.0,0.0,local:onet_task_statements+job_exposure
39-5093.00,0.25,0.0,0.25,,,local:onet_task_statements+job_exposure
39-5094,,,,0.0,0.0,local:onet_task_statements+job_exposure
39-5094.00,0.05555555555555555,0.1111111111111111,0.05555555555555555,,,local:onet_task_statements+job_exposure
39-6011,,,,0.09797342638572003,0.09797342638572003,local:onet_task_statements+job_exposure
39-6011.00,0.11764705882352941,0.0,0.058823529411764705,,,local:onet_task_statements+job_exposure
39-6012,,,,0.25164407462085625,0.25164407462085625,local:onet_task_statements+job_exposure
39-6012.00,0.0,0.06666666666666667,0.0,,,local:onet_task_statements+job_exposure
39-7011.00,0.10526315789473684,0.05263157894736842,0.21052631578947367,,,local:onet_task_statements+job_exposure
39-7012.00,0.11764705882352941,0.23529411764705882,0.11764705882352941,,,local:onet_task_statements+job_exposure
39-9011,,,,0.01637364112199705,0.01637364112199705,local:onet_task_statements+job_exposure
39-9011.00,0.11538461538461539,0.11538461538461539,0.15384615384615385,,,local:onet_task_statements+job_exposure
39-9011.01,0.16666666666666666,0.4444444444444444,0.2222222222222222,,,local:onet_task_statements+job_exposure
39-9021.00,0.18181818181818182,0.18181818181818182,0.5454545454545454,,,local:onet_task_statements+job_exposure
39-9031,,,,0.0,0.0,local:onet_task_statements+job_exposure
39-9031.00,0.09090909090909091,0.13636363636363635,0.36363636363636365,,,local:onet_task_statements+job_exposure
39-9032,,,,0.0,0.0,local:onet_task_statements+job_exposure
39-9032.00,0.09090909090909091,0.3181818181818182,0.13636363636363635,,,local:onet_task_statements+job_exposure
39-9041,,,,0.08992081599785265,0.08992081599785265,local:onet_task_statements+job_exposure
39-9041.00,0.06666666666666667,0.2,0.2,,,local:onet_task_statements+job_exposure
41-1011,,,,0.352570124815461,0.352570124815461,local:onet_task_statements+job_exposure
41-1011.00,0.19047619047619047,0.23809523809523808,0.14285714285714285,,,local:onet_task_statements+job_exposure
41-1012,,,,0.3080123473359281,0.3080123473359281,local:onet_task_statements+job_exposure
41-1012.00,0.16666666666666666,0.2777777777777778,0.2777777777777778,,,local:onet_task_statements+job_exposure
41-2011,,,,0.11354180646893033,0.11354180646893033,local:onet_task_statements+job_exposure
41-2011.00,0.2222222222222222,0.0,0.14814814814814814,,,local:onet_task_statements+job_exposure
41-2012,,,,0.0,0.0,local:onet_task_statements+job_exposure
41-2012.00,0.15384615384615385,0.0,0.0,,,local:onet_task_statements+job_exposure
41-2021,,,,0.2748624345725406,0.2748624345725406,local:onet_task_statements+job_exposure
41-2021.00,0.1875,0.0,0.0625,,,local:onet_task_statements+job_exposure
41-2022,,,,0.0,0.0,local:onet_task_statements+job_exposure
41-2022.00,0.05263157894736842,0.05263157894736842,0.10526315789473684,,,local:onet_task_statements+job_exposure
41-2031,,,,0.4324251778284794,0.4324251778284794,local:onet_task_statements+job_exposure
41-2031.00,0.08333333333333333,0.0,0.0,,,local:onet_task_statements+job_exposure
41-3011,,,,0.19889947658032478,0.19889947658032478,local:onet_task_statements+job_exposure
41-3011.00,0.1,0.15,0.3,,,local:onet_task_statements+job_exposure
41-3021,,,,0.42786203194202116,0.42786203194202116,local:onet_task_statements+job_exposure
41-3021.00,0.15789473684210525,0.3684210526315789,0.10526315789473684,,,local:onet_task_statements+job_exposure
41-3031,,,,0.5922694940276474,0.5922694940276474,local:onet_task_statements+job_exposure
41-3031.01,0.21052631578947367,0.21052631578947367,0.15789473684210525,,,local:onet_task_statements+job_exposure
41-3031.02,0.125,0.25,0.5,,,local:onet_task_statements+job_exposure
41-3031.03,0.22727272727272727,0.18181818181818182,0.0,,,local:onet_task_statements+job_exposure
41-3041,,,,0.544088041873574,0.544088041873574,local:onet_task_statements+job_exposure
41-3041.00,0.0,0.14285714285714285,0.0,,,local:onet_task_statements+job_exposure
41-3099.01,0.1875,0.25,0.125,,,local:onet_task_statements+job_exposure
41-4011,,,,0.3631727284928198,0.3631727284928198,local:onet_task_statements+job_exposure
41-4011.00,0.1111111111111111,0.1388888888888889,0.19444444444444445,,,local:onet_task_statements+job_exposure
41-4011.07,0.0,0.23076923076923078,0.15384615384615385,,,local:onet_task_statements+job_exposure
41-4012,,,,0.8427056770903235,0.8427056770903235,local:onet_task_statements+job_exposure
41-4012.00,0.15,0.1,0.25,,,local:onet_task_statements+job_exposure
41-9011,,,,0.10575761642732519,0.10575761642732519,local:onet_task_statements+job_exposure
41-9011.00,0.125,0.08333333333333333,0.16666666666666666,,,local:onet_task_statements+job_exposure
41-9012,,,,0.0,0.0,local:onet_task_statements+job_exposure
41-9012.00,0.11764705882352941,0.11764705882352941,0.0,,,local:onet_task_statements+job_exposure
41-9021,,,,0.3501543416991008,0.3501543416991008,local:onet_task_statements+job_exposure
41-9021.00,0.10526315789473684,0.05263157894736842,0.0,,,local:onet_task_statements+job_exposure
41-9022,,,,0.3795463696148168,0.3795463696148168,local:onet_task_statements+job_exposure
41-9022.00,0.15625,0.125,0.3125,,,local:onet_task_statements+job_exposure
41-9031,,,,0.4326935981747417,0.4326935981747417,local:onet_task_statements+job_exposure
41-9031.00,0.12,0.36,0.16,,,local:onet_task_statements+job_exposure
41-9041,,,,0.38276741376996376,0.38276741376996376,local:onet_task_statements+job_exposure
41-9041.00,0.25,0.0,0.08333333333333333,,,local:onet_task_statements+job_exposure
41-9091,,,,0.23594148436451484,0.23594148436451484,local:onet_task_statements+job_exposure
41-9091.00,0.08333333333333333,0.08333333333333333,0.0,,,local:onet_task_statements+job_exposure
43-1011,,,,0.2490940813313649,0.2490940813313649,local:onet_task_statements+job_exposure
43-1011.00,0.2413793103448276,0.3793103448275862,0.3103448275862069,,,local:onet_task_statements+job_exposure
43-2011,,,,0.5184538988055294,0.5184538988055294,local:onet_task_statements+job_exposure
43-2011.00,0.47368421052631576,0.0,0.0,,,local:onet_task_statements+job_exposure
43-2021,,,,0.0,0.0,local:onet_task_statements+job_exposure
43-2021.00,0.3125,0.0625,0.25,,,local:onet_task_statements+job_exposure
43-3011,,,,0.40115420748892766,0.40115420748892766,local:onet_task_statements+job_exposure
43-3011.00,0.4,0.0,0.13333333333333333,,,local:onet_task_statements+job_exposure
43-3021,,,,0.2582203731042813,0.2582203731042813,local:onet_task_statements+job_exposure
43-3021.01,0.15384615384615385,0.0,0.0,,,local:onet_task_statements+job_exposure
43-3021.02,0.47058823529411764,0.058823529411764705,0.058823529411764705,,,local:onet_task_statements+job_exposure
43-3031,,,,0.4165883773990069,0.4165883773990069,local:onet_task_statements+job_exposure
43-3031.00,0.5,0.03333333333333333,0.0,,,local:onet_task_statements+job_exposure
43-3041,,,,0.08763924305462353,0.08763924305462353,local:onet_task_statements+job_exposure
43-3041.00,0.17647058823529413,0.0,0.058823529411764705,,,local:onet_task_statements+job_exposure
43-3051,,,,0.06536035431485707,0.06536035431485707,local:onet_task_statements+job_exposure
43-3051.00,0.47368421052631576,0.15789473684210525,0.05263157894736842,,,local:onet_task_statements+job_exposure
43-3061,,,,0.32693598174741645,0.32693598174741645,local:onet_task_statements+job_exposure
43-3061.00,0.21052631578947367,0.05263157894736842,0.10526315789473684,,,local:onet_task_statements+job_exposure
43-3071,,,,0.03100254999328949,0.03100254999328949,local:onet_task_statements+job_exposure
43-3071.00,0.2857142857142857,0.10714285714285714,0.0,,,local:onet_task_statements+job_exposure
43-4011,,,,0.2340625419406791,0.2340625419406791,local:onet_task_statements+job_exposure
43-4011.00,0.5,0.1,0.1,,,local:onet_task_statements+job_exposure
43-4021,,,,0.37390954234330964,0.37390954234330964,local:onet_task_statements+job_exposure
43-4021.00,0.5238095238095238,0.047619047619047616,0.047619047619047616,,,local:onet_task_statements+job_exposure
43-4031,,,,0.1368943765937458,0.1368943765937458,local:onet_task_statements+job_exposure
43-4031.01,0.5217391304347826,0.0,0.043478260869565216,,,local:onet_task_statements+job_exposure
43-4031.02,0.2608695652173913,0.17391304347826086,0.391304347826087,,,local:onet_task_statements+job_exposure
43-4031.03,0.38095238095238093,0.047619047619047616,0.047619047619047616,,,local:onet_task_statements+job_exposure
43-4041,,,,0.17393638437793585,0.17393638437793585,local:onet_task_statements+job_exposure
43-4041.01,0.5,0.16666666666666666,0.0,,,local:onet_task_statements+job_exposure
43-4041.02,0.14285714285714285,0.14285714285714285,0.14285714285714285,,,local:onet_task_statements+job_exposure
43-4051,,,,0.9409475238223057,0.9409475238223057,local:onet_task_statements+job_exposure
43-4051.00,0.13333333333333333,0.26666666666666666,0.0,,,local:onet_task_statements+job_exposure
43-4051.03,0.0,0.3076923076923077,0.3076923076923077,,,local:onet_task_statements+job_exposure
43-4061,,,,0.08012347335928063,0.08012347335928063,local:onet_task_statements+job_exposure
43-4061.00,0.23529411764705882,0.058823529411764705,0.47058823529411764,,,local:onet_task_statements+job_exposure
43-4071,,,,0.2104415514696014,0.2104415514696014,local:onet_task_statements+job_exposure
43-4071.00,0.8947368421052632,0.05263157894736842,0.0,,,local:onet_task_statements+job_exposure
43-4081,,,,0.23151254865118776,0.23151254865118776,local:onet_task_statements+job_exposure
43-4081.00,0.25,0.1,0.05,,,local:onet_task_statements+job_exposure
43-4111,,,,0.516843376727956,0.516843376727956,local:onet_task_statements+job_exposure
43-4111.00,0.1875,0.125,0.5,,,local:onet_task_statements+job_exposure
43-4121,,,,0.13125754932223863,0.13125754932223863,local:onet_task_statements+job_exposure
43-4121.00,0.4375,0.0625,0.125,,,local:onet_task_statements+job_exposure
43-4131,,,,0.27137297007113137,0.27137297007113137,local:onet_task_statements+job_exposure
43-4131.00,0.3888888888888889,0.0,0.16666666666666666,,,local:onet_task_statements+job_exposure
43-4141,,,,0.0,0.0,local:onet_task_statements+job_exposure
43-4141.00,0.4666666666666667,0.0,0.06666666666666667,,,local:onet_task_statements+job_exposure
43-4151,,,,0.10038920950208027,0.10038920950208027,local:onet_task_statements+job_exposure
43-4151.00,0.3684210526315789,0.05263157894736842,0.0,,,local:onet_task_statements+job_exposure
43-4161,,,,0.543014360488525,0.543014360488525,local:onet_task_statements+job_exposure
43-4161.00,0.3888888888888889,0.16666666666666666,0.2222222222222222,,,local:onet_task_statements+job_exposure
43-4171,,,,0.5822037310428131,0.5822037310428131,local:onet_task_statements+job_exposure
43-4171.00,0.5263157894736842,0.15789473684210525,0.0,,,local:onet_task_statements+job_exposure
43-4181,,,,0.3310964971144813,0.3310964971144813,local:onet_task_statements+job_exposure
43-4181.00,0.2857142857142857,0.09523809523809523,0.14285714285714285,,,local:onet_task_statements+job_exposure
43-5011,,,,0.022144678566635354,0.022144678566635354,local:onet_task_statements+job_exposure
43-5011.00,0.20833333333333334,0.125,0.125,,,local:onet_task_statements+job_exposure
43-5011.01,0.16129032258064516,0.03225806451612903,0.0967741935483871,,,local:onet_task_statements+job_exposure
43-5021,,,,0.05529459133002282,0.05529459133002282,local:onet_task_statements+job_exposure
43-5021.00,0.375,0.0625,0.0625,,,local:onet_task_statements+job_exposure
43-5031,,,,0.062407730505972356,0.062407730505972356,local:onet_task_statements+job_exposure
43-5031.00,0.2777777777777778,0.05555555555555555,0.0,,,local:onet_task_statements+job_exposure
43-5032,,,,0.30304657093007653,0.30304657093007653,local:onet_task_statements+job_exposure
43-5032.00,0.5384615384615384,0.0,0.23076923076923078,,,local:onet_task_statements+job_exposure
43-5041,,,,0.0,0.0,local:onet_task_statements+job_exposure
43-5041.00,0.16666666666666666,0.0,0.0,,,local:onet_task_statements+job_exposure
43-5051,,,,0.0,0.0,local:onet_task_statements+job_exposure
43-5051.00,0.15,0.0,0.1,,,local:onet_task_statements+job_exposure
43-5052,,,,0.0,0.0,local:onet_task_statements+job_exposure
43-5052.00,0.23809523809523808,0.0,0.0,,,local:onet_task_statements+job_exposure
43-5053,,,,0.0,0.0,local:onet_task_statements+job_exposure
43-5053.00,0.42105263157894735,0.05263157894736842,0.10526315789473684,,,local:onet_task_statements+job_exposure
43-5061,,,,0.1253523017044692,0.1253523017044692,local:onet_task_statements+job_exposure
43-5061.00,0.5882352941176471,0.17647058823529413,0.058823529411764705,,,local:onet_task_statements+job_exposure
43-5071,,,,0.0,0.0,local:onet_task_statements+job_exposure
43-5071.00,0.36363636363636365,0.0,0.18181818181818182,,,local:onet_task_statements+job_exposure
43-5081.01,0.0,0.08333333333333333,0.08333333333333333,,,local:onet_task_statements+job_exposure
43-5081.02,0.4444444444444444,0.0,0.0,,,local:onet_task_statements+job_exposure
43-5081.03,0.2727272727272727,0.045454545454545456,0.09090909090909091,,,local:onet_task_statements+job_exposure
43-5081.04,0.14285714285714285,0.0,0.14285714285714285,,,local:onet_task_statements+job_exposure
43-5111,,,,0.0,0.0,local:onet_task_statements+job_exposure
43-5111.00,0.45454545454545453,0.0,0.045454545454545456,,,local:onet_task_statements+job_exposure
43-6011,,,,0.31351496443430416,0.31351496443430416,local:onet_task_statements+job_exposure
43-6011.00,0.36363636363636365,0.09090909090909091,0.18181818181818182,,,local:onet_task_statements+job_exposure
43-6012,,,,0.0,0.0,local:onet_task_statements+job_exposure
43-6012.00,0.38461538461538464,0.0,0.15384615384615385,,,local:onet_task_statements+job_exposure
43-6013,,,,0.4862434572540599,0.4862434572540599,local:onet_task_statements+job_exposure
43-6013.00,0.625,0.0625,0.1875,,,local:onet_task_statements+job_exposure
43-6014,,,,0.6077036639377265,0.6077036639377265,local:onet_task_statements+job_exposure
43-6014.00,0.3125,0.0625,0.15625,,,local:onet_task_statements+job_exposure
43-9011.00,0.4,0.0,0.2,,,local:onet_task_statements+job_exposure
43-9021,,,,0.9001476311904442,0.9001476311904442,local:onet_task_statements+job_exposure
43-9021.00,0.4444444444444444,0.1111111111111111,0.0,,,local:onet_task_statements+job_exposure
43-9022,,,,0.32009126291772916,0.32009126291772916,local:onet_task_statements+job_exposure
43-9022.00,0.42105263157894735,0.05263157894736842,0.0,,,local:onet_task_statements+job_exposure
43-9031,,,,0.6227352033284124,0.6227352033284124,local:onet_task_statements+job_exposure
43-9031.00,0.2222222222222222,0.2222222222222222,0.1111111111111111,,,local:onet_task_statements+job_exposure
43-9041,,,,0.19688632398335792,0.19688632398335792,local:onet_task_statements+job_exposure
43-9041.01,0.2727272727272727,0.0,0.0,,,local:onet_task_statements+job_exposure
43-9041.02,0.4375,0.0,0.0625,,,local:onet_task_statements+job_exposure
43-9051,,,,0.0,0.0,local:onet_task_statements+job_exposure
43-9051.00,0.3103448275862069,0.034482758620689655,0.06896551724137931,,,local:onet_task_statements+job_exposure
43-9061,,,,0.6044826197825796,0.6044826197825796,local:onet_task_statements+job_exposure
43-9061.00,0.47619047619047616,0.0,0.09523809523809523,,,local:onet_task_statements+job_exposure
43-9071,,,,0.03207623137833848,0.03207623137833848,local:onet_task_statements+job_exposure
43-9071.00,0.4444444444444444,0.0,0.0,,,local:onet_task_statements+job_exposure
43-9081,,,,0.23902831834653068,0.23902831834653068,local:onet_task_statements+job_exposure
43-9081.00,0.25,0.0,0.125,,,local:onet_task_statements+job_exposure
43-9111,,,,0.684337672795598,0.684337672795598,local:onet_task_statements+job_exposure
43-9111.00,0.14285714285714285,0.07142857142857142,0.14285714285714285,,,local:onet_task_statements+job_exposure
43-9111.01,0.15789473684210525,0.3684210526315789,0.15789473684210525,,,local:onet_task_statements+job_exposure
45-1011,,,,0.0,0.0,local:onet_task_statements+job_exposure
45-1011.05,0.5384615384615384,0.23076923076923078,0.38461538461538464,,,local:onet_task_statements+job_exposure
45-1011.06,0.3125,0.1875,0.125,,,local:onet_task_statements+job_exposure
45-1011.07,0.2916666666666667,0.3333333333333333,0.08333333333333333,,,local:onet_task_statements+job_exposure
45-1011.08,0.42105263157894735,0.05263157894736842,0.10526315789473684,,,local:onet_task_statements+job_exposure
45-2011,,,,0.0,0.0,local:onet_task_statements+job_exposure
45-2011.00,0.4090909090909091,0.22727272727272727,0.13636363636363635,,,local:onet_task_statements+job_exposure
45-2021,,,,0.0,0.0,local:onet_task_statements+job_exposure
45-2021.00,0.19047619047619047,0.047619047619047616,0.0,,,local:onet_task_statements+job_exposure
45-2041,,,,0.0,0.0,local:onet_task_statements+job_exposure
45-2041.00,0.5,0.0,0.0,,,local:onet_task_statements+job_exposure
45-2091,,,,0.0,0.0,local:onet_task_statements+job_exposure
45-2091.00,0.23529411764705882,0.23529411764705882,0.0,,,local:onet_task_statements+job_exposure
45-2092,,,,0.027244665145618036,0.027244665145618036,local:onet_task_statements+job_exposure
45-2092.01,0.125,0.5416666666666666,0.0,,,local:onet_task_statements+job_exposure
45-2092.02,0.35714285714285715,0.2857142857142857,0.0,,,local:onet_task_statements+job_exposure
45-2093,,,,0.0,0.0,local:onet_task_statements+job_exposure
45-2093.00,0.18181818181818182,0.0,0.045454545454545456,,,local:onet_task_statements+job_exposure
45-3011.00,0.2,0.13333333333333333,0.0,,,local:onet_task_statements+job_exposure
45-3021.00,0.13636363636363635,0.13636363636363635,0.09090909090909091,,,local:onet_task_statements+job_exposure
45-4011,,,,0.0,0.0,local:onet_task_statements+job_exposure
45-4011.00,0.09523809523809523,0.047619047619047616,0.047619047619047616,,,local:onet_task_statements+job_exposure
45-4021,,,,0.0,0.0,local:onet_task_statements+job_exposure
45-4021.00,0.0,0.0,0.0,,,local:onet_task_statements+job_exposure
45-4022,,,,0.0,0.0,local:onet_task_statements+job_exposure
45-4022.00,0.2222222222222222,0.0,0.0,,,local:onet_task_statements+job_exposure
45-4023,,,,0.0,0.0,local:onet_task_statements+job_exposure
45-4023.00,0.4166666666666667,0.08333333333333333,0.08333333333333333,,,local:onet_task_statements+job_exposure
47-1011,,,,0.03972621124681251,0.03972621124681251,local:onet_task_statements+job_exposure
47-1011.00,0.2,0.2,0.3333333333333333,,,local:onet_task_statements+job_exposure
47-1011.03,0.26666666666666666,0.3333333333333333,0.2,,,local:onet_task_statements+job_exposure
47-2011,,,,0.0,0.0,local:onet_task_statements+job_exposure
47-2011.00,0.11764705882352941,0.058823529411764705,0.0,,,local:onet_task_statements+job_exposure
47-2021,,,,0.0,0.0,local:onet_task_statements+job_exposure
47-2021.00,0.0,0.0,0.0,,,local:onet_task_statements+job_exposure
47-2022,,,,0.0,0.0,local:onet_task_statements+job_exposure
47-2022.00,0.0,0.0,0.0,,,local:onet_task_statements+job_exposure
47-2031,,,,0.0,0.0,local:onet_task_statements+job_exposure
47-2031.01,0.09090909090909091,0.045454545454545456,0.045454545454545456,,,local:onet_task_statements+job_exposure
47-2031.02,0.06666666666666667,0.06666666666666667,0.0,,,local:onet_task_statements+job_exposure
47-2041,,,,0.0,0.0,local:onet_task_statements+job_exposure
47-2041.00,0.125,0.0625,0.0,,,local:onet_task_statements+job_exposure
47-2042,,,,0.0,0.0,local:onet_task_statements+job_exposure
47-2042.00,0.07142857142857142,0.07142857142857142,0.0,,,local:onet_task_statements+job_exposure
47-2043,,,,0.0,0.0,local:onet_task_statements+job_exposure
47-2043.00,0.16666666666666666,0.0,0.0,,,local:onet_task_statements+job_exposure
47-2044,,,,0.0,0.0,local:onet_task_statements+job_exposure
47-2044.00,0.0,0.12,0.04,,,local:onet_task_statements+job_exposure
47-2051,,,,0.0,0.0,local:onet_task_statements+job_exposure
47-2051.00,0.07692307692307693,0.038461538461538464,0.0,,,local:onet_task_statements+job_exposure
47-2053,,,,0.0,0.0,local:onet_task_statements+job_exposure
47-2053.00,0.0,0.07692307692307693,0.0,,,local:onet_task_statements+job_exposure
47-2061,,,,0.03771305864984566,0.03771305864984566,local:onet_task_statements+job_exposure
47-2061.00,0.09090909090909091,0.09090909090909091,0.030303030303030304,,,local:onet_task_statements+job_exposure
47-2071,,,,0.0,0.0,local:onet_task_statements+job_exposure
47-2071.00,0.3,0.0,0.05,,,local:onet_task_statements+job_exposure
47-2072,,,,0.0,0.0,local:onet_task_statements+job_exposure
47-2072.00,0.0,0.0,0.2,,,local:onet_task_statements+job_exposure
47-2073,,,,0.0,0.0,local:onet_task_statements+job_exposure
47-2073.00,0.3103448275862069,0.034482758620689655,0.10344827586206896,,,local:onet_task_statements+job_exposure
47-2081,,,,0.0,0.0,local:onet_task_statements+job_exposure
47-2081.00,0.038461538461538464,0.038461538461538464,0.038461538461538464,,,local:onet_task_statements+job_exposure
47-2082,,,,0.0,0.0,local:onet_task_statements+job_exposure
47-2082.00,0.0,0.0,0.0,,,local:onet_task_statements+job_exposure
47-2111,,,,0.0,0.0,local:onet_task_statements+job_exposure
47-2111.00,0.09523809523809523,0.14285714285714285,0.19047619047619047,,,local:onet_task_statements+job_exposure
47-2121,,,,0.0,0.0,local:onet_task_statements+job_exposure
47-2121.00,0.037037037037037035,0.037037037037037035,0.0,,,local:onet_task_statements+job_exposure
47-2131,,,,0.0,0.0,local:onet_task_statements+job_exposure
47-2131.00,0.0,0.0,0.0,,,local:onet_task_statements+job_exposure
47-2132,,,,0.05891826600456315,0.05891826600456315,local:onet_task_statements+job_exposure
47-2132.00,0.0,0.0,0.0,,,local:onet_task_statements+job_exposure
47-2141,,,,0.0,0.0,local:onet_task_statements+job_exposure
47-2141.00,0.0,0.0,0.0,,,local:onet_task_statements+job_exposure
47-2142,,,,0.0,0.0,local:onet_task_statements+job_exposure
47-2142.00,0.0,0.05,0.0,,,local:onet_task_statements+job_exposure
47-2151,,,,0.0,0.0,local:onet_task_statements+job_exposure
47-2151.00,0.07142857142857142,0.0,0.07142857142857142,,,local:onet_task_statements+job_exposure
47-2152,,,,0.015568380083210306,0.015568380083210306,local:onet_task_statements+job_exposure
47-2152.01,0.15,0.1,0.05,,,local:onet_task_statements+job_exposure
47-2152.02,0.08695652173913043,0.13043478260869565,0.08695652173913043,,,local:onet_task_statements+job_exposure
47-2161,,,,0.0,0.0,local:onet_task_statements+job_exposure
47-2161.00,0.0,0.0,0.0,,,local:onet_task_statements+job_exposure
47-2171,,,,0.0,0.0,local:onet_task_statements+job_exposure
47-2171.00,0.0,0.0,0.0,,,local:onet_task_statements+job_exposure
47-2181,,,,0.02107099718158636,0.02107099718158636,local:onet_task_statements+job_exposure
47-2181.00,0.03571428571428571,0.07142857142857142,0.0,,,local:onet_task_statements+job_exposure
47-2211,,,,0.0,0.0,local:onet_task_statements+job_exposure
47-2211.00,0.125,0.08333333333333333,0.08333333333333333,,,local:onet_task_statements+job_exposure
47-2221,,,,0.06589719500738156,0.06589719500738156,local:onet_task_statements+job_exposure
47-2221.00,0.0,0.0,0.0,,,local:onet_task_statements+job_exposure
47-2231,,,,0.0,0.0,local:onet_task_statements+job_exposure
47-2231.00,0.07692307692307693,0.19230769230769232,0.0,,,local:onet_task_statements+job_exposure
47-3011,,,,0.0,0.0,local:onet_task_statements+job_exposure
47-3011.00,0.0,0.0,0.06666666666666667,,,local:onet_task_statements+job_exposure
47-3012,,,,0.0,0.0,local:onet_task_statements+job_exposure
47-3012.00,0.0,0.0,0.05555555555555555,,,local:onet_task_statements+job_exposure
47-3013,,,,0.0,0.0,local:onet_task_statements+job_exposure
47-3013.00,0.041666666666666664,0.0,0.0,,,local:onet_task_statements+job_exposure
47-3014,,,,0.0,0.0,local:onet_task_statements+job_exposure
47-3014.00,0.09090909090909091,0.0,0.09090909090909091,,,local:onet_task_statements+job_exposure
47-3015,,,,0.0,0.0,local:onet_task_statements+job_exposure
47-3015.00,0.0,0.06666666666666667,0.13333333333333333,,,local:onet_task_statements+job_exposure
47-3016,,,,0.0,0.0,local:onet_task_statements+job_exposure
47-3016.00,0.0,0.0,0.05555555555555555,,,local:onet_task_statements+job_exposure
47-4011,,,,0.06455509327607033,0.06455509327607033,local:onet_task_statements+job_exposure
47-4011.00,0.47368421052631576,0.2631578947368421,0.05263157894736842,,,local:onet_task_statements+job_exposure
47-4021,,,,0.0,0.0,local:onet_task_statements+job_exposure
47-4021.00,0.1,0.0,0.05,,,local:onet_task_statements+job_exposure
47-4031,,,,0.0,0.0,local:onet_task_statements+job_exposure
47-4031.00,0.0,0.0,0.0,,,local:onet_task_statements+job_exposure
47-4041,,,,0.0,0.0,local:onet_task_statements+job_exposure
47-4041.00,0.2857142857142857,0.14285714285714285,0.14285714285714285,,,local:onet_task_statements+job_exposure
47-4051,,,,0.0,0.0,local:onet_task_statements+job_exposure
47-4051.00,0.10526315789473684,0.05263157894736842,0.0,,,local:onet_task_statements+job_exposure
47-4061,,,,0.0,0.0,local:onet_task_statements+job_exposure
47-4061.00,0.15384615384615385,0.0,0.0,,,local:onet_task_statements+job_exposure
47-4071,,,,0.0,0.0,local:onet_task_statements+job_exposure
47-4071.00,0.13636363636363635,0.045454545454545456,0.045454545454545456,,,local:onet_task_statements+job_exposure
47-4091.00,0.0,0.16666666666666666,0.08333333333333333,,,local:onet_task_statements+job_exposure
47-4099.02,0.047619047619047616,0.09523809523809523,0.0,,,local:onet_task_statements+job_exposure
47-4099.03,0.16666666666666666,0.05555555555555555,0.05555555555555555,,,local:onet_task_statements+job_exposure
47-5011,,,,0.0,0.0,local:onet_task_statements+job_exposure
47-5011.00,0.13333333333333333,0.0,0.06666666666666667,,,local:onet_task_statements+job_exposure
47-5012,,,,0.0,0.0,local:onet_task_statements+job_exposure
47-5012.00,0.09090909090909091,0.0,0.045454545454545456,,,local:onet_task_statements+job_exposure
47-5013,,,,0.0,0.0,local:onet_task_statements+job_exposure
47-5013.00,0.2631578947368421,0.0,0.0,,,local:onet_task_statements+job_exposure
47-5021.00,0.3,0.1,0.0,,,local:onet_task_statements+job_exposure
47-5022,,,,0.0,0.0,local:onet_task_statements+job_exposure
47-5023,,,,0.0,0.0,local:onet_task_statements+job_exposure
47-5031.00,0.13793103448275862,0.0,0.0,,,local:onet_task_statements+job_exposure
47-5032,,,,0.0,0.0,local:onet_task_statements+job_exposure
47-5041,,,,0.0,0.0,local:onet_task_statements+job_exposure
47-5041.00,0.08333333333333333,0.08333333333333333,0.08333333333333333,,,local:onet_task_statements+job_exposure
47-5042.00,0.047619047619047616,0.23809523809523808,0.047619047619047616,,,local:onet_task_statements+job_exposure
47-5043,,,,0.0,0.0,local:onet_task_statements+job_exposure
47-5044,,,,0.0,0.0,local:onet_task_statements+job_exposure
47-5051,,,,0.0,0.0,local:onet_task_statements+job_exposure
47-5051.00,0.0,0.0,0.0,,,local:onet_task_statements+job_exposure
47-5061.00,0.0,0.0,0.0,,,local:onet_task_statements+job_exposure
47-5071,,,,0.0,0.0,local:onet_task_statements+job_exposure
47-5071.00,0.07692307692307693,0.0,0.07692307692307693,,,local:onet_task_statements+job_exposure
47-5081,,,,0.0,0.0,local:onet_task_statements+job_exposure
47-5081.00,0.07142857142857142,0.0,0.07142857142857142,,,local:onet_task_statements+job_exposure
49-1011,,,,0.1362233257280902,0.1362233257280902,local:onet_task_statements+job_exposure
49-1011.00,0.3181818181818182,0.2727272727272727,0.22727272727272727,,,local:onet_task_statements+job_exposure
49-2011,,,,0.1432022547309086,0.1432022547309086,local:onet_task_statements+job_exposure
49-2011.00,0.16,0.04,0.08,,,local:onet_task_statements+job_exposure
49-2021,,,,0.0,0.0,local:onet_task_statements+job_exposure
49-2021.00,0.05263157894736842,0.05263157894736842,0.0,,,local:onet_task_statements+job_exposure
49-2021.01,0.07692307692307693,0.07692307692307693,0.07692307692307693,,,local:onet_task_statements+job_exposure
49-2022,,,,0.04469198765266408,0.04469198765266408,local:onet_task_statements+job_exposure
49-2022.00,0.075,0.15,0.025,,,local:onet_task_statements+job_exposure
49-2091,,,,0.0,0.0,local:onet_task_statements+job_exposure
49-2091.00,0.3076923076923077,0.23076923076923078,0.07692307692307693,,,local:onet_task_statements+job_exposure
49-2092,,,,0.0,0.0,local:onet_task_statements+job_exposure
49-2092.00,0.1282051282051282,0.10256410256410256,0.05128205128205128,,,local:onet_task_statements+job_exposure
49-2093,,,,0.0,0.0,local:onet_task_statements+job_exposure
49-2093.00,0.13333333333333333,0.06666666666666667,0.0,,,local:onet_task_statements+job_exposure
49-2094,,,,0.0,0.0,local:onet_task_statements+job_exposure
49-2094.00,0.25,0.25,0.15,,,local:onet_task_statements+job_exposure
49-2095,,,,0.0,0.0,local:onet_task_statements+job_exposure
49-2095.00,0.3125,0.125,0.0625,,,local:onet_task_statements+job_exposure
49-2096,,,,0.0,0.0,local:onet_task_statements+job_exposure
49-2096.00,0.16666666666666666,0.16666666666666666,0.0,,,local:onet_task_statements+job_exposure
49-2097,,,,0.0,0.0,local:onet_task_statements+job_exposure
49-2097.00,0.18181818181818182,0.0,0.0,,,local:onet_task_statements+job_exposure
49-2098,,,,0.040665682458730375,0.040665682458730375,local:onet_task_statements+job_exposure
49-2098.00,0.125,0.25,0.0625,,,local:onet_task_statements+job_exposure
49-3011,,,,0.0,0.0,local:onet_task_statements+job_exposure
49-3011.00,0.2631578947368421,0.10526315789473684,0.02631578947368421,,,local:onet_task_statements+job_exposure
49-3021,,,,0.0,0.0,local:onet_task_statements+job_exposure
49-3021.00,0.08,0.04,0.0,,,local:onet_task_statements+job_exposure
49-3022,,,,0.0,0.0,local:onet_task_statements+job_exposure
49-3022.00,0.0,0.05555555555555555,0.0,,,local:onet_task_statements+job_exposure
49-3023,,,,0.0,0.0,local:onet_task_statements+job_exposure
49-3023.01,0.08333333333333333,0.08333333333333333,0.0,,,local:onet_task_statements+job_exposure
49-3023.02,0.11538461538461539,0.07692307692307693,0.038461538461538464,,,local:onet_task_statements+job_exposure
49-3031,,,,0.0,0.0,local:onet_task_statements+job_exposure
49-3031.00,0.2,0.16,0.0,,,local:onet_task_statements+job_exposure
49-3041,,,,0.0,0.0,local:onet_task_statements+job_exposure
49-3041.00,0.21428571428571427,0.07142857142857142,0.0,,,local:onet_task_statements+job_exposure
49-3042,,,,0.0,0.0,local:onet_task_statements+job_exposure
49-3042.00,0.1,0.2,0.0,,,local:onet_task_statements+job_exposure
49-3043,,,,0.0,0.0,local:onet_task_statements+job_exposure
49-3043.00,0.2,0.0,0.0,,,local:onet_task_statements+job_exposure
49-3051,,,,0.0,0.0,local:onet_task_statements+job_exposure
49-3051.00,0.38461538461538464,0.0,0.0,,,local:onet_task_statements+job_exposure
49-3052,,,,0.0,0.0,local:onet_task_statements+job_exposure
49-3052.00,0.0,0.0,0.0,,,local:onet_task_statements+job_exposure
49-3053,,,,0.0,0.0,local:onet_task_statements+job_exposure
49-3053.00,0.14285714285714285,0.0,0.0,,,local:onet_task_statements+job_exposure
49-3091,,,,0.0,0.0,local:onet_task_statements+job_exposure
49-3091.00,0.0,0.0,0.0,,,local:onet_task_statements+job_exposure
49-3092,,,,0.0,0.0,local:onet_task_statements+job_exposure
49-3092.00,0.11764705882352941,0.17647058823529413,0.0,,,local:onet_task_statements+job_exposure
49-3093,,,,0.0,0.0,local:onet_task_statements+job_exposure
49-3093.00,0.15384615384615385,0.0,0.038461538461538464,,,local:onet_task_statements+job_exposure
49-9011,,,,0.0,0.0,local:onet_task_statements+job_exposure
49-9011.00,0.08,0.0,0.0,,,local:onet_task_statements+job_exposure
49-9012,,,,0.0,0.0,local:onet_task_statements+job_exposure
49-9012.00,0.1282051282051282,0.02564102564102564,0.05128205128205128,,,local:onet_task_statements+job_exposure
49-9021,,,,0.025634143068044558,0.025634143068044558,local:onet_task_statements+job_exposure
49-9021.01,0.11538461538461539,0.11538461538461539,0.0,,,local:onet_task_statements+job_exposure
49-9021.02,0.09523809523809523,0.0,0.047619047619047616,,,local:onet_task_statements+job_exposure
49-9031,,,,0.0,0.0,local:onet_task_statements+job_exposure
49-9031.00,0.03225806451612903,0.06451612903225806,0.0,,,local:onet_task_statements+job_exposure
49-9041,,,,0.03207623137833848,0.03207623137833848,local:onet_task_statements+job_exposure
49-9041.00,0.3333333333333333,0.13333333333333333,0.0,,,local:onet_task_statements+job_exposure
49-9043,,,,0.0,0.0,local:onet_task_statements+job_exposure
49-9043.00,0.16666666666666666,0.05555555555555555,0.05555555555555555,,,local:onet_task_statements+job_exposure
49-9044,,,,0.0,0.0,local:onet_task_statements+job_exposure
49-9044.00,0.043478260869565216,0.043478260869565216,0.043478260869565216,,,local:onet_task_statements+job_exposure
49-9045,,,,0.0,0.0,local:onet_task_statements+job_exposure
49-9045.00,0.0,0.0,0.0,,,local:onet_task_statements+job_exposure
49-9051,,,,0.0,0.0,local:onet_task_statements+job_exposure
49-9051.00,0.08695652173913043,0.043478260869565216,0.08695652173913043,,,local:onet_task_statements+job_exposure
49-9052,,,,0.0,0.0,local:onet_task_statements+job_exposure
49-9052.00,0.1,0.0,0.0,,,local:onet_task_statements+job_exposure
49-9061,,,,0.05529459133002282,0.05529459133002282,local:onet_task_statements+job_exposure
49-9061.00,0.13333333333333333,0.13333333333333333,0.0,,,local:onet_task_statements+job_exposure
49-9062,,,,0.0,0.0,local:onet_task_statements+job_exposure
49-9062.00,0.15789473684210525,0.3157894736842105,0.10526315789473684,,,local:onet_task_statements+job_exposure
49-9063,,,,0.0,0.0,local:onet_task_statements+job_exposure
49-9063.00,0.07692307692307693,0.05128205128205128,0.0,,,local:onet_task_statements+job_exposure
49-9064,,,,0.0,0.0,local:onet_task_statements+job_exposure
49-9064.00,0.21428571428571427,0.07142857142857142,0.0,,,local:onet_task_statements+job_exposure
49-9071,,,,0.0,0.0,local:onet_task_statements+job_exposure
49-9071.00,0.2,0.13333333333333333,0.03333333333333333,,,local:onet_task_statements+job_exposure
49-9081,,,,0.0,0.0,local:onet_task_statements+job_exposure
49-9081.00,0.23076923076923078,0.23076923076923078,0.15384615384615385,,,local:onet_task_statements+job_exposure
49-9091,,,,0.0,0.0,local:onet_task_statements+job_exposure
49-9091.00,0.21052631578947367,0.05263157894736842,0.0,,,local:onet_task_statements+job_exposure
49-9092,,,,0.0,0.0,local:onet_task_statements+job_exposure
49-9092.00,0.2,0.04,0.12,,,local:onet_task_statements+job_exposure
49-9093.00,0.07142857142857142,0.0,0.0,,,local:onet_task_statements+job_exposure
49-9094,,,,0.0,0.0,local:onet_task_statements+job_exposure
49-9094.00,0.07142857142857142,0.0,0.0,,,local:onet_task_statements+job_exposure
49-9095,,,,0.0,0.0,local:onet_task_statements+job_exposure
49-9095.00,0.07142857142857142,0.21428571428571427,0.0,,,local:onet_task_statements+job_exposure
49-9096,,,,0.0,0.0,local:onet_task_statements+job_exposure
49-9096.00,0.07692307692307693,0.0,0.0,,,local:onet_task_statements+job_exposure
49-9097,,,,0.0,0.0,local:onet_task_statements+job_exposure
49-9097.00,0.5384615384615384,0.07692307692307693,0.0,,,local:onet_task_statements+job_exposure
49-9098,,,,0.0,0.0,local:onet_task_statements+job_exposure
49-9098.00,0.0,0.125,0.0625,,,local:onet_task_statements+job_exposure
49-9099,,,,0.0,0.0,local:onet_task_statements+job_exposure
49-9099.01,0.25,0.3333333333333333,0.0,,,local:onet_task_statements+job_exposure
51-1011,,,,0.0,0.0,local:onet_task_statements+job_exposure
51-1011.00,0.42105263157894735,0.21052631578947367,0.15789473684210525,,,local:onet_task_statements+job_exposure
51-2011,,,,0.06629982552677494,0.06629982552677494,local:onet_task_statements+job_exposure
51-2011.00,0.13333333333333333,0.06666666666666667,0.0,,,local:onet_task_statements+job_exposure
51-2021,,,,0.0,0.0,local:onet_task_statements+job_exposure
51-2021.00,0.45454545454545453,0.0,0.09090909090909091,,,local:onet_task_statements+job_exposure
51-2022.00,0.058823529411764705,0.058823529411764705,0.0,,,local:onet_task_statements+job_exposure
51-2023.00,0.2857142857142857,0.0,0.0,,,local:onet_task_statements+job_exposure
51-2031,,,,0.0,0.0,local:onet_task_statements+job_exposure
51-2031.00,0.16666666666666666,0.08333333333333333,0.0,,,local:onet_task_statements+job_exposure
51-2041,,,,0.0,0.0,local:onet_task_statements+job_exposure
51-2041.00,0.13043478260869565,0.043478260869565216,0.0,,,local:onet_task_statements+job_exposure
51-2051,,,,0.0,0.0,local:onet_task_statements+job_exposure
51-2061,,,,0.05261038786740035,0.05261038786740035,local:onet_task_statements+job_exposure
51-2091.00,0.1875,0.0,0.0,,,local:onet_task_statements+job_exposure
51-2092.00,0.18181818181818182,0.0,0.2727272727272727,,,local:onet_task_statements+job_exposure
51-2093.00,0.0,0.11764705882352941,0.0,,,local:onet_task_statements+job_exposure
51-3011,,,,0.0,0.0,local:onet_task_statements+job_exposure
51-3011.00,0.1111111111111111,0.05555555555555555,0.05555555555555555,,,local:onet_task_statements+job_exposure
51-3021,,,,0.0,0.0,local:onet_task_statements+job_exposure
51-3021.00,0.16666666666666666,0.0,0.08333333333333333,,,local:onet_task_statements+job_exposure
51-3022,,,,0.0,0.0,local:onet_task_statements+job_exposure
51-3022.00,0.23076923076923078,0.0,0.0,,,local:onet_task_statements+job_exposure
51-3023,,,,0.0,0.0,local:onet_task_statements+job_exposure
51-3023.00,0.2,0.0,0.0,,,local:onet_task_statements+job_exposure
51-3091,,,,0.0,0.0,local:onet_task_statements+job_exposure
51-3091.00,0.3,0.0,0.0,,,local:onet_task_statements+job_exposure
51-3092,,,,0.0,0.0,local:onet_task_statements+job_exposure
51-3092.00,0.48,0.04,0.04,,,local:onet_task_statements+job_exposure
51-3093,,,,0.0,0.0,local:onet_task_statements+job_exposure
51-3093.00,0.35294117647058826,0.0,0.0,,,local:onet_task_statements+job_exposure
51-4011.00,0.07407407407407407,0.07407407407407407,0.0,,,local:onet_task_statements+job_exposure
51-4012.00,0.06666666666666667,0.13333333333333333,0.13333333333333333,,,local:onet_task_statements+job_exposure
51-4021,,,,0.0,0.0,local:onet_task_statements+job_exposure
51-4021.00,0.0625,0.0,0.0,,,local:onet_task_statements+job_exposure
51-4022,,,,0.0,0.0,local:onet_task_statements+job_exposure
51-4022.00,0.15384615384615385,0.0,0.0,,,local:onet_task_statements+job_exposure
51-4023,,,,0.0,0.0,local:onet_task_statements+job_exposure
51-4023.00,0.3684210526315789,0.05263157894736842,0.10526315789473684,,,local:onet_task_statements+job_exposure
51-4031,,,,0.0,0.0,local:onet_task_statements+job_exposure
51-4031.00,0.15625,0.03125,0.0,,,local:onet_task_statements+job_exposure
51-4032,,,,0.0,0.0,local:onet_task_statements+job_exposure
51-4032.00,0.11764705882352941,0.058823529411764705,0.0,,,local:onet_task_statements+job_exposure
51-4033,,,,0.0,0.0,local:onet_task_statements+job_exposure
51-4033.00,0.1111111111111111,0.0,0.0,,,local:onet_task_statements+job_exposure
51-4034,,,,0.0,0.0,local:onet_task_statements+job_exposure
51-4034.00,0.06666666666666667,0.0,0.0,,,local:onet_task_statements+job_exposure
51-4035,,,,0.0,0.0,local:onet_task_statements+job_exposure
51-4035.00,0.06666666666666667,0.06666666666666667,0.0,,,local:onet_task_statements+job_exposure
51-4041,,,,0.0,0.0,local:onet_task_statements+job_exposure
51-4041.00,0.1724137931034483,0.1724137931034483,0.034482758620689655,,,local:onet_task_statements+job_exposure
51-4051,,,,0.0,0.0,local:onet_task_statements+job_exposure
51-4051.00,0.2,0.0,0.06666666666666667,,,local:onet_task_statements+job_exposure
51-4052,,,,0.0,0.0,local:onet_task_statements+job_exposure
51-4052.00,0.0,0.0,0.0625,,,local:onet_task_statements+job_exposure
51-4061,,,,0.0,0.0,local:onet_task_statements+job_exposure
51-4061.00,0.35714285714285715,0.35714285714285715,0.07142857142857142,,,local:onet_task_statements+job_exposure
51-4062,,,,0.0,0.0,local:onet_task_statements+job_exposure
51-4062.00,0.14285714285714285,0.14285714285714285,0.0,,,local:onet_task_statements+job_exposure
51-4071,,,,0.0,0.0,local:onet_task_statements+job_exposure
51-4071.00,0.07692307692307693,0.0,0.0,,,local:onet_task_statements+job_exposure
51-4072,,,,0.0,0.0,local:onet_task_statements+job_exposure
51-4072.00,0.18181818181818182,0.030303030303030304,0.0,,,local:onet_task_statements+job_exposure
51-4081,,,,0.0,0.0,local:onet_task_statements+job_exposure
51-4081.00,0.2,0.05,0.0,,,local:onet_task_statements+job_exposure
51-4111,,,,0.0,0.0,local:onet_task_statements+job_exposure
51-4111.00,0.29411764705882354,0.17647058823529413,0.0,,,local:onet_task_statements+job_exposure
51-4121,,,,0.0,0.0,local:onet_task_statements+job_exposure
51-4121.06,0.2,0.05,0.025,,,local:onet_task_statements+job_exposure
51-4121.07,0.041666666666666664,0.0,0.0,,,local:onet_task_statements+job_exposure
51-4122,,,,0.0,0.0,local:onet_task_statements+job_exposure
51-4122.00,0.3793103448275862,0.0,0.0,,,local:onet_task_statements+job_exposure
51-4191,,,,0.0,0.0,local:onet_task_statements+job_exposure
51-4191.00,0.2,0.0,0.0,,,local:onet_task_statements+job_exposure
51-4192,,,,0.0,0.0,local:onet_task_statements+job_exposure
51-4192.00,0.14285714285714285,0.21428571428571427,0.0,,,local:onet_task_statements+job_exposure
51-4193,,,,0.0,0.0,local:onet_task_statements+job_exposure
51-4193.00,0.23076923076923078,0.0,0.0,,,local:onet_task_statements+job_exposure
51-4194,,,,0.0,0.0,local:onet_task_statements+job_exposure
51-4194.00,0.2777777777777778,0.05555555555555555,0.0,,,local:onet_task_statements+job_exposure
51-5111,,,,0.13662595624748355,0.13662595624748355,local:onet_task_statements+job_exposure
51-5111.00,0.21875,0.1875,0.0,,,local:onet_task_statements+job_exposure
51-5112,,,,0.0,0.0,local:onet_task_statements+job_exposure
51-5112.00,0.391304347826087,0.0,0.0,,,local:onet_task_statements+job_exposure
51-5113,,,,0.0,0.0,local:onet_task_statements+job_exposure
51-5113.00,0.23076923076923078,0.11538461538461539,0.038461538461538464,,,local:onet_task_statements+job_exposure
51-6011,,,,0.0,0.0,local:onet_task_statements+job_exposure
51-6011.00,0.25,0.1875,0.0,,,local:onet_task_statements+job_exposure
51-6021,,,,0.0,0.0,local:onet_task_statements+job_exposure
51-6021.00,0.07407407407407407,0.0,0.037037037037037035,,,local:onet_task_statements+job_exposure
51-6031,,,,0.0,0.0,local:onet_task_statements+job_exposure
51-6031.00,0.15384615384615385,0.038461538461538464,0.0,,,local:onet_task_statements+job_exposure
51-6041,,,,0.0,0.0,local:onet_task_statements+job_exposure
51-6041.00,0.037037037037037035,0.037037037037037035,0.0,,,local:onet_task_statements+job_exposure
51-6042,,,,0.0,0.0,local:onet_task_statements+job_exposure
51-6042.00,0.05263157894736842,0.05263157894736842,0.0,,,local:onet_task_statements+job_exposure
51-6051,,,,0.0,0.0,local:onet_task_statements+job_exposure
51-6051.00,0.0,0.0,0.0,,,local:onet_task_statements+job_exposure
51-6052,,,,0.04589987921084419,0.04589987921084419,local:onet_task_statements+job_exposure
51-6052.00,0.09090909090909091,0.09090909090909091,0.0,,,local:onet_task_statements+job_exposure
51-6061,,,,0.028318346530667025,0.028318346530667025,local:onet_task_statements+job_exposure
51-6061.00,0.5833333333333334,0.08333333333333333,0.0,,,local:onet_task_statements+job_exposure
51-6062,,,,0.02039994631593075,0.02039994631593075,local:onet_task_statements+job_exposure
51-6062.00,0.3888888888888889,0.0,0.0,,,local:onet_task_statements+job_exposure
51-6063,,,,0.04294725540195947,0.04294725540195947,local:onet_task_statements+job_exposure
51-6063.00,0.4,0.0,0.0,,,local:onet_task_statements+job_exposure
51-6064,,,,0.0,0.0,local:onet_task_statements+job_exposure
51-6064.00,0.20833333333333334,0.0,0.0,,,local:onet_task_statements+job_exposure
51-6091,,,,0.0,0.0,local:onet_task_statements+job_exposure
51-6091.00,0.23809523809523808,0.0,0.0,,,local:onet_task_statements+job_exposure
51-6092,,,,0.0,0.0,local:onet_task_statements+job_exposure
51-6092.00,0.0,0.23076923076923078,0.0,,,local:onet_task_statements+job_exposure
51-6093,,,,0.0,0.0,local:onet_task_statements+job_exposure
51-6093.00,0.09090909090909091,0.13636363636363635,0.045454545454545456,,,local:onet_task_statements+job_exposure
51-7011,,,,0.0,0.0,local:onet_task_statements+job_exposure
51-7011.00,0.15,0.15,0.0,,,local:onet_task_statements+job_exposure
51-7021,,,,0.0,0.0,local:onet_task_statements+job_exposure
51-7021.00,0.045454545454545456,0.2727272727272727,0.0,,,local:onet_task_statements+job_exposure
51-7031,,,,0.0,0.0,local:onet_task_statements+job_exposure
51-7031.00,0.2857142857142857,0.6428571428571429,0.07142857142857142,,,local:onet_task_statements+job_exposure
51-7032,,,,0.04039726211246812,0.04039726211246812,local:onet_task_statements+job_exposure
51-7032.00,0.15,0.25,0.0,,,local:onet_task_statements+job_exposure
51-7041,,,,0.0,0.0,local:onet_task_statements+job_exposure
51-7041.00,0.2916666666666667,0.125,0.0,,,local:onet_task_statements+job_exposure
51-7042,,,,0.0,0.0,local:onet_task_statements+job_exposure
51-7042.00,0.23076923076923078,0.15384615384615385,0.0,,,local:onet_task_statements+job_exposure
51-8011,,,,0.0,0.0,local:onet_task_statements+job_exposure
51-8011.00,0.3,0.1,0.05,,,local:onet_task_statements+job_exposure
51-8012,,,,0.0,0.0,local:onet_task_statements+job_exposure
51-8012.00,0.4666666666666667,0.06666666666666667,0.06666666666666667,,,local:onet_task_statements+job_exposure
51-8013,,,,0.0344920144946987,0.0344920144946987,local:onet_task_statements+job_exposure
51-8013.00,0.375,0.125,0.08333333333333333,,,local:onet_task_statements+job_exposure
51-8021,,,,0.0,0.0,local:onet_task_statements+job_exposure
51-8021.00,0.28,0.16,0.16,,,local:onet_task_statements+job_exposure
51-8031,,,,0.0,0.0,local:onet_task_statements+job_exposure
51-8031.00,0.375,0.125,0.125,,,local:onet_task_statements+job_exposure
51-8091,,,,0.0,0.0,local:onet_task_statements+job_exposure
51-8091.00,0.3157894736842105,0.05263157894736842,0.05263157894736842,,,local:onet_task_statements+job_exposure
51-8092,,,,0.09703395517380219,0.09703395517380219,local:onet_task_statements+job_exposure
51-8092.00,0.42105263157894735,0.15789473684210525,0.0,,,local:onet_task_statements+job_exposure
51-8093,,,,0.054355120118104956,0.054355120118104956,local:onet_task_statements+job_exposure
51-8093.00,0.5,0.125,0.08333333333333333,,,local:onet_task_statements+job_exposure
51-8099,,,,0.0,0.0,local:onet_task_statements+job_exposure
51-8099.01,0.7894736842105263,0.05263157894736842,0.05263157894736842,,,local:onet_task_statements+job_exposure
51-8099.02,0.4117647058823529,0.11764705882352941,0.0,,,local:onet_task_statements+job_exposure
51-8099.03,0.625,0.1875,0.0,,,local:onet_task_statements+job_exposure
51-8099.04,0.3333333333333333,0.7142857142857143,0.047619047619047616,,,local:onet_task_statements+job_exposure
51-9011,,,,0.0,0.0,local:onet_task_statements+job_exposure
51-9011.00,0.30434782608695654,0.043478260869565216,0.043478260869565216,,,local:onet_task_statements+job_exposure
51-9012,,,,0.0,0.0,local:onet_task_statements+job_exposure
51-9012.00,0.42857142857142855,0.0,0.047619047619047616,,,local:onet_task_statements+job_exposure
51-9021,,,,0.05703932358072743,0.05703932358072743,local:onet_task_statements+job_exposure
51-9021.00,0.18181818181818182,0.0,0.0,,,local:onet_task_statements+job_exposure
51-9022,,,,0.0,0.0,local:onet_task_statements+job_exposure
51-9022.00,0.3,0.0,0.0,,,local:onet_task_statements+job_exposure
51-9023,,,,0.0,0.0,local:onet_task_statements+job_exposure
51-9023.00,0.3684210526315789,0.0,0.0,,,local:onet_task_statements+job_exposure
51-9031,,,,0.0,0.0,local:onet_task_statements+job_exposure
51-9031.00,0.0,0.05555555555555555,0.0,,,local:onet_task_statements+job_exposure
51-9032,,,,0.043081465575090586,0.043081465575090586,local:onet_task_statements+job_exposure
51-9032.00,0.2857142857142857,0.0,0.0,,,local:onet_task_statements+job_exposure
51-9041,,,,0.0,0.0,local:onet_task_statements+job_exposure
51-9041.00,0.17857142857142858,0.0,0.0,,,local:onet_task_statements+job_exposure
51-9051,,,,0.0,0.0,local:onet_task_statements+job_exposure
51-9051.00,0.4444444444444444,0.1111111111111111,0.05555555555555555,,,local:onet_task_statements+job_exposure
51-9061,,,,0.04348409609448396,0.04348409609448396,local:onet_task_statements+job_exposure
51-9061.00,0.375,0.0625,0.0,,,local:onet_task_statements+job_exposure
51-9071,,,,0.0,0.0,local:onet_task_statements+job_exposure
51-9071.01,0.05,0.4,0.025,,,local:onet_task_statements+job_exposure
51-9071.06,0.13636363636363635,0.0,0.045454545454545456,,,local:onet_task_statements+job_exposure
51-9071.07,0.09375,0.15625,0.03125,,,local:onet_task_statements+job_exposure
51-9081,,,,0.0,0.0,local:onet_task_statements+job_exposure
51-9081.00,0.0,0.17647058823529413,0.058823529411764705,,,local:onet_task_statements+job_exposure
51-9082,,,,0.0,0.0,local:onet_task_statements+job_exposure
51-9082.00,0.0,0.0,0.0,,,local:onet_task_statements+job_exposure
51-9083,,,,0.0,0.0,local:onet_task_statements+job_exposure
51-9083.00,0.16666666666666666,0.05555555555555555,0.0,,,local:onet_task_statements+job_exposure
51-9111,,,,0.0,0.0,local:onet_task_statements+job_exposure
51-9111.00,0.4,0.0,0.0,,,local:onet_task_statements+job_exposure
51-9121.00,0.16666666666666666,0.041666666666666664,0.0,,,local:onet_task_statements+job_exposure
51-9122.00,0.08,0.16,0.0,,,local:onet_task_statements+job_exposure
51-9123,,,,0.0,0.0,local:onet_task_statements+job_exposure
51-9123.00,0.07692307692307693,0.15384615384615385,0.0,,,local:onet_task_statements+job_exposure
51-9124,,,,0.0,0.0,local:onet_task_statements+job_exposure
51-9141,,,,0.0,0.0,local:onet_task_statements+job_exposure
51-9141.00,0.4583333333333333,0.08333333333333333,0.0,,,local:onet_task_statements+job_exposure
51-9151,,,,0.014494698698161322,0.014494698698161322,local:onet_task_statements+job_exposure
51-9151.00,0.3611111111111111,0.1388888888888889,0.0,,,local:onet_task_statements+job_exposure
51-9161,,,,0.028855187223191515,0.028855187223191515,local:onet_task_statements+job_exposure
51-9162,,,,0.1619916789692659,0.1619916789692659,local:onet_task_statements+job_exposure
51-9191,,,,0.0,0.0,local:onet_task_statements+job_exposure
51-9191.00,0.11764705882352941,0.058823529411764705,0.058823529411764705,,,local:onet_task_statements+job_exposure
51-9192,,,,0.0,0.0,local:onet_task_statements+job_exposure
51-9192.00,0.36363636363636365,0.09090909090909091,0.0,,,local:onet_task_statements+job_exposure
51-9193,,,,0.0,0.0,local:onet_task_statements+job_exposure
51-9193.00,0.21052631578947367,0.0,0.0,,,local:onet_task_statements+job_exposure
51-9194,,,,0.0,0.0,local:onet_task_statements+job_exposure
51-9194.00,0.03125,0.34375,0.0,,,local:onet_task_statements+job_exposure
51-9195,,,,0.0,0.0,local:onet_task_statements+job_exposure
51-9195.03,0.0,0.5625,0.0,,,local:onet_task_statements+job_exposure
51-9195.04,0.3157894736842105,0.10526315789473684,0.0,,,local:onet_task_statements+job_exposure
51-9195.05,0.15,0.05,0.05,,,local:onet_task_statements+job_exposure
51-9195.07,0.07142857142857142,0.10714285714285714,0.0,,,local:onet_task_statements+job_exposure
51-9196,,,,0.0,0.0,local:onet_task_statements+job_exposure
51-9196.00,0.06666666666666667,0.0,0.0,,,local:onet_task_statements+job_exposure
51-9197,,,,0.0,0.0,local:onet_task_statements+job_exposure
51-9197.00,0.22727272727272727,0.045454545454545456,0.0,,,local:onet_task_statements+job_exposure
51-9198,,,,0.05274459804053148,0.05274459804053148,local:onet_task_statements+job_exposure
51-9198.00,0.29411764705882354,0.029411764705882353,0.029411764705882353,,,local:onet_task_statements+job_exposure
51-9199.01,0.6111111111111112,0.05555555555555555,0.0,,,local:onet_task_statements+job_exposure
53-1011.00,0.2,0.0,0.0,,,local:onet_task_statements+job_exposure
53-1021.00,0.375,0.2916666666666667,0.16666666666666666,,,local:onet_task_statements+job_exposure
53-1021.01,0.43478260869565216,0.13043478260869565,0.2608695652173913,,,local:onet_task_statements+job_exposure
53-1031.00,0.2727272727272727,0.18181818181818182,0.18181818181818182,,,local:onet_task_statements+job_exposure
53-1041,,,,0.0,0.0,local:onet_task_statements+job_exposure
53-2011,,,,0.0,0.0,local:onet_task_statements+job_exposure
53-2011.00,0.3076923076923077,0.23076923076923078,0.07692307692307693,,,local:onet_task_statements+job_exposure
53-2012,,,,0.0,0.0,local:onet_task_statements+job_exposure
53-2012.00,0.2692307692307692,0.34615384615384615,0.11538461538461539,,,local:onet_task_statements+job_exposure
53-2021,,,,0.0,0.0,local:onet_task_statements+job_exposure
53-2021.00,0.21739130434782608,0.17391304347826086,0.13043478260869565,,,local:onet_task_statements+job_exposure
53-2022,,,,0.06388404241041472,0.06388404241041472,local:onet_task_statements+job_exposure
53-2022.00,0.125,0.25,0.2916666666666667,,,local:onet_task_statements+job_exposure
53-2031,,,,0.12253388806871562,0.12253388806871562,local:onet_task_statements+job_exposure
53-2031.00,0.16666666666666666,0.08333333333333333,0.16666666666666666,,,local:onet_task_statements+job_exposure
53-3011,,,,0.0,0.0,local:onet_task_statements+job_exposure
53-3011.00,0.0,0.0,0.4444444444444444,,,local:onet_task_statements+job_exposure
53-3021.00,0.3076923076923077,0.0,0.15384615384615385,,,local:onet_task_statements+job_exposure
53-3022.00,0.13333333333333333,0.0,0.0,,,local:onet_task_statements+job_exposure
53-3031,,,,0.03771305864984566,0.03771305864984566,local:onet_task_statements+job_exposure
53-3031.00,0.16666666666666666,0.08333333333333333,0.0,,,local:onet_task_statements+job_exposure
53-3032,,,,0.0,0.0,local:onet_task_statements+job_exposure
53-3032.00,0.1935483870967742,0.03225806451612903,0.0,,,local:onet_task_statements+job_exposure
53-3033,,,,0.0,0.0,local:onet_task_statements+job_exposure
53-3033.00,0.21428571428571427,0.07142857142857142,0.07142857142857142,,,local:onet_task_statements+job_exposure
53-3041.00,0.23809523809523808,0.0,0.09523809523809523,,,local:onet_task_statements+job_exposure
53-3051,,,,0.0,0.0,local:onet_task_statements+job_exposure
53-3052,,,,0.0,0.0,local:onet_task_statements+job_exposure
53-3053,,,,0.0,0.0,local:onet_task_statements+job_exposure
53-3054,,,,0.0,0.0,local:onet_task_statements+job_exposure
53-4011,,,,0.0,0.0,local:onet_task_statements+job_exposure
53-4011.00,0.4666666666666667,0.0,0.3333333333333333,,,local:onet_task_statements+job_exposure
53-4012.00,0.4,0.0,0.5,,,local:onet_task_statements+job_exposure
53-4013,,,,0.0,0.0,local:onet_task_statements+job_exposure
53-4013.00,0.36,0.0,0.28,,,local:onet_task_statements+job_exposure
53-4021.00,0.25,0.0,0.4,,,local:onet_task_statements+job_exposure
53-4022,,,,0.0,0.0,local:onet_task_statements+job_exposure
53-4031,,,,0.0,0.0,local:onet_task_statements+job_exposure
53-4031.00,0.4090909090909091,0.09090909090909091,0.5,,,local:onet_task_statements+job_exposure
53-4041,,,,0.0,0.0,local:onet_task_statements+job_exposure
53-4041.00,0.5,0.0,0.16666666666666666,,,local:onet_task_statements+job_exposure
53-5011,,,,0.0,0.0,local:onet_task_statements+job_exposure
53-5011.00,0.17857142857142858,0.03571428571428571,0.07142857142857142,,,local:onet_task_statements+job_exposure
53-5021,,,,0.0,0.0,local:onet_task_statements+job_exposure
53-5021.01,0.20833333333333334,0.041666666666666664,0.08333333333333333,,,local:onet_task_statements+job_exposure
53-5021.02,0.09090909090909091,0.0,0.09090909090909091,,,local:onet_task_statements+job_exposure
53-5021.03,0.1111111111111111,0.05555555555555555,0.2222222222222222,,,local:onet_task_statements+job_exposure
53-5022,,,,0.0,0.0,local:onet_task_statements+job_exposure
53-5022.00,0.058823529411764705,0.0,0.0,,,local:onet_task_statements+job_exposure
53-5031,,,,0.0,0.0,local:onet_task_statements+job_exposure
53-5031.00,0.5294117647058824,0.0,0.058823529411764705,,,local:onet_task_statements+job_exposure
53-6011,,,,0.0,0.0,local:onet_task_statements+job_exposure
53-6011.00,0.15,0.0,0.1,,,local:onet_task_statements+job_exposure
53-6021,,,,0.0,0.0,local:onet_task_statements+job_exposure
53-6021.00,0.1111111111111111,0.0,0.1111111111111111,,,local:onet_task_statements+job_exposure
53-6031,,,,0.0,0.0,local:onet_task_statements+job_exposure
53-6031.00,0.125,0.0,0.0,,,local:onet_task_statements+job_exposure
53-6041,,,,0.0,0.0,local:onet_task_statements+job_exposure
53-6041.00,0.13043478260869565,0.30434782608695654,0.08695652173913043,,,local:onet_task_statements+job_exposure
53-6051,,,,0.0,0.0,local:onet_task_statements+job_exposure
53-6051.01,0.3333333333333333,0.06666666666666667,0.13333333333333333,,,local:onet_task_statements+job_exposure
53-6051.07,0.47619047619047616,0.047619047619047616,0.09523809523809523,,,local:onet_task_statements+job_exposure
53-6051.08,0.3,0.05,0.05,,,local:onet_task_statements+job_exposure
53-6061,,,,0.1568916923902832,0.1568916923902832,local:onet_task_statements+job_exposure
53-6061.00,0.07142857142857142,0.0,0.14285714285714285,,,local:onet_task_statements+job_exposure
53-7011,,,,0.0,0.0,local:onet_task_statements+job_exposure
53-7011.00,0.21739130434782608,0.0,0.0,,,local:onet_task_statements+job_exposure
53-7021,,,,0.0,0.0,local:onet_task_statements+job_exposure
53-7021.00,0.5454545454545454,0.0,0.0,,,local:onet_task_statements+job_exposure
53-7031,,,,0.0,0.0,local:onet_task_statements+job_exposure
53-7031.00,0.16666666666666666,0.0,0.16666666666666666,,,local:onet_task_statements+job_exposure
53-7032.00,0.1875,0.0625,0.0,,,local:onet_task_statements+job_exposure
53-7033.00,0.3333333333333333,0.0,0.0,,,local:onet_task_statements+job_exposure
53-7041,,,,0.0,0.0,local:onet_task_statements+job_exposure
53-7041.00,0.15384615384615385,0.0,0.07692307692307693,,,local:onet_task_statements+job_exposure
53-7051,,,,0.0,0.0,local:onet_task_statements+job_exposure
53-7051.00,0.45454545454545453,0.09090909090909091,0.0,,,local:onet_task_statements+job_exposure
53-7061,,,,0.0,0.0,local:onet_task_statements+job_exposure
53-7061.00,0.09523809523809523,0.0,0.0,,,local:onet_task_statements+job_exposure
53-7062,,,,0.0,0.0,local:onet_task_statements+job_exposure
53-7062.00,0.09523809523809523,0.0,0.0,,,local:onet_task_statements+job_exposure
53-7063,,,,0.0,0.0,local:onet_task_statements+job_exposure
53-7063.00,0.3076923076923077,0.0,0.0,,,local:onet_task_statements+job_exposure
53-7064,,,,0.0,0.0,local:onet_task_statements+job_exposure
53-7064.00,0.3333333333333333,0.0,0.0,,,local:onet_task_statements+job_exposure
53-7065,,,,0.0,0.0,local:onet_task_statements+job_exposure
53-7071,,,,0.0,0.0,local:onet_task_statements+job_exposure
53-7071.00,0.3076923076923077,0.0,0.0,,,local:onet_task_statements+job_exposure
53-7072,,,,0.0,0.0,local:onet_task_statements+job_exposure
53-7072.00,0.2857142857142857,0.07142857142857142,0.07142857142857142,,,local:onet_task_statements+job_exposure
53-7073,,,,0.0,0.0,local:onet_task_statements+job_exposure
53-7073.00,0.15384615384615385,0.0,0.0,,,local:onet_task_statements+job_exposure
53-7081,,,,0.0,0.0,local:onet_task_statements+job_exposure
53-7081.00,0.3125,0.0625,0.0625,,,local:onet_task_statements+job_exposure
53-7111.00,0.23076923076923078,0.0,0.0,,,local:onet_task_statements+job_exposure
53-7121,,,,0.0,0.0,local:onet_task_statements+job_exposure
53-7121.00,0.2631578947368421,0.0,0.05263157894736842,,,local:onet_task_statements+job_exposure
