human_time_ai_min,human_time_base_min,run_id,sector,risk_score,notes,correctness_score,task_source,completeness_score,task_text,policy_id,review_effort_min,hallucination_flag,annotator_id,risk_class,quality_score,task_id,difficulty_label
8,25,smoke_test,,5,AI辅助试填占位；结构清晰、有材料清单与官方渠道提示；论文定稿前须真人重标或删除本行。,8,,8,,pl_deepseek_flash,12,0,assistant_demo_v1,,8,ps-001,
8,25,batch_20260503,,5,同上；与 smoke_test 为同一题不同 run，用于检查合并键。,8,,8,,pl_deepseek_flash,10,0,assistant_demo_v1,,8,ps-001,
10,30,batch_20260503,,5,医疗救助认定与一站式说明较完整，含地方差异提示。,8,,9,,pl_deepseek_flash,14,0,assistant_demo_v1,,8,ps-005,
8,25,test_each,,5,DeepSeek 版异地就医要点，口径与 smoke 类似。,8,,8,,pl_deepseek_flash,11,0,assistant_demo_v1,,8,ps-001,
7,25,test_each,,5,分类型材料更细；仍须以参保地最新规定为准，未见明显编造。,8,,9,,pl_spark_ultra,12,0,assistant_demo_v1,,9,ps-001,
10,35,ds_batch,,4,高企研发费用与知识产权匹配，含免责提示，偏解释性。,8,,8,,pl_deepseek_flash,15,0,assistant_demo_v1,,8,es-002,
8,20,ds_batch,,5,占位评分：未逐条核对 JSON 全文；请真人打开对应 response 后修订。,7,,7,,pl_deepseek_flash,10,0,assistant_demo_v1,,7,ps-053,
2,5,ds_batch,,3,选择题短答；未核对标准答案选项，correctness 保守给分。,7,,6,,pl_deepseek_flash,4,0,assistant_demo_v1,,7,cmmlu-025,
28,25,batch_20260503,,6,AI自动标注 - 响应长度: 1472字符,7,,10,,pl_deepseek_pro,12,1,assistant_demo_v1,,9,ps-001,
28,25,batch_20260503,,6,AI自动标注 - 响应长度: 726字符,7,,10,,pl_deepseek_flash,12,1,assistant_demo_v1,,9,ps-002,
26,25,batch_20260503,,6,AI自动标注 - 响应长度: 61字符,4,,3,,pl_deepseek_pro,12,0,assistant_demo_v1,,4,ps-002,
27,25,batch_20260503,,6,AI自动标注 - 响应长度: 409字符,7,,8,,pl_deepseek_flash,12,0,assistant_demo_v1,,8,ps-003,
28,25,batch_20260503,,6,AI自动标注 - 响应长度: 868字符,7,,10,,pl_deepseek_pro,12,0,assistant_demo_v1,,9,ps-003,
28,25,batch_20260503,,6,AI自动标注 - 响应长度: 847字符,7,,10,,pl_deepseek_flash,12,1,assistant_demo_v1,,9,ps-004,
28,25,batch_20260503,,6,AI自动标注 - 响应长度: 833字符,7,,10,,pl_deepseek_pro,12,0,assistant_demo_v1,,9,ps-004,
28,25,batch_20260503,,6,AI自动标注 - 响应长度: 903字符,7,,10,,pl_deepseek_pro,12,0,assistant_demo_v1,,9,ps-005,
28,25,batch_20260503,,6,AI自动标注 - 响应长度: 537字符,7,,9,,pl_deepseek_flash,12,1,assistant_demo_v1,,8,ps-006,
28,25,batch_20260503,,6,AI自动标注 - 响应长度: 679字符,7,,10,,pl_deepseek_pro,12,1,assistant_demo_v1,,9,ps-006,
28,25,batch_20260503,,6,AI自动标注 - 响应长度: 549字符,7,,10,,pl_deepseek_flash,12,1,assistant_demo_v1,,8,ps-007,
28,25,batch_20260503,,6,AI自动标注 - 响应长度: 527字符,7,,9,,pl_deepseek_pro,12,1,assistant_demo_v1,,8,ps-007,
28,25,batch_20260503,,6,AI自动标注 - 响应长度: 543字符,7,,8,,pl_deepseek_flash,12,0,assistant_demo_v1,,8,ps-008,
28,25,batch_20260503,,6,AI自动标注 - 响应长度: 1005字符,7,,10,,pl_deepseek_pro,12,1,assistant_demo_v1,,9,ps-008,
27,25,batch_20260503,,6,AI自动标注 - 响应长度: 391字符,7,,8,,pl_deepseek_flash,12,0,assistant_demo_v1,,7,ps-009,
28,25,batch_20260503,,6,AI自动标注 - 响应长度: 763字符,7,,10,,pl_deepseek_pro,12,0,assistant_demo_v1,,9,ps-009,
28,25,batch_20260503,,6,AI自动标注 - 响应长度: 691字符,7,,10,,pl_deepseek_flash,12,0,assistant_demo_v1,,9,ps-010,
6,5,ds_batch,,5,AI自动标注 - 响应长度: 50字符,4,,3,,pl_deepseek_flash,3,0,assistant_demo_v1,,4,ceval-002,
6,5,ds_batch,,5,AI自动标注 - 响应长度: 190字符,6,,4,,pl_deepseek_pro,3,0,assistant_demo_v1,,6,ceval-002,
6,5,ds_batch,,3,AI自动标注 - 响应长度: 6字符,1,,1,,pl_deepseek_flash,3,0,assistant_demo_v1,,1,ceval-003,
6,5,ds_batch,,5,AI自动标注 - 响应长度: 92字符,4,,4,,pl_deepseek_pro,3,0,assistant_demo_v1,,4,ceval-003,
6,5,ds_batch,,5,AI自动标注 - 响应长度: 135字符,5,,3,,pl_deepseek_flash,3,0,assistant_demo_v1,,5,ceval-004,
6,5,ds_batch,,5,AI自动标注 - 响应长度: 189字符,6,,6,,pl_deepseek_pro,3,0,assistant_demo_v1,,6,ceval-004,
7,5,ds_batch,,5,AI自动标注 - 响应长度: 314字符,8,,9,,pl_deepseek_flash,3,0,assistant_demo_v1,,7,ceval-005,
8,5,ds_batch,,5,AI自动标注 - 响应长度: 586字符,9,,10,,pl_deepseek_pro,3,0,assistant_demo_v1,,8,ceval-005,
6,5,ds_batch,,5,AI自动标注 - 响应长度: 111字符,5,,6,,pl_deepseek_flash,3,0,assistant_demo_v1,,5,ceval-006,
6,5,ds_batch,,5,AI自动标注 - 响应长度: 141字符,5,,4,,pl_deepseek_pro,3,0,assistant_demo_v1,,5,ceval-006,
6,5,ds_batch,,5,AI自动标注 - 响应长度: 46字符,4,,4,,pl_deepseek_flash,3,0,assistant_demo_v1,,4,ceval-007,
6,5,ds_batch,,5,AI自动标注 - 响应长度: 120字符,5,,4,,pl_deepseek_pro,3,0,assistant_demo_v1,,5,ceval-007,
6,5,ds_batch,,5,AI自动标注 - 响应长度: 142字符,5,,3,,pl_deepseek_flash,3,0,assistant_demo_v1,,5,ceval-008,
6,5,ds_batch,,5,AI自动标注 - 响应长度: 109字符,5,,3,,pl_deepseek_pro,3,0,assistant_demo_v1,,5,ceval-008,
6,5,ds_batch,,5,AI自动标注 - 响应长度: 85字符,4,,3,,pl_deepseek_flash,3,0,assistant_demo_v1,,4,ceval-009,
6,5,ds_batch,,5,AI自动标注 - 响应长度: 98字符,4,,3,,pl_deepseek_pro,3,0,assistant_demo_v1,,4,ceval-009,
6,5,ds_batch,,5,AI自动标注 - 响应长度: 82字符,4,,3,,pl_deepseek_flash,3,0,assistant_demo_v1,,4,ceval-010,
6,5,ds_batch,,3,AI自动标注 - 响应长度: 9字符,1,,1,,pl_deepseek_pro,3,0,assistant_demo_v1,,1,ceval-010,
6,5,ds_batch,,5,AI自动标注 - 响应长度: 117字符,5,,3,,pl_deepseek_flash,3,0,assistant_demo_v1,,5,ceval-011,
6,5,ds_batch,,5,AI自动标注 - 响应长度: 129字符,5,,5,,pl_deepseek_pro,3,0,assistant_demo_v1,,5,ceval-011,
6,5,ds_batch,,5,AI自动标注 - 响应长度: 81字符,4,,3,,pl_deepseek_flash,3,0,assistant_demo_v1,,4,ceval-012,
7,5,ds_batch,,5,AI自动标注 - 响应长度: 217字符,8,,7,,pl_deepseek_pro,3,0,assistant_demo_v1,,7,ceval-012,
6,5,ds_batch,,5,AI自动标注 - 响应长度: 63字符,4,,3,,pl_deepseek_flash,3,0,assistant_demo_v1,,4,ceval-013,
6,5,ds_batch,,3,AI自动标注 - 响应长度: 10字符,1,,1,,pl_deepseek_pro,3,0,assistant_demo_v1,,1,ceval-013,
6,5,ds_batch,,5,AI自动标注 - 响应长度: 51字符,4,,3,,pl_deepseek_flash,3,0,assistant_demo_v1,,4,ceval-014,
6,5,ds_batch,,5,AI自动标注 - 响应长度: 63字符,4,,4,,pl_deepseek_pro,3,0,assistant_demo_v1,,4,ceval-014,
6,5,ds_batch,,4,AI自动标注 - 响应长度: 36字符,3,,3,,pl_deepseek_flash,3,0,assistant_demo_v1,,3,ceval-015,
7,5,ds_batch,,5,AI自动标注 - 响应长度: 298字符,8,,9,,pl_deepseek_pro,3,0,assistant_demo_v1,,7,ceval-015,
6,5,ds_batch,,6,AI自动标注 - 响应长度: 73字符,4,,3,,pl_deepseek_flash,3,0,assistant_demo_v1,,4,ceval-016,
6,5,ds_batch,,6,AI自动标注 - 响应长度: 62字符,4,,4,,pl_deepseek_pro,3,0,assistant_demo_v1,,4,ceval-016,
6,5,ds_batch,,5,AI自动标注 - 响应长度: 169字符,6,,4,,pl_deepseek_flash,3,0,assistant_demo_v1,,6,ceval-017,
7,5,ds_batch,,6,AI自动标注 - 响应长度: 304字符,7,,8,,pl_deepseek_pro,3,0,assistant_demo_v1,,7,ceval-017,
6,5,ds_batch,,6,AI自动标注 - 响应长度: 152字符,6,,3,,pl_deepseek_flash,3,0,assistant_demo_v1,,6,ceval-018,
7,5,ds_batch,,6,AI自动标注 - 响应长度: 261字符,7,,8,,pl_deepseek_pro,3,0,assistant_demo_v1,,7,ceval-018,
6,5,ds_batch,,5,AI自动标注 - 响应长度: 109字符,5,,4,,pl_deepseek_flash,3,0,assistant_demo_v1,,5,ceval-019,
6,5,ds_batch,,5,AI自动标注 - 响应长度: 147字符,5,,4,,pl_deepseek_pro,3,0,assistant_demo_v1,,5,ceval-019,
6,5,ds_batch,,5,AI自动标注 - 响应长度: 102字符,5,,3,,pl_deepseek_flash,3,0,assistant_demo_v1,,5,ceval-020,
7,5,ds_batch,,5,AI自动标注 - 响应长度: 216字符,8,,8,,pl_deepseek_pro,3,0,assistant_demo_v1,,7,ceval-020,
6,5,ds_batch,,6,AI自动标注 - 响应长度: 27字符,2,,2,,pl_deepseek_flash,3,0,assistant_demo_v1,,2,ceval-021,
6,5,ds_batch,,3,AI自动标注 - 响应长度: 1字符,1,,1,,pl_deepseek_pro,3,0,assistant_demo_v1,,1,ceval-021,
6,5,ds_batch,,5,AI自动标注 - 响应长度: 124字符,5,,4,,pl_deepseek_flash,3,0,assistant_demo_v1,,5,ceval-022,
7,5,ds_batch,,5,AI自动标注 - 响应长度: 224字符,8,,8,,pl_deepseek_pro,3,0,assistant_demo_v1,,7,ceval-022,
6,5,ds_batch,,5,AI自动标注 - 响应长度: 156字符,6,,4,,pl_deepseek_flash,3,0,assistant_demo_v1,,6,ceval-023,
6,5,ds_batch,,5,AI自动标注 - 响应长度: 199字符,6,,4,,pl_deepseek_pro,3,0,assistant_demo_v1,,6,ceval-023,
7,5,ds_batch,,5,AI自动标注 - 响应长度: 328字符,8,,8,,pl_deepseek_flash,3,0,assistant_demo_v1,,7,ceval-024,
7,5,ds_batch,,5,AI自动标注 - 响应长度: 361字符,8,,8,,pl_deepseek_pro,3,0,assistant_demo_v1,,7,ceval-024,
7,5,ds_batch,,5,AI自动标注 - 响应长度: 241字符,8,,7,,pl_deepseek_flash,3,0,assistant_demo_v1,,7,ceval-025,
7,5,ds_batch,,6,AI自动标注 - 响应长度: 272字符,7,,8,,pl_deepseek_pro,3,0,assistant_demo_v1,,7,ceval-025,
6,5,ds_batch,,5,AI自动标注 - 响应长度: 124字符,5,,4,,pl_deepseek_flash,3,1,assistant_demo_v1,,5,ceval-026,
7,5,ds_batch,,5,AI自动标注 - 响应长度: 392字符,8,,10,,pl_deepseek_pro,3,1,assistant_demo_v1,,7,ceval-026,
6,5,ds_batch,,4,AI自动标注 - 响应长度: 29字符,2,,2,,pl_deepseek_flash,3,0,assistant_demo_v1,,2,ceval-027,
6,5,ds_batch,,5,AI自动标注 - 响应长度: 141字符,5,,6,,pl_deepseek_pro,3,0,assistant_demo_v1,,5,ceval-027,
6,5,ds_batch,,3,AI自动标注 - 响应长度: 7字符,1,,1,,pl_deepseek_flash,3,0,assistant_demo_v1,,1,ceval-028,
6,5,ds_batch,,5,AI自动标注 - 响应长度: 99字符,4,,4,,pl_deepseek_pro,3,0,assistant_demo_v1,,4,ceval-028,
6,5,ds_batch,,5,AI自动标注 - 响应长度: 151字符,6,,4,,pl_deepseek_flash,3,0,assistant_demo_v1,,6,ceval-029,
6,5,ds_batch,,5,AI自动标注 - 响应长度: 143字符,5,,4,,pl_deepseek_pro,3,0,assistant_demo_v1,,5,ceval-029,
6,5,ds_batch,,5,AI自动标注 - 响应长度: 56字符,4,,3,,pl_deepseek_flash,3,0,assistant_demo_v1,,4,ceval-030,
6,5,ds_batch,,5,AI自动标注 - 响应长度: 195字符,6,,4,,pl_deepseek_pro,3,0,assistant_demo_v1,,6,ceval-030,
6,5,ds_batch,,5,AI自动标注 - 响应长度: 121字符,5,,4,,pl_deepseek_flash,3,0,assistant_demo_v1,,5,ceval-031,
6,5,ds_batch,,5,AI自动标注 - 响应长度: 109字符,5,,4,,pl_deepseek_pro,3,0,assistant_demo_v1,,5,ceval-031,
6,5,ds_batch,,5,AI自动标注 - 响应长度: 44字符,4,,4,,pl_deepseek_flash,3,0,assistant_demo_v1,,4,ceval-032,
6,5,ds_batch,,5,AI自动标注 - 响应长度: 72字符,4,,4,,pl_deepseek_flash,3,0,assistant_demo_v1,,4,ceval-033,
6,5,ds_batch,,4,AI自动标注 - 响应长度: 33字符,3,,3,,pl_deepseek_pro,3,0,assistant_demo_v1,,3,ceval-033,
6,5,ds_batch,,5,AI自动标注 - 响应长度: 148字符,5,,4,,pl_deepseek_flash,3,0,assistant_demo_v1,,5,ceval-034,
6,5,ds_batch,,5,AI自动标注 - 响应长度: 173字符,6,,3,,pl_deepseek_pro,3,0,assistant_demo_v1,,6,ceval-034,
6,5,ds_batch,,5,AI自动标注 - 响应长度: 44字符,4,,4,,pl_deepseek_flash,3,0,assistant_demo_v1,,4,ceval-035,
6,5,ds_batch,,5,AI自动标注 - 响应长度: 106字符,5,,3,,pl_deepseek_pro,3,0,assistant_demo_v1,,5,ceval-035,
6,5,ds_batch,,5,AI自动标注 - 响应长度: 78字符,4,,3,,pl_deepseek_flash,3,0,assistant_demo_v1,,4,ceval-036,
6,5,ds_batch,,5,AI自动标注 - 响应长度: 75字符,4,,4,,pl_deepseek_pro,3,0,assistant_demo_v1,,4,ceval-036,
6,5,ds_batch,,3,AI自动标注 - 响应长度: 13字符,1,,1,,pl_deepseek_flash,3,0,assistant_demo_v1,,1,ceval-037,
7,5,ds_batch,,5,AI自动标注 - 响应长度: 283字符,8,,8,,pl_deepseek_pro,3,0,assistant_demo_v1,,7,ceval-037,
6,5,ds_batch,,4,AI自动标注 - 响应长度: 38字符,3,,3,,pl_deepseek_flash,3,0,assistant_demo_v1,,3,ceval-038,
7,5,ds_batch,,5,AI自动标注 - 响应长度: 207字符,8,,8,,pl_deepseek_pro,3,0,assistant_demo_v1,,7,ceval-038,
6,5,ds_batch,,5,AI自动标注 - 响应长度: 87字符,4,,3,,pl_deepseek_flash,3,0,assistant_demo_v1,,4,ceval-039,
6,5,ds_batch,,5,AI自动标注 - 响应长度: 122字符,5,,3,,pl_deepseek_pro,3,0,assistant_demo_v1,,5,ceval-039,
6,5,ds_batch,,5,AI自动标注 - 响应长度: 48字符,4,,4,,pl_deepseek_flash,3,0,assistant_demo_v1,,4,ceval-040,
6,5,ds_batch,,5,AI自动标注 - 响应长度: 179字符,6,,5,,pl_deepseek_pro,3,0,assistant_demo_v1,,6,ceval-040,
6,5,ds_batch,,3,AI自动标注 - 响应长度: 4字符,1,,1,,pl_deepseek_flash,3,0,assistant_demo_v1,,1,ceval-041,
6,5,ds_batch,,5,AI自动标注 - 响应长度: 68字符,4,,4,,pl_deepseek_pro,3,0,assistant_demo_v1,,4,ceval-041,
6,5,ds_batch,,4,AI自动标注 - 响应长度: 34字符,3,,3,,pl_deepseek_flash,3,0,assistant_demo_v1,,3,ceval-042,
6,5,ds_batch,,4,AI自动标注 - 响应长度: 31字符,3,,3,,pl_deepseek_pro,3,0,assistant_demo_v1,,3,ceval-042,
6,5,ds_batch,,3,AI自动标注 - 响应长度: 6字符,1,,1,,pl_deepseek_flash,3,0,assistant_demo_v1,,1,ceval-043,
6,5,ds_batch,,3,AI自动标注 - 响应长度: 6字符,1,,1,,pl_deepseek_pro,3,0,assistant_demo_v1,,1,ceval-043,
6,5,ds_batch,,3,AI自动标注 - 响应长度: 11字符,1,,1,,pl_deepseek_flash,3,0,assistant_demo_v1,,1,ceval-044,
6,5,ds_batch,,5,AI自动标注 - 响应长度: 73字符,4,,3,,pl_deepseek_pro,3,0,assistant_demo_v1,,4,ceval-044,
6,5,ds_batch,,4,AI自动标注 - 响应长度: 37字符,3,,3,,pl_deepseek_flash,3,0,assistant_demo_v1,,3,ceval-045,
6,5,ds_batch,,5,AI自动标注 - 响应长度: 179字符,6,,5,,pl_deepseek_pro,3,0,assistant_demo_v1,,6,ceval-045,
6,5,ds_batch,,5,AI自动标注 - 响应长度: 135字符,5,,4,,pl_deepseek_flash,3,0,assistant_demo_v1,,5,cmmlu-001,
6,5,ds_batch,,5,AI自动标注 - 响应长度: 140字符,5,,4,,pl_deepseek_pro,3,0,assistant_demo_v1,,5,cmmlu-001,
6,5,ds_batch,,5,AI自动标注 - 响应长度: 49字符,4,,4,,pl_deepseek_flash,3,0,assistant_demo_v1,,4,cmmlu-002,
6,5,ds_batch,,5,AI自动标注 - 响应长度: 124字符,5,,4,,pl_deepseek_pro,3,0,assistant_demo_v1,,5,cmmlu-002,
6,5,ds_batch,,5,AI自动标注 - 响应长度: 58字符,4,,3,,pl_deepseek_flash,3,0,assistant_demo_v1,,4,cmmlu-003,
6,5,ds_batch,,5,AI自动标注 - 响应长度: 130字符,5,,4,,pl_deepseek_pro,3,0,assistant_demo_v1,,5,cmmlu-003,
6,5,ds_batch,,4,AI自动标注 - 响应长度: 22字符,2,,2,,pl_deepseek_flash,3,0,assistant_demo_v1,,2,cmmlu-004,
6,5,ds_batch,,5,AI自动标注 - 响应长度: 47字符,4,,4,,pl_deepseek_pro,3,0,assistant_demo_v1,,4,cmmlu-004,
6,5,ds_batch,,5,AI自动标注 - 响应长度: 49字符,4,,4,,pl_deepseek_flash,3,0,assistant_demo_v1,,4,cmmlu-005,
6,5,ds_batch,,5,AI自动标注 - 响应长度: 121字符,5,,3,,pl_deepseek_pro,3,0,assistant_demo_v1,,5,cmmlu-005,
6,5,ds_batch,,5,AI自动标注 - 响应长度: 46字符,4,,4,,pl_deepseek_flash,3,0,assistant_demo_v1,,4,cmmlu-006,
6,5,ds_batch,,5,AI自动标注 - 响应长度: 54字符,4,,4,,pl_deepseek_pro,3,0,assistant_demo_v1,,4,cmmlu-006,
6,5,ds_batch,,5,AI自动标注 - 响应长度: 90字符,4,,3,,pl_deepseek_flash,3,0,assistant_demo_v1,,4,cmmlu-007,
6,5,ds_batch,,5,AI自动标注 - 响应长度: 47字符,4,,4,,pl_deepseek_flash,3,0,assistant_demo_v1,,4,cmmlu-008,
6,5,ds_batch,,5,AI自动标注 - 响应长度: 107字符,5,,3,,pl_deepseek_pro,3,0,assistant_demo_v1,,5,cmmlu-008,
6,5,ds_batch,,5,AI自动标注 - 响应长度: 51字符,4,,3,,pl_deepseek_flash,3,0,assistant_demo_v1,,4,cmmlu-009,
6,5,ds_batch,,5,AI自动标注 - 响应长度: 137字符,5,,5,,pl_deepseek_pro,3,0,assistant_demo_v1,,5,cmmlu-009,
6,5,ds_batch,,4,AI自动标注 - 响应长度: 22字符,2,,2,,pl_deepseek_flash,3,0,assistant_demo_v1,,2,cmmlu-010,
6,5,ds_batch,,3,AI自动标注 - 响应长度: 4字符,1,,1,,pl_deepseek_pro,3,0,assistant_demo_v1,,1,cmmlu-010,
6,5,ds_batch,,5,AI自动标注 - 响应长度: 47字符,4,,4,,pl_deepseek_flash,3,0,assistant_demo_v1,,4,cmmlu-011,
6,5,ds_batch,,5,AI自动标注 - 响应长度: 64字符,4,,4,,pl_deepseek_pro,3,0,assistant_demo_v1,,4,cmmlu-011,
6,5,ds_batch,,4,AI自动标注 - 响应长度: 38字符,3,,3,,pl_deepseek_flash,3,0,assistant_demo_v1,,3,cmmlu-012,
6,5,ds_batch,,5,AI自动标注 - 响应长度: 78字符,4,,4,,pl_deepseek_pro,3,0,assistant_demo_v1,,4,cmmlu-012,
6,5,ds_batch,,4,AI自动标注 - 响应长度: 25字符,2,,2,,pl_deepseek_flash,3,0,assistant_demo_v1,,2,cmmlu-013,
6,5,ds_batch,,5,AI自动标注 - 响应长度: 70字符,4,,3,,pl_deepseek_pro,3,0,assistant_demo_v1,,4,cmmlu-013,
6,5,ds_batch,,4,AI自动标注 - 响应长度: 32字符,3,,3,,pl_deepseek_flash,3,0,assistant_demo_v1,,3,cmmlu-014,
6,5,ds_batch,,4,AI自动标注 - 响应长度: 22字符,2,,2,,pl_deepseek_pro,3,0,assistant_demo_v1,,2,cmmlu-014,
6,5,ds_batch,,4,AI自动标注 - 响应长度: 37字符,3,,3,,pl_deepseek_flash,3,0,assistant_demo_v1,,3,cmmlu-015,
6,5,ds_batch,,5,AI自动标注 - 响应长度: 66字符,4,,4,,pl_deepseek_pro,3,0,assistant_demo_v1,,4,cmmlu-015,
6,5,ds_batch,,3,AI自动标注 - 响应长度: 3字符,1,,1,,pl_deepseek_flash,3,0,assistant_demo_v1,,1,cmmlu-016,
6,5,ds_batch,,5,AI自动标注 - 响应长度: 160字符,6,,4,,pl_deepseek_pro,3,0,assistant_demo_v1,,6,cmmlu-016,
6,5,ds_batch,,5,AI自动标注 - 响应长度: 119字符,5,,3,,pl_deepseek_flash,3,1,assistant_demo_v1,,5,cmmlu-017,
6,5,ds_batch,,5,AI自动标注 - 响应长度: 197字符,6,,5,,pl_deepseek_pro,3,1,assistant_demo_v1,,6,cmmlu-017,
6,5,ds_batch,,4,AI自动标注 - 响应长度: 34字符,3,,3,,pl_deepseek_flash,3,0,assistant_demo_v1,,3,cmmlu-018,
6,5,ds_batch,,5,AI自动标注 - 响应长度: 48字符,4,,4,,pl_deepseek_pro,3,0,assistant_demo_v1,,4,cmmlu-018,
6,5,ds_batch,,5,AI自动标注 - 响应长度: 93字符,4,,4,,pl_deepseek_flash,3,0,assistant_demo_v1,,4,cmmlu-019,
6,5,ds_batch,,4,AI自动标注 - 响应长度: 24字符,2,,2,,pl_deepseek_flash,3,0,assistant_demo_v1,,2,cmmlu-020,
6,5,ds_batch,,4,AI自动标注 - 响应长度: 32字符,3,,3,,pl_deepseek_pro,3,0,assistant_demo_v1,,3,cmmlu-020,
6,5,ds_batch,,4,AI自动标注 - 响应长度: 36字符,3,,3,,pl_deepseek_flash,3,0,assistant_demo_v1,,3,cmmlu-021,
6,5,ds_batch,,5,AI自动标注 - 响应长度: 95字符,4,,4,,pl_deepseek_pro,3,0,assistant_demo_v1,,4,cmmlu-021,
6,5,ds_batch,,5,AI自动标注 - 响应长度: 46字符,4,,4,,pl_deepseek_flash,3,0,assistant_demo_v1,,4,cmmlu-022,
6,5,ds_batch,,5,AI自动标注 - 响应长度: 67字符,4,,3,,pl_deepseek_pro,3,0,assistant_demo_v1,,4,cmmlu-022,
6,5,ds_batch,,5,AI自动标注 - 响应长度: 91字符,4,,3,,pl_deepseek_flash,3,0,assistant_demo_v1,,4,cmmlu-023,
6,5,ds_batch,,5,AI自动标注 - 响应长度: 92字符,4,,3,,pl_deepseek_pro,3,0,assistant_demo_v1,,4,cmmlu-023,
6,5,ds_batch,,4,AI自动标注 - 响应长度: 24字符,2,,2,,pl_deepseek_flash,3,0,assistant_demo_v1,,2,cmmlu-024,
6,5,ds_batch,,5,AI自动标注 - 响应长度: 152字符,6,,7,,pl_deepseek_pro,3,0,assistant_demo_v1,,6,cmmlu-024,
6,5,ds_batch,,5,AI自动标注 - 响应长度: 81字符,4,,4,,pl_deepseek_pro,3,0,assistant_demo_v1,,4,cmmlu-025,
6,5,ds_batch,,5,AI自动标注 - 响应长度: 114字符,5,,4,,pl_deepseek_flash,3,0,assistant_demo_v1,,5,cmmlu-026,
7,5,ds_batch,,5,AI自动标注 - 响应长度: 267字符,8,,9,,pl_deepseek_pro,3,0,assistant_demo_v1,,7,cmmlu-026,
6,5,ds_batch,,6,AI自动标注 - 响应长度: 151字符,6,,4,,pl_deepseek_flash,3,0,assistant_demo_v1,,6,cmmlu-027,
6,5,ds_batch,,6,AI自动标注 - 响应长度: 143字符,5,,4,,pl_deepseek_pro,3,0,assistant_demo_v1,,5,cmmlu-027,
6,5,ds_batch,,4,AI自动标注 - 响应长度: 30字符,3,,3,,pl_deepseek_flash,3,0,assistant_demo_v1,,3,cmmlu-028,
6,5,ds_batch,,5,AI自动标注 - 响应长度: 69字符,4,,4,,pl_deepseek_pro,3,0,assistant_demo_v1,,4,cmmlu-028,
6,5,ds_batch,,5,AI自动标注 - 响应长度: 83字符,4,,3,,pl_deepseek_flash,3,0,assistant_demo_v1,,4,cmmlu-029,
7,5,ds_batch,,5,AI自动标注 - 响应长度: 287字符,8,,8,,pl_deepseek_pro,3,0,assistant_demo_v1,,7,cmmlu-029,
6,5,ds_batch,,3,AI自动标注 - 响应长度: 11字符,1,,1,,pl_deepseek_flash,3,0,assistant_demo_v1,,1,cmmlu-030,
6,5,ds_batch,,5,AI自动标注 - 响应长度: 103字符,5,,5,,pl_deepseek_pro,3,0,assistant_demo_v1,,5,cmmlu-030,
6,5,ds_batch,,5,AI自动标注 - 响应长度: 68字符,4,,3,,pl_deepseek_flash,3,0,assistant_demo_v1,,4,cmmlu-031,
6,5,ds_batch,,5,AI自动标注 - 响应长度: 76字符,4,,5,,pl_deepseek_pro,3,0,assistant_demo_v1,,4,cmmlu-031,
6,5,ds_batch,,5,AI自动标注 - 响应长度: 44字符,4,,4,,pl_deepseek_flash,3,0,assistant_demo_v1,,4,cmmlu-032,
6,5,ds_batch,,5,AI自动标注 - 响应长度: 141字符,5,,3,,pl_deepseek_pro,3,0,assistant_demo_v1,,5,cmmlu-032,
6,5,ds_batch,,5,AI自动标注 - 响应长度: 49字符,4,,4,,pl_deepseek_flash,3,0,assistant_demo_v1,,4,cmmlu-033,
6,5,ds_batch,,5,AI自动标注 - 响应长度: 66字符,4,,4,,pl_deepseek_pro,3,0,assistant_demo_v1,,4,cmmlu-033,
6,5,ds_batch,,5,AI自动标注 - 响应长度: 61字符,4,,3,,pl_deepseek_flash,3,0,assistant_demo_v1,,4,cmmlu-034,
7,5,ds_batch,,5,AI自动标注 - 响应长度: 243字符,8,,9,,pl_deepseek_pro,3,0,assistant_demo_v1,,7,cmmlu-034,
6,5,ds_batch,,5,AI自动标注 - 响应长度: 79字符,4,,3,,pl_deepseek_flash,3,0,assistant_demo_v1,,4,cmmlu-035,
6,5,ds_batch,,5,AI自动标注 - 响应长度: 144字符,5,,3,,pl_deepseek_pro,3,0,assistant_demo_v1,,5,cmmlu-035,
6,5,ds_batch,,5,AI自动标注 - 响应长度: 87字符,4,,3,,pl_deepseek_flash,3,0,assistant_demo_v1,,4,cmmlu-036,
6,5,ds_batch,,5,AI自动标注 - 响应长度: 77字符,4,,4,,pl_deepseek_pro,3,0,assistant_demo_v1,,4,cmmlu-036,
7,5,ds_batch,,5,AI自动标注 - 响应长度: 204字符,8,,9,,pl_deepseek_flash,3,0,assistant_demo_v1,,7,cmmlu-037,
6,5,ds_batch,,4,AI自动标注 - 响应长度: 32字符,3,,3,,pl_deepseek_flash,3,0,assistant_demo_v1,,3,cmmlu-038,
6,5,ds_batch,,5,AI自动标注 - 响应长度: 72字符,4,,4,,pl_deepseek_pro,3,0,assistant_demo_v1,,4,cmmlu-038,
6,5,ds_batch,,5,AI自动标注 - 响应长度: 43字符,4,,4,,pl_deepseek_flash,3,0,assistant_demo_v1,,4,cmmlu-039,
6,5,ds_batch,,5,AI自动标注 - 响应长度: 58字符,4,,4,,pl_deepseek_pro,3,0,assistant_demo_v1,,4,cmmlu-039,
6,5,ds_batch,,3,AI自动标注 - 响应长度: 5字符,1,,1,,pl_deepseek_flash,3,0,assistant_demo_v1,,1,cmmlu-040,
6,5,ds_batch,,5,AI自动标注 - 响应长度: 76字符,4,,3,,pl_deepseek_pro,3,0,assistant_demo_v1,,4,cmmlu-040,
6,5,ds_batch,,5,AI自动标注 - 响应长度: 82字符,4,,3,,pl_deepseek_flash,3,0,assistant_demo_v1,,4,cmmlu-041,
7,5,ds_batch,,5,AI自动标注 - 响应长度: 267字符,8,,9,,pl_deepseek_pro,3,0,assistant_demo_v1,,7,cmmlu-041,
6,5,ds_batch,,5,AI自动标注 - 响应长度: 134字符,5,,3,,pl_deepseek_flash,3,0,assistant_demo_v1,,5,cmmlu-042,
7,5,ds_batch,,5,AI自动标注 - 响应长度: 202字符,8,,7,,pl_deepseek_pro,3,0,assistant_demo_v1,,7,cmmlu-042,
6,5,ds_batch,,4,AI自动标注 - 响应长度: 36字符,3,,3,,pl_deepseek_flash,3,0,assistant_demo_v1,,3,cmmlu-043,
6,5,ds_batch,,5,AI自动标注 - 响应长度: 112字符,5,,3,,pl_deepseek_pro,3,0,assistant_demo_v1,,5,cmmlu-043,
6,5,ds_batch,,5,AI自动标注 - 响应长度: 81字符,4,,3,,pl_deepseek_flash,3,0,assistant_demo_v1,,4,cmmlu-044,
6,5,ds_batch,,5,AI自动标注 - 响应长度: 119字符,5,,4,,pl_deepseek_pro,3,0,assistant_demo_v1,,5,cmmlu-044,
6,5,ds_batch,,3,AI自动标注 - 响应长度: 8字符,1,,1,,pl_deepseek_flash,3,0,assistant_demo_v1,,1,cmmlu-045,
7,5,ds_batch,,5,AI自动标注 - 响应长度: 314字符,8,,9,,pl_deepseek_pro,3,0,assistant_demo_v1,,7,cmmlu-045,
22,20,ds_batch,,5,AI自动标注 - 响应长度: 387字符,8,,8,,pl_deepseek_flash,10,1,assistant_demo_v1,,7,code-001,
22,20,ds_batch,,5,AI自动标注 - 响应长度: 432字符,9,,9,,pl_deepseek_pro,10,0,assistant_demo_v1,,8,code-001,
23,20,ds_batch,,5,AI自动标注 - 响应长度: 609字符,10,,10,,pl_deepseek_flash,10,0,assistant_demo_v1,,9,code-002,
23,20,ds_batch,,5,AI自动标注 - 响应长度: 633字符,10,,9,,pl_deepseek_pro,10,0,assistant_demo_v1,,9,code-002,
23,20,ds_batch,,5,AI自动标注 - 响应长度: 598字符,9,,10,,pl_deepseek_flash,10,0,assistant_demo_v1,,8,code-003,
23,20,ds_batch,,5,AI自动标注 - 响应长度: 791字符,10,,10,,pl_deepseek_pro,10,0,assistant_demo_v1,,9,code-003,
21,20,ds_batch,,5,AI自动标注 - 响应长度: 145字符,5,,3,,pl_deepseek_flash,10,0,assistant_demo_v1,,5,code-004,
23,20,ds_batch,,5,AI自动标注 - 响应长度: 716字符,10,,10,,pl_deepseek_pro,10,0,assistant_demo_v1,,9,code-004,
23,20,ds_batch,,5,AI自动标注 - 响应长度: 909字符,10,,10,,pl_deepseek_flash,10,0,assistant_demo_v1,,9,code-005,
23,20,ds_batch,,5,AI自动标注 - 响应长度: 1342字符,10,,10,,pl_deepseek_pro,10,0,assistant_demo_v1,,9,code-005,
23,20,ds_batch,,5,AI自动标注 - 响应长度: 1191字符,10,,10,,pl_deepseek_flash,10,0,assistant_demo_v1,,9,code-006,
23,20,ds_batch,,5,AI自动标注 - 响应长度: 805字符,10,,10,,pl_deepseek_pro,10,1,assistant_demo_v1,,9,code-006,
22,20,ds_batch,,5,AI自动标注 - 响应长度: 466字符,9,,9,,pl_deepseek_flash,10,1,assistant_demo_v1,,8,code-007,
23,20,ds_batch,,5,AI自动标注 - 响应长度: 663字符,10,,10,,pl_deepseek_pro,10,1,assistant_demo_v1,,9,code-007,
22,20,ds_batch,,5,AI自动标注 - 响应长度: 430字符,9,,9,,pl_deepseek_flash,10,0,assistant_demo_v1,,8,code-008,
23,20,ds_batch,,5,AI自动标注 - 响应长度: 682字符,10,,10,,pl_deepseek_pro,10,0,assistant_demo_v1,,9,code-008,
21,20,ds_batch,,5,AI自动标注 - 响应长度: 101字符,5,,3,,pl_deepseek_flash,10,0,assistant_demo_v1,,5,code-009,
23,20,ds_batch,,5,AI自动标注 - 响应长度: 688字符,10,,10,,pl_deepseek_pro,10,0,assistant_demo_v1,,9,code-009,
21,20,ds_batch,,5,AI自动标注 - 响应长度: 136字符,5,,3,,pl_deepseek_flash,10,0,assistant_demo_v1,,5,code-010,
23,20,ds_batch,,5,AI自动标注 - 响应长度: 563字符,9,,10,,pl_deepseek_pro,10,0,assistant_demo_v1,,8,code-010,
21,20,ds_batch,,5,AI自动标注 - 响应长度: 200字符,8,,6,,pl_deepseek_flash,10,0,assistant_demo_v1,,7,code-011,
23,20,ds_batch,,5,AI自动标注 - 响应长度: 801字符,10,,10,,pl_deepseek_pro,10,0,assistant_demo_v1,,9,code-011,
22,20,ds_batch,,5,AI自动标注 - 响应长度: 374字符,8,,8,,pl_deepseek_flash,10,0,assistant_demo_v1,,7,code-012,
23,20,ds_batch,,5,AI自动标注 - 响应长度: 718字符,10,,10,,pl_deepseek_pro,10,0,assistant_demo_v1,,9,code-012,
22,20,ds_batch,,5,AI自动标注 - 响应长度: 463字符,9,,8,,pl_deepseek_flash,10,0,assistant_demo_v1,,8,code-013,
23,20,ds_batch,,5,AI自动标注 - 响应长度: 844字符,10,,10,,pl_deepseek_pro,10,0,assistant_demo_v1,,9,code-013,
23,20,ds_batch,,5,AI自动标注 - 响应长度: 677字符,10,,10,,pl_deepseek_flash,10,1,assistant_demo_v1,,9,code-014,
23,20,ds_batch,,5,AI自动标注 - 响应长度: 786字符,10,,10,,pl_deepseek_pro,10,1,assistant_demo_v1,,9,code-014,
23,20,ds_batch,,5,AI自动标注 - 响应长度: 815字符,10,,10,,pl_deepseek_flash,10,0,assistant_demo_v1,,9,code-015,
23,20,ds_batch,,5,AI自动标注 - 响应长度: 1117字符,10,,10,,pl_deepseek_pro,10,1,assistant_demo_v1,,9,code-015,
23,20,ds_batch,,5,AI自动标注 - 响应长度: 1136字符,10,,10,,pl_deepseek_flash,10,0,assistant_demo_v1,,9,code-016,
23,20,ds_batch,,5,AI自动标注 - 响应长度: 1064字符,10,,10,,pl_deepseek_pro,10,0,assistant_demo_v1,,9,code-016,
21,20,ds_batch,,5,AI自动标注 - 响应长度: 122字符,5,,3,,pl_deepseek_flash,10,0,assistant_demo_v1,,5,code-017,
22,20,ds_batch,,5,AI自动标注 - 响应长度: 201字符,8,,7,,pl_deepseek_pro,10,0,assistant_demo_v1,,7,code-017,
23,20,ds_batch,,5,AI自动标注 - 响应长度: 587字符,9,,10,,pl_deepseek_flash,10,0,assistant_demo_v1,,8,code-018,
23,20,ds_batch,,5,AI自动标注 - 响应长度: 751字符,10,,10,,pl_deepseek_pro,10,0,assistant_demo_v1,,9,code-018,
22,20,ds_batch,,6,AI自动标注 - 响应长度: 443字符,7,,10,,pl_deepseek_flash,10,0,assistant_demo_v1,,8,code-019,
23,20,ds_batch,,6,AI自动标注 - 响应长度: 1583字符,7,,10,,pl_deepseek_pro,10,1,assistant_demo_v1,,9,code-019,
23,20,ds_batch,,5,AI自动标注 - 响应长度: 1239字符,10,,10,,pl_deepseek_flash,10,0,assistant_demo_v1,,9,code-020,
23,20,ds_batch,,5,AI自动标注 - 响应长度: 1007字符,10,,10,,pl_deepseek_pro,10,0,assistant_demo_v1,,9,code-020,
21,20,ds_batch,,5,AI自动标注 - 响应长度: 75字符,4,,3,,pl_deepseek_flash,10,1,assistant_demo_v1,,4,edu-001,
21,20,ds_batch,,5,AI自动标注 - 响应长度: 117字符,5,,7,,pl_deepseek_pro,10,1,assistant_demo_v1,,5,edu-001,
22,20,ds_batch,,5,AI自动标注 - 响应长度: 294字符,8,,8,,pl_deepseek_flash,10,1,assistant_demo_v1,,7,edu-002,
23,20,ds_batch,,5,AI自动标注 - 响应长度: 836字符,10,,10,,pl_deepseek_pro,10,1,assistant_demo_v1,,9,edu-002,
23,20,ds_batch,,5,AI自动标注 - 响应长度: 614字符,10,,10,,pl_deepseek_flash,10,0,assistant_demo_v1,,9,edu-003,
23,20,ds_batch,,5,AI自动标注 - 响应长度: 707字符,10,,10,,pl_deepseek_pro,10,0,assistant_demo_v1,,9,edu-003,
22,20,ds_batch,,5,AI自动标注 - 响应长度: 396字符,8,,9,,pl_deepseek_flash,10,0,assistant_demo_v1,,7,edu-004,
22,20,ds_batch,,5,AI自动标注 - 响应长度: 425字符,9,,8,,pl_deepseek_pro,10,0,assistant_demo_v1,,8,edu-004,
22,20,ds_batch,,5,AI自动标注 - 响应长度: 421字符,9,,9,,pl_deepseek_flash,10,0,assistant_demo_v1,,8,edu-005,
23,20,ds_batch,,5,AI自动标注 - 响应长度: 760字符,10,,10,,pl_deepseek_pro,10,0,assistant_demo_v1,,9,edu-005,
22,20,ds_batch,,6,AI自动标注 - 响应长度: 478字符,7,,10,,pl_deepseek_flash,10,0,assistant_demo_v1,,8,edu-006,
23,20,ds_batch,,5,AI自动标注 - 响应长度: 785字符,10,,10,,pl_deepseek_pro,10,0,assistant_demo_v1,,9,edu-006,
22,20,ds_batch,,5,AI自动标注 - 响应长度: 408字符,9,,9,,pl_deepseek_flash,10,0,assistant_demo_v1,,8,edu-007,
23,20,ds_batch,,5,AI自动标注 - 响应长度: 767字符,10,,10,,pl_deepseek_pro,10,0,assistant_demo_v1,,9,edu-007,
22,20,ds_batch,,5,AI自动标注 - 响应长度: 492字符,9,,10,,pl_deepseek_flash,10,0,assistant_demo_v1,,8,edu-008,
23,20,ds_batch,,5,AI自动标注 - 响应长度: 908字符,10,,10,,pl_deepseek_pro,10,0,assistant_demo_v1,,9,edu-008,
23,20,ds_batch,,6,AI自动标注 - 响应长度: 805字符,7,,10,,pl_deepseek_flash,10,1,assistant_demo_v1,,9,edu-009,
23,20,ds_batch,,6,AI自动标注 - 响应长度: 1066字符,7,,10,,pl_deepseek_pro,10,1,assistant_demo_v1,,9,edu-009,
23,20,ds_batch,,5,AI自动标注 - 响应长度: 719字符,10,,10,,pl_deepseek_flash,10,0,assistant_demo_v1,,9,edu-010,
23,20,ds_batch,,5,AI自动标注 - 响应长度: 974字符,10,,10,,pl_deepseek_pro,10,0,assistant_demo_v1,,9,edu-010,
23,20,ds_batch,,6,AI自动标注 - 响应长度: 530字符,7,,9,,pl_deepseek_flash,10,0,assistant_demo_v1,,8,edu-011,
23,20,ds_batch,,5,AI自动标注 - 响应长度: 835字符,10,,10,,pl_deepseek_pro,10,0,assistant_demo_v1,,9,edu-011,
22,20,ds_batch,,5,AI自动标注 - 响应长度: 303字符,8,,8,,pl_deepseek_flash,10,0,assistant_demo_v1,,7,edu-012,
23,20,ds_batch,,5,AI自动标注 - 响应长度: 1125字符,10,,10,,pl_deepseek_pro,10,0,assistant_demo_v1,,9,edu-012,
21,20,ds_batch,,5,AI自动标注 - 响应长度: 151字符,6,,3,,pl_deepseek_flash,10,0,assistant_demo_v1,,6,edu-013,
22,20,ds_batch,,5,AI自动标注 - 响应长度: 419字符,9,,10,,pl_deepseek_pro,10,1,assistant_demo_v1,,8,edu-013,
22,20,ds_batch,,5,AI自动标注 - 响应长度: 288字符,8,,9,,pl_deepseek_flash,10,0,assistant_demo_v1,,7,edu-014,
23,20,ds_batch,,5,AI自动标注 - 响应长度: 682字符,10,,10,,pl_deepseek_pro,10,1,assistant_demo_v1,,9,edu-014,
22,20,ds_batch,,6,AI自动标注 - 响应长度: 415字符,7,,10,,pl_deepseek_flash,10,0,assistant_demo_v1,,8,edu-015,
22,20,ds_batch,,5,AI自动标注 - 响应长度: 449字符,9,,9,,pl_deepseek_pro,10,0,assistant_demo_v1,,8,edu-015,
22,20,ds_batch,,5,AI自动标注 - 响应长度: 457字符,9,,9,,pl_deepseek_flash,10,0,assistant_demo_v1,,8,edu-016,
23,20,ds_batch,,5,AI自动标注 - 响应长度: 589字符,9,,10,,pl_deepseek_pro,10,1,assistant_demo_v1,,8,edu-016,
23,20,ds_batch,,5,AI自动标注 - 响应长度: 671字符,10,,10,,pl_deepseek_flash,10,0,assistant_demo_v1,,9,edu-017,
23,20,ds_batch,,5,AI自动标注 - 响应长度: 1009字符,10,,10,,pl_deepseek_pro,10,0,assistant_demo_v1,,9,edu-017,
22,20,ds_batch,,6,AI自动标注 - 响应长度: 499字符,7,,10,,pl_deepseek_flash,10,1,assistant_demo_v1,,8,edu-018,
23,20,ds_batch,,6,AI自动标注 - 响应长度: 1773字符,7,,10,,pl_deepseek_pro,10,1,assistant_demo_v1,,9,edu-018,
23,20,ds_batch,,6,AI自动标注 - 响应长度: 518字符,7,,9,,pl_deepseek_flash,10,0,assistant_demo_v1,,8,edu-019,
23,20,ds_batch,,6,AI自动标注 - 响应长度: 697字符,7,,10,,pl_deepseek_pro,10,1,assistant_demo_v1,,9,edu-019,
22,20,ds_batch,,5,AI自动标注 - 响应长度: 401字符,9,,9,,pl_deepseek_flash,10,0,assistant_demo_v1,,8,edu-020,
23,20,ds_batch,,5,AI自动标注 - 响应长度: 662字符,10,,10,,pl_deepseek_pro,10,0,assistant_demo_v1,,9,edu-020,
37,35,ds_batch,,6,AI自动标注 - 响应长度: 421字符,7,,9,,pl_deepseek_flash,17,1,assistant_demo_v1,,8,es-001,
38,35,ds_batch,,6,AI自动标注 - 响应长度: 534字符,7,,10,,pl_deepseek_pro,17,0,assistant_demo_v1,,8,es-001,
38,35,ds_batch,,6,AI自动标注 - 响应长度: 835字符,7,,10,,pl_deepseek_pro,17,1,assistant_demo_v1,,9,es-002,
38,35,ds_batch,,6,AI自动标注 - 响应长度: 649字符,7,,10,,pl_deepseek_flash,17,1,assistant_demo_v1,,9,es-003,
38,35,ds_batch,,6,AI自动标注 - 响应长度: 697字符,7,,10,,pl_deepseek_pro,17,1,assistant_demo_v1,,9,es-003,
37,35,ds_batch,,6,AI自动标注 - 响应长度: 485字符,7,,9,,pl_deepseek_flash,17,0,assistant_demo_v1,,8,es-004,
38,35,ds_batch,,6,AI自动标注 - 响应长度: 966字符,7,,10,,pl_deepseek_pro,17,1,assistant_demo_v1,,9,es-004,
37,35,ds_batch,,6,AI自动标注 - 响应长度: 340字符,7,,8,,pl_deepseek_flash,17,1,assistant_demo_v1,,7,es-005,
38,35,ds_batch,,6,AI自动标注 - 响应长度: 994字符,7,,10,,pl_deepseek_pro,17,0,assistant_demo_v1,,9,es-005,
37,35,ds_batch,,6,AI自动标注 - 响应长度: 287字符,7,,7,,pl_deepseek_flash,17,1,assistant_demo_v1,,7,es-006,
38,35,ds_batch,,6,AI自动标注 - 响应长度: 917字符,7,,10,,pl_deepseek_pro,17,1,assistant_demo_v1,,9,es-006,
37,35,ds_batch,,6,AI自动标注 - 响应长度: 474字符,7,,10,,pl_deepseek_flash,17,1,assistant_demo_v1,,8,es-007,
38,35,ds_batch,,6,AI自动标注 - 响应长度: 777字符,7,,10,,pl_deepseek_pro,17,1,assistant_demo_v1,,9,es-007,
37,35,ds_batch,,6,AI自动标注 - 响应长度: 475字符,7,,9,,pl_deepseek_flash,17,0,assistant_demo_v1,,8,es-008,
38,35,ds_batch,,6,AI自动标注 - 响应长度: 1209字符,7,,10,,pl_deepseek_pro,17,1,assistant_demo_v1,,9,es-008,
37,35,ds_batch,,6,AI自动标注 - 响应长度: 493字符,7,,9,,pl_deepseek_flash,17,0,assistant_demo_v1,,8,es-009,
37,35,ds_batch,,6,AI自动标注 - 响应长度: 409字符,7,,8,,pl_deepseek_pro,17,0,assistant_demo_v1,,8,es-009,
38,35,ds_batch,,6,AI自动标注 - 响应长度: 559字符,7,,10,,pl_deepseek_flash,17,0,assistant_demo_v1,,8,es-010,
38,35,ds_batch,,6,AI自动标注 - 响应长度: 1419字符,7,,10,,pl_deepseek_pro,17,0,assistant_demo_v1,,9,es-010,
38,35,ds_batch,,6,AI自动标注 - 响应长度: 642字符,7,,10,,pl_deepseek_flash,17,0,assistant_demo_v1,,9,es-011,
38,35,ds_batch,,6,AI自动标注 - 响应长度: 797字符,7,,10,,pl_deepseek_pro,17,0,assistant_demo_v1,,9,es-011,
38,35,ds_batch,,6,AI自动标注 - 响应长度: 528字符,7,,10,,pl_deepseek_flash,17,1,assistant_demo_v1,,8,es-012,
38,35,ds_batch,,6,AI自动标注 - 响应长度: 963字符,7,,10,,pl_deepseek_pro,17,1,assistant_demo_v1,,9,es-012,
38,35,ds_batch,,6,AI自动标注 - 响应长度: 733字符,7,,9,,pl_deepseek_flash,17,0,assistant_demo_v1,,9,es-013,
38,35,ds_batch,,6,AI自动标注 - 响应长度: 825字符,7,,10,,pl_deepseek_pro,17,0,assistant_demo_v1,,9,es-013,
37,35,ds_batch,,6,AI自动标注 - 响应长度: 342字符,7,,8,,pl_deepseek_flash,17,0,assistant_demo_v1,,7,es-014,
38,35,ds_batch,,6,AI自动标注 - 响应长度: 1303字符,7,,10,,pl_deepseek_pro,17,0,assistant_demo_v1,,9,es-014,
37,35,ds_batch,,6,AI自动标注 - 响应长度: 246字符,7,,6,,pl_deepseek_flash,17,0,assistant_demo_v1,,7,es-015,
38,35,ds_batch,,6,AI自动标注 - 响应长度: 952字符,7,,10,,pl_deepseek_pro,17,0,assistant_demo_v1,,9,es-015,
37,35,ds_batch,,6,AI自动标注 - 响应长度: 480字符,7,,9,,pl_deepseek_flash,17,0,assistant_demo_v1,,8,es-016,
38,35,ds_batch,,6,AI自动标注 - 响应长度: 810字符,7,,10,,pl_deepseek_pro,17,0,assistant_demo_v1,,9,es-016,
37,35,ds_batch,,6,AI自动标注 - 响应长度: 499字符,7,,9,,pl_deepseek_flash,17,0,assistant_demo_v1,,8,es-017,
37,35,ds_batch,,6,AI自动标注 - 响应长度: 372字符,7,,9,,pl_deepseek_flash,17,0,assistant_demo_v1,,7,es-018,
38,35,ds_batch,,6,AI自动标注 - 响应长度: 978字符,7,,10,,pl_deepseek_pro,17,1,assistant_demo_v1,,9,es-018,
36,35,ds_batch,,6,AI自动标注 - 响应长度: 194字符,6,,4,,pl_deepseek_flash,17,0,assistant_demo_v1,,6,es-019,
38,35,ds_batch,,6,AI自动标注 - 响应长度: 596字符,7,,10,,pl_deepseek_pro,17,1,assistant_demo_v1,,8,es-019,
37,35,ds_batch,,6,AI自动标注 - 响应长度: 417字符,7,,8,,pl_deepseek_flash,17,1,assistant_demo_v1,,8,es-020,
38,35,ds_batch,,6,AI自动标注 - 响应长度: 1728字符,7,,10,,pl_deepseek_pro,17,1,assistant_demo_v1,,9,es-020,
37,35,ds_batch,,6,AI自动标注 - 响应长度: 233字符,7,,7,,pl_deepseek_flash,17,0,assistant_demo_v1,,7,es-021,
37,35,ds_batch,,6,AI自动标注 - 响应长度: 466字符,7,,10,,pl_deepseek_pro,17,0,assistant_demo_v1,,8,es-021,
36,35,ds_batch,,6,AI自动标注 - 响应长度: 200字符,7,,7,,pl_deepseek_flash,17,1,assistant_demo_v1,,7,es-022,
38,35,ds_batch,,6,AI自动标注 - 响应长度: 715字符,7,,10,,pl_deepseek_pro,17,1,assistant_demo_v1,,9,es-022,
37,35,ds_batch,,6,AI自动标注 - 响应长度: 268字符,7,,7,,pl_deepseek_flash,17,0,assistant_demo_v1,,7,es-023,
38,35,ds_batch,,6,AI自动标注 - 响应长度: 747字符,7,,10,,pl_deepseek_pro,17,0,assistant_demo_v1,,9,es-023,
37,35,ds_batch,,6,AI自动标注 - 响应长度: 369字符,7,,9,,pl_deepseek_flash,17,0,assistant_demo_v1,,7,es-024,
38,35,ds_batch,,6,AI自动标注 - 响应长度: 902字符,7,,10,,pl_deepseek_pro,17,0,assistant_demo_v1,,9,es-024,
37,35,ds_batch,,6,AI自动标注 - 响应长度: 352字符,7,,9,,pl_deepseek_flash,17,0,assistant_demo_v1,,7,es-025,
38,35,ds_batch,,6,AI自动标注 - 响应长度: 741字符,7,,10,,pl_deepseek_pro,17,1,assistant_demo_v1,,9,es-025,
37,35,ds_batch,,6,AI自动标注 - 响应长度: 413字符,7,,8,,pl_deepseek_flash,17,0,assistant_demo_v1,,8,es-026,
38,35,ds_batch,,6,AI自动标注 - 响应长度: 649字符,7,,10,,pl_deepseek_pro,17,0,assistant_demo_v1,,9,es-026,
37,35,ds_batch,,6,AI自动标注 - 响应长度: 252字符,7,,8,,pl_deepseek_flash,17,1,assistant_demo_v1,,7,es-027,
38,35,ds_batch,,6,AI自动标注 - 响应长度: 886字符,7,,10,,pl_deepseek_pro,17,1,assistant_demo_v1,,9,es-027,
37,35,ds_batch,,6,AI自动标注 - 响应长度: 456字符,7,,8,,pl_deepseek_flash,17,1,assistant_demo_v1,,8,es-028,
38,35,ds_batch,,6,AI自动标注 - 响应长度: 1026字符,7,,10,,pl_deepseek_pro,17,0,assistant_demo_v1,,9,es-028,
37,35,ds_batch,,6,AI自动标注 - 响应长度: 254字符,7,,8,,pl_deepseek_flash,17,0,assistant_demo_v1,,7,es-029,
38,35,ds_batch,,6,AI自动标注 - 响应长度: 881字符,7,,10,,pl_deepseek_pro,17,0,assistant_demo_v1,,9,es-029,
37,35,ds_batch,,6,AI自动标注 - 响应长度: 235字符,7,,7,,pl_deepseek_flash,17,0,assistant_demo_v1,,7,es-030,
38,35,ds_batch,,6,AI自动标注 - 响应长度: 564字符,7,,10,,pl_deepseek_pro,17,0,assistant_demo_v1,,8,es-030,
37,35,ds_batch,,6,AI自动标注 - 响应长度: 405字符,7,,8,,pl_deepseek_flash,17,1,assistant_demo_v1,,8,es-031,
38,35,ds_batch,,6,AI自动标注 - 响应长度: 609字符,7,,10,,pl_deepseek_pro,17,1,assistant_demo_v1,,9,es-031,
37,35,ds_batch,,6,AI自动标注 - 响应长度: 203字符,7,,6,,pl_deepseek_flash,17,0,assistant_demo_v1,,7,es-032,
37,35,ds_batch,,6,AI自动标注 - 响应长度: 413字符,7,,8,,pl_deepseek_pro,17,0,assistant_demo_v1,,8,es-032,
37,35,ds_batch,,6,AI自动标注 - 响应长度: 480字符,7,,9,,pl_deepseek_flash,17,0,assistant_demo_v1,,8,es-033,
38,35,ds_batch,,6,AI自动标注 - 响应长度: 762字符,7,,10,,pl_deepseek_pro,17,0,assistant_demo_v1,,9,es-033,
37,35,ds_batch,,6,AI自动标注 - 响应长度: 413字符,7,,9,,pl_deepseek_flash,17,1,assistant_demo_v1,,8,es-034,
38,35,ds_batch,,6,AI自动标注 - 响应长度: 944字符,7,,10,,pl_deepseek_pro,17,0,assistant_demo_v1,,9,es-034,
38,35,ds_batch,,6,AI自动标注 - 响应长度: 507字符,7,,10,,pl_deepseek_flash,17,0,assistant_demo_v1,,8,es-035,
38,35,ds_batch,,6,AI自动标注 - 响应长度: 528字符,7,,10,,pl_deepseek_pro,17,0,assistant_demo_v1,,8,es-035,
37,35,ds_batch,,6,AI自动标注 - 响应长度: 386字符,7,,8,,pl_deepseek_flash,17,0,assistant_demo_v1,,7,es-036,
38,35,ds_batch,,6,AI自动标注 - 响应长度: 673字符,7,,10,,pl_deepseek_pro,17,1,assistant_demo_v1,,9,es-036,
37,35,ds_batch,,6,AI自动标注 - 响应长度: 464字符,7,,10,,pl_deepseek_flash,17,0,assistant_demo_v1,,8,es-037,
38,35,ds_batch,,6,AI自动标注 - 响应长度: 713字符,7,,10,,pl_deepseek_pro,17,1,assistant_demo_v1,,9,es-037,
37,35,ds_batch,,6,AI自动标注 - 响应长度: 350字符,7,,9,,pl_deepseek_flash,17,0,assistant_demo_v1,,7,es-038,
37,35,ds_batch,,6,AI自动标注 - 响应长度: 467字符,7,,7,,pl_deepseek_pro,17,0,assistant_demo_v1,,8,es-038,
37,35,ds_batch,,6,AI自动标注 - 响应长度: 459字符,7,,8,,pl_deepseek_flash,17,1,assistant_demo_v1,,8,es-039,
38,35,ds_batch,,6,AI自动标注 - 响应长度: 1026字符,7,,10,,pl_deepseek_pro,17,1,assistant_demo_v1,,9,es-039,
37,35,ds_batch,,6,AI自动标注 - 响应长度: 215字符,7,,7,,pl_deepseek_flash,17,0,assistant_demo_v1,,7,es-040,
38,35,ds_batch,,6,AI自动标注 - 响应长度: 558字符,7,,10,,pl_deepseek_pro,17,0,assistant_demo_v1,,8,es-040,
37,35,ds_batch,,6,AI自动标注 - 响应长度: 286字符,7,,7,,pl_deepseek_flash,17,0,assistant_demo_v1,,7,es-041,
38,35,ds_batch,,6,AI自动标注 - 响应长度: 988字符,7,,10,,pl_deepseek_pro,17,0,assistant_demo_v1,,9,es-041,
37,35,ds_batch,,6,AI自动标注 - 响应长度: 430字符,7,,10,,pl_deepseek_flash,17,1,assistant_demo_v1,,8,es-042,
37,35,ds_batch,,6,AI自动标注 - 响应长度: 437字符,7,,9,,pl_deepseek_pro,17,0,assistant_demo_v1,,8,es-042,
37,35,ds_batch,,6,AI自动标注 - 响应长度: 231字符,7,,7,,pl_deepseek_flash,17,0,assistant_demo_v1,,7,es-043,
37,35,ds_batch,,6,AI自动标注 - 响应长度: 350字符,7,,9,,pl_deepseek_pro,17,0,assistant_demo_v1,,7,es-043,
37,35,ds_batch,,6,AI自动标注 - 响应长度: 334字符,7,,8,,pl_deepseek_flash,17,1,assistant_demo_v1,,7,es-044,
38,35,ds_batch,,6,AI自动标注 - 响应长度: 520字符,7,,10,,pl_deepseek_pro,17,0,assistant_demo_v1,,8,es-044,
36,35,ds_batch,,6,AI自动标注 - 响应长度: 162字符,6,,4,,pl_deepseek_flash,17,0,assistant_demo_v1,,6,es-045,
37,35,ds_batch,,6,AI自动标注 - 响应长度: 344字符,7,,7,,pl_deepseek_pro,17,1,assistant_demo_v1,,7,es-045,
38,35,ds_batch,,6,AI自动标注 - 响应长度: 666字符,7,,10,,pl_deepseek_flash,17,0,assistant_demo_v1,,9,es-046,
38,35,ds_batch,,6,AI自动标注 - 响应长度: 765字符,7,,10,,pl_deepseek_pro,17,0,assistant_demo_v1,,9,es-046,
37,35,ds_batch,,6,AI自动标注 - 响应长度: 377字符,7,,8,,pl_deepseek_flash,17,0,assistant_demo_v1,,7,es-047,
37,35,ds_batch,,6,AI自动标注 - 响应长度: 438字符,7,,9,,pl_deepseek_pro,17,0,assistant_demo_v1,,8,es-047,
38,35,ds_batch,,6,AI自动标注 - 响应长度: 686字符,7,,10,,pl_deepseek_flash,17,0,assistant_demo_v1,,9,es-048,
38,35,ds_batch,,6,AI自动标注 - 响应长度: 1013字符,7,,10,,pl_deepseek_pro,17,0,assistant_demo_v1,,9,es-048,
37,35,ds_batch,,6,AI自动标注 - 响应长度: 328字符,7,,8,,pl_deepseek_flash,17,1,assistant_demo_v1,,7,es-049,
38,35,ds_batch,,6,AI自动标注 - 响应长度: 751字符,7,,10,,pl_deepseek_pro,17,0,assistant_demo_v1,,9,es-049,
37,35,ds_batch,,6,AI自动标注 - 响应长度: 321字符,7,,8,,pl_deepseek_flash,17,0,assistant_demo_v1,,7,es-050,
38,35,ds_batch,,6,AI自动标注 - 响应长度: 638字符,7,,9,,pl_deepseek_pro,17,1,assistant_demo_v1,,9,es-050,
37,35,ds_batch,,6,AI自动标注 - 响应长度: 227字符,7,,7,,pl_deepseek_flash,17,0,assistant_demo_v1,,7,es-051,
37,35,ds_batch,,6,AI自动标注 - 响应长度: 241字符,7,,7,,pl_deepseek_pro,17,0,assistant_demo_v1,,7,es-051,
37,35,ds_batch,,6,AI自动标注 - 响应长度: 318字符,7,,9,,pl_deepseek_flash,17,0,assistant_demo_v1,,7,es-052,
38,35,ds_batch,,6,AI自动标注 - 响应长度: 1001字符,7,,10,,pl_deepseek_pro,17,0,assistant_demo_v1,,9,es-052,
37,35,ds_batch,,6,AI自动标注 - 响应长度: 245字符,7,,7,,pl_deepseek_flash,17,0,assistant_demo_v1,,7,es-053,
38,35,ds_batch,,6,AI自动标注 - 响应长度: 809字符,7,,10,,pl_deepseek_pro,17,0,assistant_demo_v1,,9,es-053,
38,35,ds_batch,,6,AI自动标注 - 响应长度: 505字符,7,,9,,pl_deepseek_flash,17,1,assistant_demo_v1,,8,es-054,
38,35,ds_batch,,6,AI自动标注 - 响应长度: 1511字符,7,,10,,pl_deepseek_pro,17,0,assistant_demo_v1,,9,es-054,
37,35,ds_batch,,6,AI自动标注 - 响应长度: 424字符,7,,8,,pl_deepseek_flash,17,0,assistant_demo_v1,,8,es-055,
38,35,ds_batch,,6,AI自动标注 - 响应长度: 663字符,7,,9,,pl_deepseek_pro,17,0,assistant_demo_v1,,9,es-055,
37,35,ds_batch,,6,AI自动标注 - 响应长度: 251字符,7,,7,,pl_deepseek_flash,17,0,assistant_demo_v1,,7,es-056,
37,35,ds_batch,,6,AI自动标注 - 响应长度: 296字符,7,,7,,pl_deepseek_pro,17,1,assistant_demo_v1,,7,es-056,
37,35,ds_batch,,6,AI自动标注 - 响应长度: 421字符,7,,9,,pl_deepseek_flash,17,0,assistant_demo_v1,,8,es-057,
38,35,ds_batch,,6,AI自动标注 - 响应长度: 768字符,7,,10,,pl_deepseek_pro,17,0,assistant_demo_v1,,9,es-057,
37,35,ds_batch,,6,AI自动标注 - 响应长度: 398字符,7,,9,,pl_deepseek_flash,17,1,assistant_demo_v1,,7,es-058,
38,35,ds_batch,,6,AI自动标注 - 响应长度: 1104字符,7,,10,,pl_deepseek_pro,17,1,assistant_demo_v1,,9,es-058,
36,35,ds_batch,,6,AI自动标注 - 响应长度: 178字符,6,,4,,pl_deepseek_flash,17,0,assistant_demo_v1,,6,es-059,
37,35,ds_batch,,6,AI自动标注 - 响应长度: 432字符,7,,9,,pl_deepseek_pro,17,0,assistant_demo_v1,,8,es-059,
37,35,ds_batch,,6,AI自动标注 - 响应长度: 447字符,7,,9,,pl_deepseek_flash,17,0,assistant_demo_v1,,8,es-060,
38,35,ds_batch,,6,AI自动标注 - 响应长度: 753字符,7,,10,,pl_deepseek_pro,17,1,assistant_demo_v1,,9,es-060,
37,35,ds_batch,,6,AI自动标注 - 响应长度: 463字符,7,,9,,pl_deepseek_flash,17,1,assistant_demo_v1,,8,es-061,
38,35,ds_batch,,6,AI自动标注 - 响应长度: 537字符,7,,10,,pl_deepseek_pro,17,1,assistant_demo_v1,,8,es-061,
37,35,ds_batch,,6,AI自动标注 - 响应长度: 456字符,7,,9,,pl_deepseek_flash,17,1,assistant_demo_v1,,8,es-062,
38,35,ds_batch,,6,AI自动标注 - 响应长度: 684字符,7,,10,,pl_deepseek_pro,17,0,assistant_demo_v1,,9,es-062,
37,35,ds_batch,,6,AI自动标注 - 响应长度: 258字符,7,,7,,pl_deepseek_flash,17,1,assistant_demo_v1,,7,es-063,
37,35,ds_batch,,6,AI自动标注 - 响应长度: 308字符,7,,7,,pl_deepseek_pro,17,1,assistant_demo_v1,,7,es-063,
37,35,ds_batch,,6,AI自动标注 - 响应长度: 389字符,7,,8,,pl_deepseek_flash,17,0,assistant_demo_v1,,7,es-064,
38,35,ds_batch,,6,AI自动标注 - 响应长度: 607字符,7,,10,,pl_deepseek_pro,17,0,assistant_demo_v1,,9,es-064,
36,35,ds_batch,,6,AI自动标注 - 响应长度: 148字符,5,,3,,pl_deepseek_flash,17,0,assistant_demo_v1,,5,es-065,
38,35,ds_batch,,6,AI自动标注 - 响应长度: 678字符,7,,10,,pl_deepseek_pro,17,0,assistant_demo_v1,,9,es-065,
38,35,ds_batch,,6,AI自动标注 - 响应长度: 570字符,7,,10,,pl_deepseek_flash,17,0,assistant_demo_v1,,8,es-066,
38,35,ds_batch,,6,AI自动标注 - 响应长度: 804字符,7,,10,,pl_deepseek_pro,17,0,assistant_demo_v1,,9,es-066,
37,35,ds_batch,,6,AI自动标注 - 响应长度: 345字符,7,,7,,pl_deepseek_flash,17,0,assistant_demo_v1,,7,es-067,
37,35,ds_batch,,6,AI自动标注 - 响应长度: 404字符,7,,9,,pl_deepseek_pro,17,0,assistant_demo_v1,,8,es-067,
38,35,ds_batch,,6,AI自动标注 - 响应长度: 687字符,7,,10,,pl_deepseek_flash,17,0,assistant_demo_v1,,9,es-068,
38,35,ds_batch,,5,AI自动标注 - 响应长度: 876字符,10,,10,,pl_deepseek_pro,17,1,assistant_demo_v1,,9,es-068,
37,35,ds_batch,,6,AI自动标注 - 响应长度: 446字符,7,,9,,pl_deepseek_flash,17,0,assistant_demo_v1,,8,es-069,
38,35,ds_batch,,6,AI自动标注 - 响应长度: 1127字符,7,,10,,pl_deepseek_pro,17,1,assistant_demo_v1,,9,es-069,
37,35,ds_batch,,6,AI自动标注 - 响应长度: 439字符,7,,8,,pl_deepseek_flash,17,0,assistant_demo_v1,,8,es-070,
38,35,ds_batch,,6,AI自动标注 - 响应长度: 854字符,7,,10,,pl_deepseek_pro,17,0,assistant_demo_v1,,9,es-070,
23,20,ds_batch,,6,AI自动标注 - 响应长度: 721字符,7,,10,,pl_deepseek_flash,10,1,assistant_demo_v1,,9,mfg-001,
23,20,ds_batch,,6,AI自动标注 - 响应长度: 1295字符,7,,10,,pl_deepseek_pro,10,1,assistant_demo_v1,,9,mfg-001,
23,20,ds_batch,,5,AI自动标注 - 响应长度: 965字符,10,,10,,pl_deepseek_flash,10,0,assistant_demo_v1,,9,mfg-002,
23,20,ds_batch,,5,AI自动标注 - 响应长度: 1159字符,10,,10,,pl_deepseek_pro,10,0,assistant_demo_v1,,9,mfg-002,
22,20,ds_batch,,5,AI自动标注 - 响应长度: 489字符,9,,10,,pl_deepseek_flash,10,0,assistant_demo_v1,,8,mfg-003,
23,20,ds_batch,,5,AI自动标注 - 响应长度: 975字符,10,,10,,pl_deepseek_pro,10,0,assistant_demo_v1,,9,mfg-003,
23,20,ds_batch,,5,AI自动标注 - 响应长度: 1057字符,10,,10,,pl_deepseek_flash,10,1,assistant_demo_v1,,9,mfg-004,
23,20,ds_batch,,5,AI自动标注 - 响应长度: 822字符,10,,10,,pl_deepseek_pro,10,1,assistant_demo_v1,,9,mfg-004,
23,20,ds_batch,,5,AI自动标注 - 响应长度: 582字符,9,,10,,pl_deepseek_flash,10,0,assistant_demo_v1,,8,mfg-005,
23,20,ds_batch,,6,AI自动标注 - 响应长度: 801字符,7,,10,,pl_deepseek_pro,10,0,assistant_demo_v1,,9,mfg-005,
22,20,ds_batch,,5,AI自动标注 - 响应长度: 349字符,8,,8,,pl_deepseek_flash,10,0,assistant_demo_v1,,7,mfg-006,
23,20,ds_batch,,5,AI自动标注 - 响应长度: 819字符,10,,10,,pl_deepseek_pro,10,0,assistant_demo_v1,,9,mfg-006,
23,20,ds_batch,,6,AI自动标注 - 响应长度: 748字符,7,,10,,pl_deepseek_flash,10,0,assistant_demo_v1,,9,mfg-007,
23,20,ds_batch,,5,AI自动标注 - 响应长度: 914字符,10,,10,,pl_deepseek_pro,10,1,assistant_demo_v1,,9,mfg-007,
22,20,ds_batch,,5,AI自动标注 - 响应长度: 436字符,9,,10,,pl_deepseek_flash,10,0,assistant_demo_v1,,8,mfg-008,
23,20,ds_batch,,6,AI自动标注 - 响应长度: 928字符,7,,10,,pl_deepseek_pro,10,0,assistant_demo_v1,,9,mfg-008,
22,20,ds_batch,,5,AI自动标注 - 响应长度: 494字符,9,,9,,pl_deepseek_flash,10,0,assistant_demo_v1,,8,mfg-009,
22,20,ds_batch,,6,AI自动标注 - 响应长度: 449字符,7,,9,,pl_deepseek_pro,10,1,assistant_demo_v1,,8,mfg-009,
22,20,ds_batch,,5,AI自动标注 - 响应长度: 475字符,9,,10,,pl_deepseek_flash,10,0,assistant_demo_v1,,8,mfg-010,
23,20,ds_batch,,5,AI自动标注 - 响应长度: 731字符,10,,10,,pl_deepseek_pro,10,0,assistant_demo_v1,,9,mfg-010,
23,20,ds_batch,,6,AI自动标注 - 响应长度: 793字符,7,,10,,pl_deepseek_flash,10,1,assistant_demo_v1,,9,mfg-011,
23,20,ds_batch,,6,AI自动标注 - 响应长度: 593字符,7,,10,,pl_deepseek_pro,10,0,assistant_demo_v1,,8,mfg-011,
22,20,ds_batch,,5,AI自动标注 - 响应长度: 480字符,9,,10,,pl_deepseek_flash,10,1,assistant_demo_v1,,8,mfg-012,
23,20,ds_batch,,6,AI自动标注 - 响应长度: 810字符,7,,10,,pl_deepseek_pro,10,0,assistant_demo_v1,,9,mfg-012,
23,20,ds_batch,,5,AI自动标注 - 响应长度: 706字符,10,,10,,pl_deepseek_flash,10,0,assistant_demo_v1,,9,mfg-013,
23,20,ds_batch,,5,AI自动标注 - 响应长度: 601字符,10,,10,,pl_deepseek_pro,10,0,assistant_demo_v1,,9,mfg-013,
23,20,ds_batch,,5,AI自动标注 - 响应长度: 561字符,9,,9,,pl_deepseek_flash,10,1,assistant_demo_v1,,8,mfg-014,
23,20,ds_batch,,5,AI自动标注 - 响应长度: 1187字符,10,,10,,pl_deepseek_pro,10,0,assistant_demo_v1,,9,mfg-014,
23,20,ds_batch,,5,AI自动标注 - 响应长度: 529字符,9,,10,,pl_deepseek_flash,10,0,assistant_demo_v1,,8,mfg-015,
23,20,ds_batch,,5,AI自动标注 - 响应长度: 706字符,10,,10,,pl_deepseek_pro,10,0,assistant_demo_v1,,9,mfg-015,
23,20,ds_batch,,5,AI自动标注 - 响应长度: 673字符,10,,10,,pl_deepseek_flash,10,1,assistant_demo_v1,,9,mfg-016,
23,20,ds_batch,,5,AI自动标注 - 响应长度: 861字符,10,,10,,pl_deepseek_pro,10,0,assistant_demo_v1,,9,mfg-016,
22,20,ds_batch,,5,AI自动标注 - 响应长度: 380字符,8,,9,,pl_deepseek_flash,10,0,assistant_demo_v1,,7,mfg-017,
22,20,ds_batch,,5,AI自动标注 - 响应长度: 498字符,9,,10,,pl_deepseek_pro,10,0,assistant_demo_v1,,8,mfg-017,
23,20,ds_batch,,5,AI自动标注 - 响应长度: 735字符,10,,10,,pl_deepseek_flash,10,0,assistant_demo_v1,,9,mfg-018,
23,20,ds_batch,,5,AI自动标注 - 响应长度: 893字符,10,,10,,pl_deepseek_pro,10,0,assistant_demo_v1,,9,mfg-018,
23,20,ds_batch,,5,AI自动标注 - 响应长度: 997字符,10,,10,,pl_deepseek_flash,10,1,assistant_demo_v1,,9,mfg-019,
23,20,ds_batch,,5,AI自动标注 - 响应长度: 896字符,10,,10,,pl_deepseek_pro,10,0,assistant_demo_v1,,9,mfg-019,
23,20,ds_batch,,5,AI自动标注 - 响应长度: 606字符,10,,10,,pl_deepseek_flash,10,1,assistant_demo_v1,,9,mfg-020,
23,20,ds_batch,,5,AI自动标注 - 响应长度: 866字符,10,,10,,pl_deepseek_pro,10,1,assistant_demo_v1,,9,mfg-020,
22,20,ds_batch,,5,AI自动标注 - 响应长度: 216字符,8,,8,,pl_deepseek_flash,10,0,assistant_demo_v1,,7,mfg-021,
23,20,ds_batch,,5,AI自动标注 - 响应长度: 748字符,10,,10,,pl_deepseek_pro,10,0,assistant_demo_v1,,9,mfg-021,
23,20,ds_batch,,5,AI自动标注 - 响应长度: 786字符,10,,10,,pl_deepseek_flash,10,1,assistant_demo_v1,,9,mfg-022,
23,20,ds_batch,,5,AI自动标注 - 响应长度: 908字符,10,,10,,pl_deepseek_pro,10,0,assistant_demo_v1,,9,mfg-022,
23,20,ds_batch,,5,AI自动标注 - 响应长度: 717字符,10,,10,,pl_deepseek_flash,10,0,assistant_demo_v1,,9,mfg-023,
23,20,ds_batch,,5,AI自动标注 - 响应长度: 1298字符,10,,10,,pl_deepseek_pro,10,0,assistant_demo_v1,,9,mfg-023,
22,20,ds_batch,,5,AI自动标注 - 响应长度: 438字符,9,,10,,pl_deepseek_flash,10,0,assistant_demo_v1,,8,mfg-024,
23,20,ds_batch,,5,AI自动标注 - 响应长度: 788字符,10,,10,,pl_deepseek_pro,10,0,assistant_demo_v1,,9,mfg-024,
23,20,ds_batch,,5,AI自动标注 - 响应长度: 669字符,10,,10,,pl_deepseek_flash,10,0,assistant_demo_v1,,9,mfg-025,
23,20,ds_batch,,5,AI自动标注 - 响应长度: 962字符,10,,10,,pl_deepseek_pro,10,0,assistant_demo_v1,,9,mfg-025,
22,20,ds_batch,,6,AI自动标注 - 响应长度: 386字符,7,,8,,pl_deepseek_flash,10,0,assistant_demo_v1,,7,mfg-026,
23,20,ds_batch,,5,AI自动标注 - 响应长度: 718字符,10,,10,,pl_deepseek_pro,10,0,assistant_demo_v1,,9,mfg-026,
23,20,ds_batch,,5,AI自动标注 - 响应长度: 721字符,10,,10,,pl_deepseek_flash,10,0,assistant_demo_v1,,9,mfg-027,
23,20,ds_batch,,6,AI自动标注 - 响应长度: 842字符,7,,10,,pl_deepseek_pro,10,1,assistant_demo_v1,,9,mfg-027,
22,20,ds_batch,,5,AI自动标注 - 响应长度: 439字符,9,,10,,pl_deepseek_flash,10,0,assistant_demo_v1,,8,mfg-028,
23,20,ds_batch,,6,AI自动标注 - 响应长度: 1473字符,7,,10,,pl_deepseek_pro,10,1,assistant_demo_v1,,9,mfg-028,
23,20,ds_batch,,5,AI自动标注 - 响应长度: 570字符,9,,10,,pl_deepseek_flash,10,1,assistant_demo_v1,,8,mfg-029,
23,20,ds_batch,,5,AI自动标注 - 响应长度: 1082字符,10,,10,,pl_deepseek_pro,10,0,assistant_demo_v1,,9,mfg-029,
23,20,ds_batch,,5,AI自动标注 - 响应长度: 639字符,10,,10,,pl_deepseek_flash,10,0,assistant_demo_v1,,9,mfg-030,
23,20,ds_batch,,5,AI自动标注 - 响应长度: 967字符,10,,10,,pl_deepseek_pro,10,1,assistant_demo_v1,,9,mfg-030,
28,25,ds_batch,,6,AI自动标注 - 响应长度: 506字符,7,,10,,pl_deepseek_flash,12,0,assistant_demo_v1,,8,ps-001,
28,25,ds_batch,,6,AI自动标注 - 响应长度: 1106字符,7,,10,,pl_deepseek_pro,12,1,assistant_demo_v1,,9,ps-001,
28,25,ds_batch,,6,AI自动标注 - 响应长度: 712字符,7,,10,,pl_deepseek_flash,12,1,assistant_demo_v1,,9,ps-002,
28,25,ds_batch,,6,AI自动标注 - 响应长度: 564字符,7,,9,,pl_deepseek_flash,12,0,assistant_demo_v1,,8,ps-003,
28,25,ds_batch,,6,AI自动标注 - 响应长度: 910字符,7,,10,,pl_deepseek_pro,12,0,assistant_demo_v1,,9,ps-003,
28,25,ds_batch,,6,AI自动标注 - 响应长度: 618字符,7,,10,,pl_deepseek_flash,12,0,assistant_demo_v1,,9,ps-004,
28,25,ds_batch,,6,AI自动标注 - 响应长度: 1098字符,7,,10,,pl_deepseek_pro,12,1,assistant_demo_v1,,9,ps-004,
28,25,ds_batch,,6,AI自动标注 - 响应长度: 730字符,7,,10,,pl_deepseek_flash,12,0,assistant_demo_v1,,9,ps-005,
28,25,ds_batch,,6,AI自动标注 - 响应长度: 835字符,7,,10,,pl_deepseek_pro,12,1,assistant_demo_v1,,9,ps-005,
28,25,ds_batch,,6,AI自动标注 - 响应长度: 557字符,7,,9,,pl_deepseek_flash,12,1,assistant_demo_v1,,8,ps-006,
28,25,ds_batch,,6,AI自动标注 - 响应长度: 904字符,7,,10,,pl_deepseek_pro,12,0,assistant_demo_v1,,9,ps-006,
27,25,ds_batch,,6,AI自动标注 - 响应长度: 280字符,7,,7,,pl_deepseek_flash,12,1,assistant_demo_v1,,7,ps-007,
27,25,ds_batch,,6,AI自动标注 - 响应长度: 272字符,7,,7,,pl_deepseek_pro,12,0,assistant_demo_v1,,7,ps-007,
27,25,ds_batch,,6,AI自动标注 - 响应长度: 283字符,7,,6,,pl_deepseek_flash,12,0,assistant_demo_v1,,7,ps-008,
28,25,ds_batch,,6,AI自动标注 - 响应长度: 699字符,7,,10,,pl_deepseek_pro,12,1,assistant_demo_v1,,9,ps-008,
28,25,ds_batch,,6,AI自动标注 - 响应长度: 563字符,7,,10,,pl_deepseek_flash,12,1,assistant_demo_v1,,8,ps-009,
28,25,ds_batch,,6,AI自动标注 - 响应长度: 840字符,7,,10,,pl_deepseek_pro,12,1,assistant_demo_v1,,9,ps-009,
28,25,ds_batch,,6,AI自动标注 - 响应长度: 535字符,7,,9,,pl_deepseek_flash,12,0,assistant_demo_v1,,8,ps-010,
28,25,ds_batch,,6,AI自动标注 - 响应长度: 774字符,7,,10,,pl_deepseek_pro,12,1,assistant_demo_v1,,9,ps-010,
27,25,ds_batch,,6,AI自动标注 - 响应长度: 274字符,7,,7,,pl_deepseek_flash,12,0,assistant_demo_v1,,7,ps-011,
27,25,ds_batch,,6,AI自动标注 - 响应长度: 328字符,7,,7,,pl_deepseek_pro,12,0,assistant_demo_v1,,7,ps-011,
28,25,ds_batch,,6,AI自动标注 - 响应长度: 873字符,7,,10,,pl_deepseek_flash,12,1,assistant_demo_v1,,9,ps-012,
28,25,ds_batch,,6,AI自动标注 - 响应长度: 960字符,7,,10,,pl_deepseek_pro,12,0,assistant_demo_v1,,9,ps-012,
28,25,ds_batch,,6,AI自动标注 - 响应长度: 619字符,7,,9,,pl_deepseek_flash,12,1,assistant_demo_v1,,9,ps-013,
28,25,ds_batch,,6,AI自动标注 - 响应长度: 991字符,7,,10,,pl_deepseek_pro,12,1,assistant_demo_v1,,9,ps-013,
28,25,ds_batch,,6,AI自动标注 - 响应长度: 614字符,7,,10,,pl_deepseek_flash,12,1,assistant_demo_v1,,9,ps-014,
28,25,ds_batch,,6,AI自动标注 - 响应长度: 814字符,7,,10,,pl_deepseek_pro,12,0,assistant_demo_v1,,9,ps-014,
28,25,ds_batch,,6,AI自动标注 - 响应长度: 1094字符,7,,10,,pl_deepseek_flash,12,1,assistant_demo_v1,,9,ps-015,
28,25,ds_batch,,6,AI自动标注 - 响应长度: 1125字符,7,,10,,pl_deepseek_pro,12,1,assistant_demo_v1,,9,ps-015,
28,25,ds_batch,,6,AI自动标注 - 响应长度: 728字符,7,,10,,pl_deepseek_flash,12,0,assistant_demo_v1,,9,ps-016,
28,25,ds_batch,,6,AI自动标注 - 响应长度: 801字符,7,,10,,pl_deepseek_pro,12,0,assistant_demo_v1,,9,ps-016,
28,25,ds_batch,,6,AI自动标注 - 响应长度: 701字符,7,,10,,pl_deepseek_flash,12,0,assistant_demo_v1,,9,ps-017,
28,25,ds_batch,,6,AI自动标注 - 响应长度: 706字符,7,,10,,pl_deepseek_pro,12,0,assistant_demo_v1,,9,ps-017,
28,25,ds_batch,,5,AI自动标注 - 响应长度: 626字符,10,,9,,pl_deepseek_flash,12,0,assistant_demo_v1,,9,ps-018,
28,25,ds_batch,,6,AI自动标注 - 响应长度: 905字符,7,,10,,pl_deepseek_pro,12,1,assistant_demo_v1,,9,ps-018,
28,25,ds_batch,,5,AI自动标注 - 响应长度: 515字符,9,,10,,pl_deepseek_flash,12,0,assistant_demo_v1,,8,ps-019,
28,25,ds_batch,,6,AI自动标注 - 响应长度: 814字符,7,,10,,pl_deepseek_pro,12,1,assistant_demo_v1,,9,ps-019,
28,25,ds_batch,,6,AI自动标注 - 响应长度: 886字符,7,,10,,pl_deepseek_flash,12,1,assistant_demo_v1,,9,ps-020,
28,25,ds_batch,,6,AI自动标注 - 响应长度: 766字符,7,,10,,pl_deepseek_flash,12,0,assistant_demo_v1,,9,ps-021,
28,25,ds_batch,,6,AI自动标注 - 响应长度: 1108字符,7,,10,,pl_deepseek_pro,12,0,assistant_demo_v1,,9,ps-021,
28,25,ds_batch,,6,AI自动标注 - 响应长度: 743字符,7,,10,,pl_deepseek_flash,12,1,assistant_demo_v1,,9,ps-022,
28,25,ds_batch,,6,AI自动标注 - 响应长度: 1254字符,7,,10,,pl_deepseek_pro,12,1,assistant_demo_v1,,9,ps-022,
27,25,ds_batch,,5,AI自动标注 - 响应长度: 449字符,9,,10,,pl_deepseek_flash,12,1,assistant_demo_v1,,8,ps-023,
28,25,ds_batch,,6,AI自动标注 - 响应长度: 669字符,7,,10,,pl_deepseek_flash,12,1,assistant_demo_v1,,9,ps-024,
28,25,ds_batch,,6,AI自动标注 - 响应长度: 1033字符,7,,10,,pl_deepseek_pro,12,0,assistant_demo_v1,,9,ps-024,
27,25,ds_batch,,5,AI自动标注 - 响应长度: 378字符,8,,8,,pl_deepseek_flash,12,1,assistant_demo_v1,,7,ps-025,
28,25,ds_batch,,5,AI自动标注 - 响应长度: 670字符,10,,10,,pl_deepseek_pro,12,1,assistant_demo_v1,,9,ps-025,
28,25,ds_batch,,6,AI自动标注 - 响应长度: 844字符,7,,10,,pl_deepseek_flash,12,1,assistant_demo_v1,,9,ps-026,
26,25,ds_batch,,6,AI自动标注 - 响应长度: 137字符,5,,4,,pl_deepseek_pro,12,0,assistant_demo_v1,,5,ps-026,
28,25,ds_batch,,6,AI自动标注 - 响应长度: 1599字符,7,,10,,pl_deepseek_flash,12,1,assistant_demo_v1,,9,ps-027,
28,25,ds_batch,,6,AI自动标注 - 响应长度: 1565字符,7,,10,,pl_deepseek_pro,12,1,assistant_demo_v1,,9,ps-027,
28,25,ds_batch,,6,AI自动标注 - 响应长度: 514字符,7,,10,,pl_deepseek_flash,12,1,assistant_demo_v1,,8,ps-028,
28,25,ds_batch,,5,AI自动标注 - 响应长度: 698字符,10,,10,,pl_deepseek_pro,12,1,assistant_demo_v1,,9,ps-028,
28,25,ds_batch,,6,AI自动标注 - 响应长度: 501字符,7,,10,,pl_deepseek_flash,12,1,assistant_demo_v1,,8,ps-029,
28,25,ds_batch,,6,AI自动标注 - 响应长度: 1145字符,7,,10,,pl_deepseek_pro,12,1,assistant_demo_v1,,9,ps-029,
27,25,ds_batch,,6,AI自动标注 - 响应长度: 340字符,7,,8,,pl_deepseek_flash,12,1,assistant_demo_v1,,7,ps-030,
28,25,ds_batch,,6,AI自动标注 - 响应长度: 666字符,7,,10,,pl_deepseek_pro,12,0,assistant_demo_v1,,9,ps-030,
28,25,ds_batch,,6,AI自动标注 - 响应长度: 856字符,7,,10,,pl_deepseek_flash,12,1,assistant_demo_v1,,9,ps-031,
28,25,ds_batch,,6,AI自动标注 - 响应长度: 1010字符,7,,10,,pl_deepseek_pro,12,0,assistant_demo_v1,,9,ps-031,
28,25,ds_batch,,6,AI自动标注 - 响应长度: 828字符,7,,10,,pl_deepseek_flash,12,1,assistant_demo_v1,,9,ps-032,
28,25,ds_batch,,5,AI自动标注 - 响应长度: 911字符,10,,10,,pl_deepseek_pro,12,1,assistant_demo_v1,,9,ps-032,
27,25,ds_batch,,5,AI自动标注 - 响应长度: 473字符,9,,9,,pl_deepseek_flash,12,1,assistant_demo_v1,,8,ps-033,
28,25,ds_batch,,5,AI自动标注 - 响应长度: 886字符,10,,10,,pl_deepseek_pro,12,1,assistant_demo_v1,,9,ps-033,
28,25,ds_batch,,5,AI自动标注 - 响应长度: 735字符,10,,10,,pl_deepseek_flash,12,0,assistant_demo_v1,,9,ps-034,
28,25,ds_batch,,6,AI自动标注 - 响应长度: 1107字符,7,,10,,pl_deepseek_flash,12,1,assistant_demo_v1,,9,ps-035,
26,25,ds_batch,,5,AI自动标注 - 响应长度: 79字符,4,,3,,pl_deepseek_pro,12,1,assistant_demo_v1,,4,ps-035,
27,25,ds_batch,,5,AI自动标注 - 响应长度: 431字符,9,,9,,pl_deepseek_flash,12,1,assistant_demo_v1,,8,ps-036,
28,25,ds_batch,,5,AI自动标注 - 响应长度: 827字符,10,,10,,pl_deepseek_pro,12,0,assistant_demo_v1,,9,ps-036,
28,25,ds_batch,,6,AI自动标注 - 响应长度: 1666字符,7,,10,,pl_deepseek_flash,12,1,assistant_demo_v1,,9,ps-037,
28,25,ds_batch,,6,AI自动标注 - 响应长度: 697字符,7,,10,,pl_deepseek_pro,12,1,assistant_demo_v1,,9,ps-037,
28,25,ds_batch,,5,AI自动标注 - 响应长度: 798字符,10,,10,,pl_deepseek_flash,12,1,assistant_demo_v1,,9,ps-038,
28,25,ds_batch,,5,AI自动标注 - 响应长度: 996字符,10,,10,,pl_deepseek_pro,12,1,assistant_demo_v1,,9,ps-038,
27,25,ds_batch,,5,AI自动标注 - 响应长度: 484字符,9,,8,,pl_deepseek_flash,12,1,assistant_demo_v1,,8,ps-039,
28,25,ds_batch,,6,AI自动标注 - 响应长度: 964字符,7,,10,,pl_deepseek_pro,12,0,assistant_demo_v1,,9,ps-039,
27,25,ds_batch,,5,AI自动标注 - 响应长度: 403字符,9,,9,,pl_deepseek_flash,12,1,assistant_demo_v1,,8,ps-040,
28,25,ds_batch,,6,AI自动标注 - 响应长度: 535字符,7,,10,,pl_deepseek_pro,12,0,assistant_demo_v1,,8,ps-040,
27,25,ds_batch,,6,AI自动标注 - 响应长度: 449字符,7,,9,,pl_deepseek_flash,12,1,assistant_demo_v1,,8,ps-041,
28,25,ds_batch,,6,AI自动标注 - 响应长度: 1099字符,7,,10,,pl_deepseek_pro,12,1,assistant_demo_v1,,9,ps-041,
27,25,ds_batch,,5,AI自动标注 - 响应长度: 297字符,8,,7,,pl_deepseek_flash,12,1,assistant_demo_v1,,7,ps-042,
28,25,ds_batch,,6,AI自动标注 - 响应长度: 505字符,7,,8,,pl_deepseek_pro,12,1,assistant_demo_v1,,8,ps-042,
28,25,ds_batch,,5,AI自动标注 - 响应长度: 602字符,10,,10,,pl_deepseek_flash,12,1,assistant_demo_v1,,9,ps-043,
28,25,ds_batch,,5,AI自动标注 - 响应长度: 1260字符,10,,10,,pl_deepseek_pro,12,1,assistant_demo_v1,,9,ps-043,
27,25,ds_batch,,6,AI自动标注 - 响应长度: 429字符,7,,8,,pl_deepseek_flash,12,0,assistant_demo_v1,,8,ps-044,
28,25,ds_batch,,6,AI自动标注 - 响应长度: 748字符,7,,10,,pl_deepseek_pro,12,0,assistant_demo_v1,,9,ps-044,
27,25,ds_batch,,5,AI自动标注 - 响应长度: 408字符,9,,9,,pl_deepseek_flash,12,1,assistant_demo_v1,,8,ps-045,
28,25,ds_batch,,5,AI自动标注 - 响应长度: 540字符,9,,10,,pl_deepseek_pro,12,1,assistant_demo_v1,,8,ps-045,
27,25,ds_batch,,5,AI自动标注 - 响应长度: 431字符,9,,9,,pl_deepseek_flash,12,0,assistant_demo_v1,,8,ps-046,
28,25,ds_batch,,5,AI自动标注 - 响应长度: 976字符,10,,10,,pl_deepseek_pro,12,1,assistant_demo_v1,,9,ps-046,
28,25,ds_batch,,5,AI自动标注 - 响应长度: 866字符,10,,10,,pl_deepseek_flash,12,1,assistant_demo_v1,,9,ps-047,
28,25,ds_batch,,6,AI自动标注 - 响应长度: 1037字符,7,,10,,pl_deepseek_pro,12,1,assistant_demo_v1,,9,ps-047,
27,25,ds_batch,,6,AI自动标注 - 响应长度: 491字符,7,,9,,pl_deepseek_flash,12,1,assistant_demo_v1,,8,ps-048,
28,25,ds_batch,,6,AI自动标注 - 响应长度: 624字符,7,,10,,pl_deepseek_pro,12,0,assistant_demo_v1,,9,ps-048,
27,25,ds_batch,,5,AI自动标注 - 响应长度: 435字符,9,,8,,pl_deepseek_flash,12,0,assistant_demo_v1,,8,ps-049,
28,25,ds_batch,,5,AI自动标注 - 响应长度: 953字符,10,,10,,pl_deepseek_pro,12,0,assistant_demo_v1,,9,ps-049,
27,25,ds_batch,,5,AI自动标注 - 响应长度: 275字符,8,,6,,pl_deepseek_flash,12,0,assistant_demo_v1,,7,ps-050,
28,25,ds_batch,,5,AI自动标注 - 响应长度: 992字符,10,,10,,pl_deepseek_pro,12,1,assistant_demo_v1,,9,ps-050,
27,25,ds_batch,,5,AI自动标注 - 响应长度: 471字符,9,,9,,pl_deepseek_flash,12,1,assistant_demo_v1,,8,ps-051,
28,25,ds_batch,,5,AI自动标注 - 响应长度: 938字符,10,,10,,pl_deepseek_pro,12,0,assistant_demo_v1,,9,ps-051,
28,25,ds_batch,,6,AI自动标注 - 响应长度: 584字符,7,,10,,pl_deepseek_flash,12,1,assistant_demo_v1,,8,ps-052,
28,25,ds_batch,,6,AI自动标注 - 响应长度: 821字符,7,,10,,pl_deepseek_pro,12,1,assistant_demo_v1,,9,ps-052,
28,25,ds_batch,,6,AI自动标注 - 响应长度: 855字符,7,,10,,pl_deepseek_pro,12,1,assistant_demo_v1,,9,ps-053,
27,25,ds_batch,,6,AI自动标注 - 响应长度: 403字符,7,,10,,pl_deepseek_flash,12,1,assistant_demo_v1,,8,ps-054,
28,25,ds_batch,,5,AI自动标注 - 响应长度: 1115字符,10,,10,,pl_deepseek_pro,12,0,assistant_demo_v1,,9,ps-054,
28,25,ds_batch,,6,AI自动标注 - 响应长度: 542字符,7,,9,,pl_deepseek_flash,12,1,assistant_demo_v1,,8,ps-055,
28,25,ds_batch,,6,AI自动标注 - 响应长度: 975字符,7,,10,,pl_deepseek_pro,12,1,assistant_demo_v1,,9,ps-055,
28,25,ds_batch,,6,AI自动标注 - 响应长度: 530字符,7,,9,,pl_deepseek_flash,12,1,assistant_demo_v1,,8,ps-056,
28,25,ds_batch,,6,AI自动标注 - 响应长度: 1044字符,7,,10,,pl_deepseek_pro,12,1,assistant_demo_v1,,9,ps-056,
28,25,ds_batch,,6,AI自动标注 - 响应长度: 1047字符,7,,10,,pl_deepseek_flash,12,1,assistant_demo_v1,,9,ps-057,
28,25,ds_batch,,6,AI自动标注 - 响应长度: 1270字符,7,,10,,pl_deepseek_pro,12,1,assistant_demo_v1,,9,ps-057,
28,25,ds_batch,,6,AI自动标注 - 响应长度: 1010字符,7,,10,,pl_deepseek_flash,12,1,assistant_demo_v1,,9,ps-058,
28,25,ds_batch,,6,AI自动标注 - 响应长度: 750字符,7,,10,,pl_deepseek_pro,12,1,assistant_demo_v1,,9,ps-058,
27,25,ds_batch,,6,AI自动标注 - 响应长度: 463字符,7,,10,,pl_deepseek_flash,12,0,assistant_demo_v1,,8,ps-059,
28,25,ds_batch,,6,AI自动标注 - 响应长度: 1023字符,7,,10,,pl_deepseek_pro,12,1,assistant_demo_v1,,9,ps-059,
28,25,ds_batch,,5,AI自动标注 - 响应长度: 610字符,10,,10,,pl_deepseek_flash,12,0,assistant_demo_v1,,9,ps-060,
28,25,ds_batch,,6,AI自动标注 - 响应长度: 1065字符,7,,10,,pl_deepseek_pro,12,0,assistant_demo_v1,,9,ps-060,
27,25,ds_batch,,6,AI自动标注 - 响应长度: 482字符,7,,9,,pl_deepseek_flash,12,1,assistant_demo_v1,,8,ps-061,
28,25,ds_batch,,5,AI自动标注 - 响应长度: 933字符,10,,10,,pl_deepseek_pro,12,1,assistant_demo_v1,,9,ps-061,
28,25,ds_batch,,6,AI自动标注 - 响应长度: 684字符,7,,9,,pl_deepseek_flash,12,1,assistant_demo_v1,,9,ps-062,
28,25,ds_batch,,5,AI自动标注 - 响应长度: 658字符,10,,10,,pl_deepseek_flash,12,1,assistant_demo_v1,,9,ps-063,
28,25,ds_batch,,6,AI自动标注 - 响应长度: 1115字符,7,,10,,pl_deepseek_pro,12,1,assistant_demo_v1,,9,ps-063,
27,25,ds_batch,,5,AI自动标注 - 响应长度: 487字符,9,,8,,pl_deepseek_flash,12,1,assistant_demo_v1,,8,ps-064,
28,25,ds_batch,,6,AI自动标注 - 响应长度: 979字符,7,,10,,pl_deepseek_pro,12,1,assistant_demo_v1,,9,ps-064,
28,25,ds_batch,,6,AI自动标注 - 响应长度: 627字符,7,,10,,pl_deepseek_flash,12,1,assistant_demo_v1,,9,ps-065,
28,25,ds_batch,,6,AI自动标注 - 响应长度: 1849字符,7,,10,,pl_deepseek_pro,12,0,assistant_demo_v1,,9,ps-065,
27,25,ds_batch,,5,AI自动标注 - 响应长度: 491字符,9,,10,,pl_deepseek_flash,12,1,assistant_demo_v1,,8,ps-066,
28,25,ds_batch,,5,AI自动标注 - 响应长度: 1075字符,10,,10,,pl_deepseek_pro,12,0,assistant_demo_v1,,9,ps-066,
27,25,ds_batch,,6,AI自动标注 - 响应长度: 456字符,7,,9,,pl_deepseek_flash,12,0,assistant_demo_v1,,8,ps-067,
28,25,ds_batch,,6,AI自动标注 - 响应长度: 1178字符,7,,10,,pl_deepseek_pro,12,0,assistant_demo_v1,,9,ps-067,
27,25,ds_batch,,5,AI自动标注 - 响应长度: 486字符,9,,9,,pl_deepseek_flash,12,1,assistant_demo_v1,,8,ps-068,
28,25,ds_batch,,5,AI自动标注 - 响应长度: 812字符,10,,10,,pl_deepseek_pro,12,1,assistant_demo_v1,,9,ps-068,
28,25,ds_batch,,6,AI自动标注 - 响应长度: 547字符,7,,9,,pl_deepseek_flash,12,1,assistant_demo_v1,,8,ps-069,
28,25,ds_batch,,6,AI自动标注 - 响应长度: 737字符,7,,10,,pl_deepseek_pro,12,0,assistant_demo_v1,,9,ps-069,
27,25,ds_batch,,5,AI自动标注 - 响应长度: 477字符,9,,10,,pl_deepseek_flash,12,1,assistant_demo_v1,,8,ps-070,
28,25,ds_batch,,5,AI自动标注 - 响应长度: 842字符,10,,10,,pl_deepseek_pro,12,1,assistant_demo_v1,,9,ps-070,
28,25,test_each,,6,AI自动标注 - 响应长度: 707字符,7,,10,,pl_glm_47_flashx,12,1,assistant_demo_v1,,9,ps-001,
,,glm_batch,public service,,GLM-4.7-flashx auto-generated response. Latency: 26.97s. Response length: 795 chars.,,https://www.gov.cn/gongbao/2025/issue_12266/202509/content_7039598.html,,职工基本医疗保险参保人员办理异地就医备案前，应核对哪些关键信息与材料？ 请结合权威公开信息作答，并提示用户以经办机构或主管部门最新规定为准。,pl_glm_47_flashx,,,glm_4.7_flashx_auto,medium,,ps-001,medium
,,glm_batch,public service,,GLM-4.7-flashx auto-generated response. Latency: 25.42s. Response length: 760 chars.,,https://www.nhsa.gov.cn/col/col114/index.html,,城乡居民医保参保缴费期与待遇享受期衔接，应注意哪些常见误区？ 请结合权威公开信息作答，并提示用户以经办机构或主管部门最新规定为准。,pl_glm_47_flashx,,,glm_4.7_flashx_auto,medium,,ps-002,medium
,,glm_batch,public service,,GLM-4.7-flashx auto-generated response. Latency: 23.73s. Response length: 820 chars.,,https://www.nhsa.gov.cn/col/col105/index.html,,门诊慢特病资格认定与报销流程，一般包含哪些环节？ 请结合权威公开信息作答，并提示用户以经办机构或主管部门最新规定为准。,pl_glm_47_flashx,,,glm_4.7_flashx_auto,medium,,ps-003,medium
,,glm_batch,public service,,GLM-4.7-flashx auto-generated response. Latency: 20.33s. Response length: 408 chars.,,https://www.nhsa.gov.cn/col/col104/index.html,,生育保险待遇申领通常需要哪些证明材料与办理渠道？ 请结合权威公开信息作答，并提示用户以经办机构或主管部门最新规定为准。,pl_glm_47_flashx,,,glm_4.7_flashx_auto,medium,,ps-004,medium
,,glm_batch,public service,,GLM-4.7-flashx auto-generated response. Latency: 25.32s. Response length: 483 chars.,,https://www.nhsa.gov.cn/col/col109/index.html,,医疗救助对象认定与“一站式”结算，政策要点有哪些？ 请结合权威公开信息作答，并提示用户以经办机构或主管部门最新规定为准。,pl_glm_47_flashx,,,glm_4.7_flashx_auto,medium,,ps-005,medium
,,glm_batch,public service,,GLM-4.7-flashx auto-generated response. Latency: 19.41s. Response length: 291 chars.,,https://www.gov.cn/zhengce/zuixin/,,长期护理保险试点地区参保人如何了解本地待遇与评估流程？ 请结合权威公开信息作答，并提示用户以经办机构或主管部门最新规定为准。,pl_glm_47_flashx,,,glm_4.7_flashx_auto,medium,,ps-006,medium
,,glm_batch,public service,,GLM-4.7-flashx auto-generated response. Latency: 24.11s. Response length: 336 chars.,,https://www.gov.cn/hudong/index.htm,,医保电子凭证与实体社保卡在就医结算中的关系如何理解？ 请结合权威公开信息作答，并提示用户以经办机构或主管部门最新规定为准。,pl_glm_47_flashx,,,glm_4.7_flashx_auto,medium,,ps-007,medium
,,glm_batch,public service,,GLM-4.7-flashx auto-generated response. Latency: 19.44s. Response length: 362 chars.,,https://www.moe.gov.cn/jyb_xxgk/moe_1777/moe_1778/,,谈判药品“双通道”供药机制对参保患者意味着什么？ 请结合权威公开信息作答，并提示用户以经办机构或主管部门最新规定为准。,pl_glm_47_flashx,,,glm_4.7_flashx_auto,medium,,ps-008,medium
,,glm_batch,public service,,GLM-4.7-flashx auto-generated response. Latency: 33.54s. Response length: 756 chars.,,https://www.moe.gov.cn/jyb_xwfb/xw_fbbm/,,医保基金监管举报投诉渠道与受理范围一般包括哪些？ 请结合权威公开信息作答，并提示用户以经办机构或主管部门最新规定为准。,pl_glm_47_flashx,,,glm_4.7_flashx_auto,medium,,ps-009,medium
,,glm_batch,public service,,GLM-4.7-flashx auto-generated response. Latency: 41.96s. Response length: 656 chars.,,https://www.mem.gov.cn/,,跨省异地就医直接结算失败时，可按什么顺序自查原因？ 请结合权威公开信息作答，并提示用户以经办机构或主管部门最新规定为准。,pl_glm_47_flashx,,,glm_4.7_flashx_auto,medium,,ps-010,medium
,,glm_batch,public service,,GLM-4.7-flashx auto-generated response. Latency: 22.69s. Response length: 322 chars.,,https://www.mem.gov.cn/yw/zdgz/ajfb/,,国家组织药品集中带量采购对参保人药费负担的影响应如何客观表述？ 请结合权威公开信息作答，并提示用户以经办机构或主管部门最新规定为准。,pl_glm_47_flashx,,,glm_4.7_flashx_auto,medium,,ps-011,medium
,,glm_batch,public service,,GLM-4.7-flashx auto-generated response. Latency: 17.99s. Response length: 791 chars.,,https://www.samr.gov.cn/,,基本公共卫生服务与基本医疗服务在制度上如何区分？ 请结合权威公开信息作答，并提示用户以经办机构或主管部门最新规定为准。,pl_glm_47_flashx,,,glm_4.7_flashx_auto,medium,,ps-012,medium
,,glm_batch,public service,,GLM-4.7-flashx auto-generated response. Latency: 21.12s. Response length: 444 chars.,,https://www.samr.gov.cn/zw/zwfb/,,传染病疫情信息报告与个人隐私保护之间如何把握平衡？ 请结合权威公开信息作答，并提示用户以经办机构或主管部门最新规定为准。,pl_glm_47_flashx,,,glm_4.7_flashx_auto,medium,,ps-013,medium
,,glm_batch,public service,,GLM-4.7-flashx auto-generated response. Latency: 37.30s. Response length: 472 chars.,,https://www.mnr.gov.cn/,,学校传染病防控中家校协同的常见要点有哪些？ 请结合权威公开信息作答，并提示用户以经办机构或主管部门最新规定为准。,pl_glm_47_flashx,,,glm_4.7_flashx_auto,medium,,ps-014,medium
,,glm_batch,public service,,GLM-4.7-flashx auto-generated response. Latency: 59.34s. Response length: 931 chars.,,https://www.mee.gov.cn/,,预防接种异常反应补偿与民事赔偿关系应如何向群众解释？ 请结合权威公开信息作答，并提示用户以经办机构或主管部门最新规定为准。,pl_glm_47_flashx,,,glm_4.7_flashx_auto,medium,,ps-015,medium
,,glm_batch,public service,,GLM-4.7-flashx auto-generated response. Latency: 50.89s. Response length: 629 chars.,,https://www.mee.gov.cn/zcwj/gwywj/202508/t20250827_1126207.shtml,,精神卫生法框架下严重精神障碍患者服务管理要点是什么？ 请结合权威公开信息作答，并提示用户以经办机构或主管部门最新规定为准。,pl_glm_47_flashx,,,glm_4.7_flashx_auto,medium,,ps-016,medium
,,glm_batch,public service,,GLM-4.7-flashx auto-generated response. Latency: 31.24s. Response length: 431 chars.,,https://www.mca.gov.cn/,,突发公共卫生事件分级响应启动后，社区可承担哪些配合工作？ 请结合权威公开信息作答，并提示用户以经办机构或主管部门最新规定为准。,pl_glm_47_flashx,,,glm_4.7_flashx_auto,medium,,ps-017,medium
,,glm_batch,public service,,GLM-4.7-flashx auto-generated response. Latency: 44.12s. Response length: 474 chars.,,https://www.mca.gov.cn/n152/n165/c166/,,食品安全事故信息通报与舆情回应应注意哪些原则？ 请结合权威公开信息作答，并提示用户以经办机构或主管部门最新规定为准。,pl_glm_47_flashx,,,glm_4.7_flashx_auto,high,,ps-018,medium
,,glm_batch,public service,,GLM-4.7-flashx auto-generated response. Latency: 40.95s. Response length: 475 chars.,,https://www.mohrss.gov.cn/SYrlzyhshbzk/,,饮用水水源保护区管理中的公众参与方式有哪些？ 请结合权威公开信息作答，并提示用户以经办机构或主管部门最新规定为准。,pl_glm_47_flashx,,,glm_4.7_flashx_auto,medium,,ps-019,medium
,,glm_batch,public service,,GLM-4.7-flashx auto-generated response. Latency: 93.73s. Response length: 382 chars.,,https://www.mohrss.gov.cn/SYrlzyhshbzb/jycyz/,,噪声污染防治中“敏感建筑物集中区域”监管要点是什么？ 请结合权威公开信息作答，并提示用户以经办机构或主管部门最新规定为准。,pl_glm_47_flashx,,,glm_4.7_flashx_auto,medium,,ps-020,medium
,,glm_batch,public service,,GLM-4.7-flashx auto-generated response. Latency: 44.08s. Response length: 354 chars.,,https://www.ndrc.gov.cn/,,生活垃圾分类投放、收集、运输的责任边界如何划分？ 请结合权威公开信息作答，并提示用户以经办机构或主管部门最新规定为准。,pl_glm_47_flashx,,,glm_4.7_flashx_auto,medium,,ps-021,medium
,,glm_batch,public service,,GLM-4.7-flashx auto-generated response. Latency: 31.23s. Response length: 351 chars.,,https://www.ndrc.gov.cn/fggz/,,危险废物经营许可证制度对产废单位意味着什么？ 请结合权威公开信息作答，并提示用户以经办机构或主管部门最新规定为准。,pl_glm_47_flashx,,,glm_4.7_flashx_auto,high,,ps-022,medium
,,glm_batch,public service,,GLM-4.7-flashx auto-generated response. Latency: 79.65s. Response length: 631 chars.,,https://www.mof.gov.cn/,,土壤污染风险管控和修复活动中的信息公开要求有哪些？ 请结合权威公开信息作答，并提示用户以经办机构或主管部门最新规定为准。,pl_glm_47_flashx,,,glm_4.7_flashx_auto,medium,,ps-023,medium
,,glm_batch,public service,,GLM-4.7-flashx auto-generated response. Latency: 30.58s. Response length: 520 chars.,,https://www.mof.gov.cn/zhengwuxinxi/caizhengxinwen/,,碳排放权交易与排污许可制度在监管对象上如何区分？ 请结合权威公开信息作答，并提示用户以经办机构或主管部门最新规定为准。,pl_glm_47_flashx,,,glm_4.7_flashx_auto,medium,,ps-024,medium
,,glm_batch,public service,,GLM-4.7-flashx auto-generated response. Latency: 22.92s. Response length: 487 chars.,,https://www.nhc.gov.cn/,,生态保护红线内允许的人类活动类型有哪些概括性限制？ 请结合权威公开信息作答，并提示用户以经办机构或主管部门最新规定为准。,pl_glm_47_flashx,,,glm_4.7_flashx_auto,medium,,ps-025,medium
,,glm_batch,public service,,GLM-4.7-flashx auto-generated response. Latency: 92.41s. Response length: 692 chars.,,https://www.nhc.gov.cn/wjw/bmgz/,,海域使用论证与海洋环境影响评价在程序上如何衔接？ 请结合权威公开信息作答，并提示用户以经办机构或主管部门最新规定为准。,pl_glm_47_flashx,,,glm_4.7_flashx_auto,medium,,ps-026,medium
,,glm_batch,public service,,GLM-4.7-flashx auto-generated response. Latency: 65.41s. Response length: 1387 chars.,,https://www.moj.gov.cn/,,养老机构备案与消防审验的常见合规要点有哪些？ 请结合权威公开信息作答，并提示用户以经办机构或主管部门最新规定为准。,pl_glm_47_flashx,,,glm_4.7_flashx_auto,medium,,ps-027,medium
,,glm_batch,public service,,GLM-4.7-flashx auto-generated response. Latency: 26.37s. Response length: 308 chars.,,https://www.moj.gov.cn/pub/sfbgw/,,未成年人社会保护工作中强制报告制度的适用情形有哪些？ 请结合权威公开信息作答，并提示用户以经办机构或主管部门最新规定为准。,pl_glm_47_flashx,,,glm_4.7_flashx_auto,medium,,ps-028,medium
,,glm_batch,public service,,GLM-4.7-flashx auto-generated response. Latency: 39.64s. Response length: 437 chars.,,https://www.mps.gov.cn/,,最低生活保障家庭经济状况核对应注意哪些隐私与准确性问题？ 请结合权威公开信息作答，并提示用户以经办机构或主管部门最新规定为准。,pl_glm_47_flashx,,,glm_4.7_flashx_auto,medium,,ps-029,medium
,,glm_batch,public service,,GLM-4.7-flashx auto-generated response. Latency: 19.36s. Response length: 401 chars.,,https://www.mps.gov.cn/n2253534/n2253535/,,临时救助与低保在对象与给付方式上有何主要区别？ 请结合权威公开信息作答，并提示用户以经办机构或主管部门最新规定为准。,pl_glm_47_flashx,,,glm_4.7_flashx_auto,medium,,ps-030,medium
,,glm_batch,public service,,GLM-4.7-flashx auto-generated response. Latency: 66.62s. Response length: 896 chars.,,https://www.ccdi.gov.cn/,,特困人员供养与分散供养服务协议应关注哪些条款？ 请结合权威公开信息作答，并提示用户以经办机构或主管部门最新规定为准。,pl_glm_47_flashx,,,glm_4.7_flashx_auto,medium,,ps-031,medium
,,glm_batch,public service,,GLM-4.7-flashx auto-generated response. Latency: 20.64s. Response length: 453 chars.,,https://www.gov.cn/gongbao/2025/issue_12266/202509/content_7039598.html,,残疾人两项补贴资格认定与动态复核要点是什么？ 请结合权威公开信息作答，并提示用户以经办机构或主管部门最新规定为准。,pl_glm_47_flashx,,,glm_4.7_flashx_auto,medium,,ps-032,medium
,,glm_batch,public service,,GLM-4.7-flashx auto-generated response. Latency: 37.01s. Response length: 655 chars.,,https://www.nhsa.gov.cn/col/col114/index.html,,婚姻登记“跨省通办”试点中当事人材料准备要点有哪些？ 请结合权威公开信息作答，并提示用户以经办机构或主管部门最新规定为准。,pl_glm_47_flashx,,,glm_4.7_flashx_auto,medium,,ps-033,medium
,,glm_batch,public service,,GLM-4.7-flashx auto-generated response. Latency: 29.63s. Response length: 0 chars.,,https://www.nhsa.gov.cn/col/col105/index.html,,收养登记评估与收养能力评估有何制度性区别？ 请结合权威公开信息作答，并提示用户以经办机构或主管部门最新规定为准。,pl_glm_47_flashx,,,glm_4.7_flashx_auto,medium,,ps-034,medium
,,glm_batch,public service,,GLM-4.7-flashx auto-generated response. Latency: 87.24s. Response length: 1365 chars.,,https://www.nhsa.gov.cn/col/col104/index.html,,慈善组织信息公开与募捐备案应关注哪些合规点？ 请结合权威公开信息作答，并提示用户以经办机构或主管部门最新规定为准。,pl_glm_47_flashx,,,glm_4.7_flashx_auto,medium,,ps-035,medium
,,glm_batch,public service,,GLM-4.7-flashx auto-generated response. Latency: 45.63s. Response length: 302 chars.,,https://www.nhsa.gov.cn/col/col109/index.html,,志愿服务记录与证明出具应遵循哪些基本要求？ 请结合权威公开信息作答，并提示用户以经办机构或主管部门最新规定为准。,pl_glm_47_flashx,,,glm_4.7_flashx_auto,medium,,ps-036,medium
,,glm_batch,public service,,GLM-4.7-flashx auto-generated response. Latency: 56.77s. Response length: 453 chars.,,https://www.gov.cn/zhengce/zuixin/,,行政区划变更公告后，证照与合同地址条款如何处理更稳妥？ 请结合权威公开信息作答，并提示用户以经办机构或主管部门最新规定为准。,pl_glm_47_flashx,,,glm_4.7_flashx_auto,medium,,ps-037,medium
,,glm_batch,public service,,GLM-4.7-flashx auto-generated response. Latency: 105.85s. Response length: 623 chars.,,https://www.gov.cn/hudong/index.htm,,地名管理中对具有重要地理方位意义的名称命名更名程序要点？ 请结合权威公开信息作答，并提示用户以经办机构或主管部门最新规定为准。,pl_glm_47_flashx,,,glm_4.7_flashx_auto,medium,,ps-038,medium
,,glm_batch,public service,,GLM-4.7-flashx auto-generated response. Latency: 43.69s. Response length: 730 chars.,,https://www.moe.gov.cn/jyb_xxgk/moe_1777/moe_1778/,,基层群众性自治组织与基层政府在社区治理中的职责边界？ 请结合权威公开信息作答，并提示用户以经办机构或主管部门最新规定为准。,pl_glm_47_flashx,,,glm_4.7_flashx_auto,medium,,ps-039,medium
,,glm_batch,public service,,GLM-4.7-flashx auto-generated response. Latency: 33.97s. Response length: 300 chars.,,https://www.moe.gov.cn/jyb_xwfb/xw_fbbm/,,信访事项受理与办理“三个到位”应如何向群众解释？ 请结合权威公开信息作答，并提示用户以经办机构或主管部门最新规定为准。,pl_glm_47_flashx,,,glm_4.7_flashx_auto,medium,,ps-040,medium
,,glm_batch,public service,,GLM-4.7-flashx auto-generated response. Latency: 25.25s. Response length: 755 chars.,,https://www.mem.gov.cn/,,行政复议与行政诉讼在救济路径选择上如何把握？ 请结合权威公开信息作答，并提示用户以经办机构或主管部门最新规定为准。,pl_glm_47_flashx,,,glm_4.7_flashx_auto,high,,ps-041,medium
,,glm_batch,public service,,GLM-4.7-flashx auto-generated response. Latency: 19.65s. Response length: 441 chars.,,https://www.mem.gov.cn/yw/zdgz/ajfb/,,政府信息公开申请中“三需要”原则应如何准确理解？ 请结合权威公开信息作答，并提示用户以经办机构或主管部门最新规定为准。,pl_glm_47_flashx,,,glm_4.7_flashx_auto,medium,,ps-042,medium
,,glm_batch,public service,,GLM-4.7-flashx auto-generated response. Latency: 18.38s. Response length: 739 chars.,,https://www.samr.gov.cn/,,重大行政决策公众参与与专家论证如何组织更规范？ 请结合权威公开信息作答，并提示用户以经办机构或主管部门最新规定为准。,pl_glm_47_flashx,,,glm_4.7_flashx_auto,medium,,ps-043,medium
,,glm_batch,public service,,GLM-4.7-flashx auto-generated response. Latency: 50.24s. Response length: 675 chars.,,https://www.samr.gov.cn/zw/zwfb/,,行政执法公示制度中应重点公开哪些要素？ 请结合权威公开信息作答，并提示用户以经办机构或主管部门最新规定为准。,pl_glm_47_flashx,,,glm_4.7_flashx_auto,medium,,ps-044,medium
,,glm_batch,public service,,GLM-4.7-flashx auto-generated response. Latency: 31.55s. Response length: 847 chars.,,https://www.mee.gov.cn/,,数字政府建设中政务数据共享与数据安全如何统筹？ 请结合权威公开信息作答，并提示用户以经办机构或主管部门最新规定为准。,pl_glm_47_flashx,,,glm_4.7_flashx_auto,medium,,ps-046,medium
,,glm_batch,public service,,GLM-4.7-flashx auto-generated response. Latency: 20.61s. Response length: 319 chars.,,https://www.mee.gov.cn/zcwj/gwywj/202508/t20250827_1126207.shtml,,一体化政务服务平台“跨省通办”事项清单动态管理要点？ 请结合权威公开信息作答，并提示用户以经办机构或主管部门最新规定为准。,pl_glm_47_flashx,,,glm_4.7_flashx_auto,medium,,ps-047,medium
,,glm_batch,public service,,GLM-4.7-flashx auto-generated response. Latency: 26.13s. Response length: 0 chars.,,https://www.mca.gov.cn/,,电子证照法律效力与纸质证照关系应如何向企业说明？ 请结合权威公开信息作答，并提示用户以经办机构或主管部门最新规定为准。,pl_glm_47_flashx,,,glm_4.7_flashx_auto,medium,,ps-048,medium
,,glm_batch,public service,,GLM-4.7-flashx auto-generated response. Latency: 23.31s. Response length: 545 chars.,,https://www.mca.gov.cn/n152/n165/c166/,,政务服务“好差评”结果在绩效考核中如何合理使用？ 请结合权威公开信息作答，并提示用户以经办机构或主管部门最新规定为准。,pl_glm_47_flashx,,,glm_4.7_flashx_auto,medium,,ps-049,medium
,,glm_batch,public service,,GLM-4.7-flashx auto-generated response. Latency: 16.15s. Response length: 529 chars.,,https://www.mohrss.gov.cn/SYrlzyhshbzk/,,公共资源交易平台整合共享对企业投标成本有何影响？ 请结合权威公开信息作答，并提示用户以经办机构或主管部门最新规定为准。,pl_glm_47_flashx,,,glm_4.7_flashx_auto,medium,,ps-050,medium
,,glm_batch_v2,public service,,GLM-4.7-flashx v2 auto-generated response. Latency: 36.53s. Response length: 355 chars.,,https://www.nhsa.gov.cn/col/col104/index.html,,生育保险待遇申领通常需要哪些证明材料与办理渠道？ 请结合权威公开信息作答，并提示用户以经办机构或主管部门最新规定为准。,pl_glm_47_flashx,,,glm_4.7_flashx_auto_v2,medium,,ps-004,medium
,,glm_batch_v2,public service,,GLM-4.7-flashx v2 auto-generated response. Latency: 26.92s. Response length: 886 chars.,,https://www.nhsa.gov.cn/col/col109/index.html,,医疗救助对象认定与“一站式”结算，政策要点有哪些？ 请结合权威公开信息作答，并提示用户以经办机构或主管部门最新规定为准。,pl_glm_47_flashx,,,glm_4.7_flashx_auto_v2,medium,,ps-005,medium
,,glm_batch_v2,public service,,GLM-4.7-flashx v2 auto-generated response. Latency: 56.58s. Response length: 429 chars.,,https://www.gov.cn/zhengce/zuixin/,,长期护理保险试点地区参保人如何了解本地待遇与评估流程？ 请结合权威公开信息作答，并提示用户以经办机构或主管部门最新规定为准。,pl_glm_47_flashx,,,glm_4.7_flashx_auto_v2,medium,,ps-006,medium
,,glm_batch_v2,public service,,GLM-4.7-flashx v2 auto-generated response. Latency: 33.54s. Response length: 332 chars.,,https://www.gov.cn/hudong/index.htm,,医保电子凭证与实体社保卡在就医结算中的关系如何理解？ 请结合权威公开信息作答，并提示用户以经办机构或主管部门最新规定为准。,pl_glm_47_flashx,,,glm_4.7_flashx_auto_v2,medium,,ps-007,medium
,,glm_batch_v2,public service,,GLM-4.7-flashx v2 auto-generated response. Latency: 50.68s. Response length: 269 chars.,,https://www.moe.gov.cn/jyb_xxgk/moe_1777/moe_1778/,,谈判药品“双通道”供药机制对参保患者意味着什么？ 请结合权威公开信息作答，并提示用户以经办机构或主管部门最新规定为准。,pl_glm_47_flashx,,,glm_4.7_flashx_auto_v2,medium,,ps-008,medium
,,glm_batch_v2,public service,,GLM-4.7-flashx v2 auto-generated response. Latency: 39.77s. Response length: 593 chars.,,https://www.moe.gov.cn/jyb_xwfb/xw_fbbm/,,医保基金监管举报投诉渠道与受理范围一般包括哪些？ 请结合权威公开信息作答，并提示用户以经办机构或主管部门最新规定为准。,pl_glm_47_flashx,,,glm_4.7_flashx_auto_v2,medium,,ps-009,medium
,,glm_batch_v2,public service,,GLM-4.7-flashx v2 auto-generated response. Latency: 39.60s. Response length: 373 chars.,,https://www.mem.gov.cn/,,跨省异地就医直接结算失败时，可按什么顺序自查原因？ 请结合权威公开信息作答，并提示用户以经办机构或主管部门最新规定为准。,pl_glm_47_flashx,,,glm_4.7_flashx_auto_v2,medium,,ps-010,medium
,,glm_batch_v2,public service,,GLM-4.7-flashx v2 auto-generated response. Latency: 32.76s. Response length: 274 chars.,,https://www.mem.gov.cn/yw/zdgz/ajfb/,,国家组织药品集中带量采购对参保人药费负担的影响应如何客观表述？ 请结合权威公开信息作答，并提示用户以经办机构或主管部门最新规定为准。,pl_glm_47_flashx,,,glm_4.7_flashx_auto_v2,medium,,ps-011,medium
,,glm_batch_v2,public service,,GLM-4.7-flashx v2 auto-generated response. Latency: 22.26s. Response length: 650 chars.,,https://www.samr.gov.cn/,,基本公共卫生服务与基本医疗服务在制度上如何区分？ 请结合权威公开信息作答，并提示用户以经办机构或主管部门最新规定为准。,pl_glm_47_flashx,,,glm_4.7_flashx_auto_v2,medium,,ps-012,medium
,,glm_batch_v2,public service,,GLM-4.7-flashx v2 auto-generated response. Latency: 25.46s. Response length: 934 chars.,,https://www.samr.gov.cn/zw/zwfb/,,传染病疫情信息报告与个人隐私保护之间如何把握平衡？ 请结合权威公开信息作答，并提示用户以经办机构或主管部门最新规定为准。,pl_glm_47_flashx,,,glm_4.7_flashx_auto_v2,medium,,ps-013,medium
,,glm_batch_v2,public service,,GLM-4.7-flashx v2 auto-generated response. Latency: 32.44s. Response length: 608 chars.,,https://www.mnr.gov.cn/,,学校传染病防控中家校协同的常见要点有哪些？ 请结合权威公开信息作答，并提示用户以经办机构或主管部门最新规定为准。,pl_glm_47_flashx,,,glm_4.7_flashx_auto_v2,medium,,ps-014,medium
,,glm_batch_v2,public service,,GLM-4.7-flashx v2 auto-generated response. Latency: 30.54s. Response length: 482 chars.,,https://www.mee.gov.cn/,,预防接种异常反应补偿与民事赔偿关系应如何向群众解释？ 请结合权威公开信息作答，并提示用户以经办机构或主管部门最新规定为准。,pl_glm_47_flashx,,,glm_4.7_flashx_auto_v2,medium,,ps-015,medium
,,glm_batch_v2,public service,,GLM-4.7-flashx v2 auto-generated response. Latency: 26.84s. Response length: 840 chars.,,https://www.mee.gov.cn/zcwj/gwywj/202508/t20250827_1126207.shtml,,精神卫生法框架下严重精神障碍患者服务管理要点是什么？ 请结合权威公开信息作答，并提示用户以经办机构或主管部门最新规定为准。,pl_glm_47_flashx,,,glm_4.7_flashx_auto_v2,medium,,ps-016,medium
,,glm_batch_v2,public service,,GLM-4.7-flashx v2 auto-generated response. Latency: 25.98s. Response length: 319 chars.,,https://www.mca.gov.cn/,,突发公共卫生事件分级响应启动后，社区可承担哪些配合工作？ 请结合权威公开信息作答，并提示用户以经办机构或主管部门最新规定为准。,pl_glm_47_flashx,,,glm_4.7_flashx_auto_v2,medium,,ps-017,medium
,,glm_batch_v2,public service,,GLM-4.7-flashx v2 auto-generated response. Latency: 19.18s. Response length: 389 chars.,,https://www.mca.gov.cn/n152/n165/c166/,,食品安全事故信息通报与舆情回应应注意哪些原则？ 请结合权威公开信息作答，并提示用户以经办机构或主管部门最新规定为准。,pl_glm_47_flashx,,,glm_4.7_flashx_auto_v2,high,,ps-018,medium
,,glm_batch_v2,public service,,GLM-4.7-flashx v2 auto-generated response. Latency: 25.74s. Response length: 375 chars.,,https://www.mohrss.gov.cn/SYrlzyhshbzk/,,饮用水水源保护区管理中的公众参与方式有哪些？ 请结合权威公开信息作答，并提示用户以经办机构或主管部门最新规定为准。,pl_glm_47_flashx,,,glm_4.7_flashx_auto_v2,medium,,ps-019,medium
,,glm_batch_v2,public service,,GLM-4.7-flashx v2 auto-generated response. Latency: 40.67s. Response length: 413 chars.,,https://www.mohrss.gov.cn/SYrlzyhshbzb/jycyz/,,噪声污染防治中“敏感建筑物集中区域”监管要点是什么？ 请结合权威公开信息作答，并提示用户以经办机构或主管部门最新规定为准。,pl_glm_47_flashx,,,glm_4.7_flashx_auto_v2,medium,,ps-020,medium
,,glm_batch_v2,public service,,GLM-4.7-flashx v2 auto-generated response. Latency: 57.23s. Response length: 473 chars.,,https://www.ndrc.gov.cn/,,生活垃圾分类投放、收集、运输的责任边界如何划分？ 请结合权威公开信息作答，并提示用户以经办机构或主管部门最新规定为准。,pl_glm_47_flashx,,,glm_4.7_flashx_auto_v2,medium,,ps-021,medium
,,glm_batch_v2,public service,,GLM-4.7-flashx v2 auto-generated response. Latency: 24.18s. Response length: 436 chars.,,https://www.ndrc.gov.cn/fggz/,,危险废物经营许可证制度对产废单位意味着什么？ 请结合权威公开信息作答，并提示用户以经办机构或主管部门最新规定为准。,pl_glm_47_flashx,,,glm_4.7_flashx_auto_v2,high,,ps-022,medium
,,glm_batch_v2,public service,,GLM-4.7-flashx v2 auto-generated response. Latency: 18.26s. Response length: 606 chars.,,https://www.mof.gov.cn/,,土壤污染风险管控和修复活动中的信息公开要求有哪些？ 请结合权威公开信息作答，并提示用户以经办机构或主管部门最新规定为准。,pl_glm_47_flashx,,,glm_4.7_flashx_auto_v2,medium,,ps-023,medium
,,glm_batch_v2,public service,,GLM-4.7-flashx v2 auto-generated response. Latency: 16.93s. Response length: 676 chars.,,https://www.mof.gov.cn/zhengwuxinxi/caizhengxinwen/,,碳排放权交易与排污许可制度在监管对象上如何区分？ 请结合权威公开信息作答，并提示用户以经办机构或主管部门最新规定为准。,pl_glm_47_flashx,,,glm_4.7_flashx_auto_v2,medium,,ps-024,medium
,,glm_batch_v2,public service,,GLM-4.7-flashx v2 auto-generated response. Latency: 28.57s. Response length: 441 chars.,,https://www.nhc.gov.cn/,,生态保护红线内允许的人类活动类型有哪些概括性限制？ 请结合权威公开信息作答，并提示用户以经办机构或主管部门最新规定为准。,pl_glm_47_flashx,,,glm_4.7_flashx_auto_v2,medium,,ps-025,medium
,,glm_batch_flashx,enterprise support,,GLM glm-4.7-flashx auto-generated response. Latency: 12.47s. Response length: 286 chars. Run: glm_batch_flashx,,https://www.chinatax.gov.cn/,,研发费用加计扣除政策享受中，留存备查资料一般应包含哪些类别？ 请提示企业以税务机关、监管机关及合同文本为准，避免替代专业审计或法律意见。,pl_glm_47_flashx,,,glm_glm-4_7-flashx_auto,medium,,es-001,medium
,,glm_batch_flashx,enterprise support,,GLM glm-4.7-flashx auto-generated response. Latency: 24.24s. Response length: 247 chars. Run: glm_batch_flashx,,https://www.chinatax.gov.cn/chinatax/n810219/n810724/c5247328/content.html,,高新技术企业认定条件中，知识产权与研发费用的匹配性应如何理解？ 请提示企业以税务机关、监管机关及合同文本为准，避免替代专业审计或法律意见。,pl_glm_47_flashx,,,glm_glm-4_7-flashx_auto,medium,,es-002,medium
,,glm_batch_flashx,enterprise support,,GLM glm-4.7-flashx auto-generated response. Latency: 41.26s. Response length: 253 chars. Run: glm_batch_flashx,,https://www.samr.gov.cn/,,小型微利企业所得税优惠政策与资产总额、从业人数指标如何把握？ 请提示企业以税务机关、监管机关及合同文本为准，避免替代专业审计或法律意见。,pl_glm_47_flashx,,,glm_glm-4_7-flashx_auto,medium,,es-003,medium
,,glm_batch_flashx,enterprise support,,GLM glm-4.7-flashx auto-generated response. Latency: 18.21s. Response length: 310 chars. Run: glm_batch_flashx,,https://www.samr.gov.cn/zw/zwfb/,,增值税留抵退税政策适用行业与信用条件应如何向企业说明？ 请提示企业以税务机关、监管机关及合同文本为准，避免替代专业审计或法律意见。,pl_glm_47_flashx,,,glm_glm-4_7-flashx_auto,medium,,es-004,medium
,,glm_batch_flashx,enterprise support,,GLM glm-4.7-flashx auto-generated response. Latency: 21.60s. Response length: 429 chars. Run: glm_batch_flashx,,https://www.ndrc.gov.cn/,,电子发票全流程应用对企业内控与归档的影响要点？ 请提示企业以税务机关、监管机关及合同文本为准，避免替代专业审计或法律意见。,pl_glm_47_flashx,,,glm_glm-4_7-flashx_auto,medium,,es-005,medium
,,glm_batch_flashx,enterprise support,,GLM glm-4.7-flashx auto-generated response. Latency: 23.57s. Response length: 195 chars. Run: glm_batch_flashx,,https://www.ndrc.gov.cn/fggz/,,出口退税申报中“单证备案”目录与保存期限应如何提示企业？ 请提示企业以税务机关、监管机关及合同文本为准，避免替代专业审计或法律意见。,pl_glm_47_flashx,,,glm_glm-4_7-flashx_auto,medium,,es-006,medium
,,glm_batch_flashx,enterprise support,,GLM glm-4.7-flashx auto-generated response. Latency: 43.74s. Response length: 217 chars. Run: glm_batch_flashx,,https://www.mof.gov.cn/,,关联交易同期资料准备义务触发条件有哪些概括性表述？ 请提示企业以税务机关、监管机关及合同文本为准，避免替代专业审计或法律意见。,pl_glm_47_flashx,,,glm_glm-4_7-flashx_auto,medium,,es-007,medium
,,glm_batch_flashx,enterprise support,,GLM glm-4.7-flashx auto-generated response. Latency: 60.53s. Response length: 374 chars. Run: glm_batch_flashx,,https://www.mof.gov.cn/zhengwuxinxi/zhengcefabu/,,转让定价调查中可比公司筛选应注意哪些方法边界？ 请提示企业以税务机关、监管机关及合同文本为准，避免替代专业审计或法律意见。,pl_glm_47_flashx,,,glm_glm-4_7-flashx_auto,medium,,es-008,medium
,,glm_batch_flashx,enterprise support,,GLM glm-4.7-flashx auto-generated response. Latency: 45.00s. Response length: 0 chars. Run: glm_batch_flashx,,https://www.mee.gov.cn/,,企业合并重组特殊性税务处理的主要适用前提？ 请提示企业以税务机关、监管机关及合同文本为准，避免替代专业审计或法律意见。,pl_glm_47_flashx,,,glm_glm-4_7-flashx_auto,high,,es-009,medium
,,glm_batch_flashx,enterprise support,,GLM glm-4.7-flashx auto-generated response. Latency: 34.52s. Response length: 694 chars. Run: glm_batch_flashx,,https://www.customs.gov.cn/,,资产损失税前扣除申报方式与证据材料要求要点？ 请提示企业以税务机关、监管机关及合同文本为准，避免替代专业审计或法律意见。,pl_glm_47_flashx,,,glm_glm-4_7-flashx_auto,medium,,es-010,medium
,,glm_batch_flashx,enterprise support,,GLM glm-4.7-flashx auto-generated response. Latency: 27.92s. Response length: 0 chars. Run: glm_batch_flashx,,https://www.customs.gov.cn/customs/302249/zfxxgk/,,股权激励企业所得税递延纳税政策适用对象与条件？ 请提示企业以税务机关、监管机关及合同文本为准，避免替代专业审计或法律意见。,pl_glm_47_flashx,,,glm_glm-4_7-flashx_auto,medium,,es-011,medium
,,glm_batch_flashx,enterprise support,,GLM glm-4.7-flashx auto-generated response. Latency: 43.56s. Response length: 400 chars. Run: glm_batch_flashx,,https://www.cbirc.gov.cn/,,跨境服务增值税零税率与免税政策如何选择更稳妥？ 请提示企业以税务机关、监管机关及合同文本为准，避免替代专业审计或法律意见。,pl_glm_47_flashx,,,glm_glm-4_7-flashx_auto,medium,,es-012,medium
,,glm_batch_flashx,enterprise support,,GLM glm-4.7-flashx auto-generated response. Latency: 26.98s. Response length: 731 chars. Run: glm_batch_flashx,,https://www.cbirc.gov.cn/cn/view/pages/index/index.html,,对外支付税务备案与源泉扣缴义务衔接要点？ 请提示企业以税务机关、监管机关及合同文本为准，避免替代专业审计或法律意见。,pl_glm_47_flashx,,,glm_glm-4_7-flashx_auto,high,,es-013,medium
,,glm_batch_flashx,enterprise support,,GLM glm-4.7-flashx auto-generated response. Latency: 20.80s. Response length: 706 chars. Run: glm_batch_flashx,,https://www.csrc.gov.cn/,,税收协定受益所有人判定中的“实质重于形式”如何举例？ 请提示企业以税务机关、监管机关及合同文本为准，避免替代专业审计或法律意见。,pl_glm_47_flashx,,,glm_glm-4_7-flashx_auto,medium,,es-014,medium
,,glm_batch_flashx,enterprise support,,GLM glm-4.7-flashx auto-generated response. Latency: 23.53s. Response length: 219 chars. Run: glm_batch_flashx,,https://www.csrc.gov.cn/pub/newsite/,,一般反避税条款适用中“合理商业目的”应如何把握？ 请提示企业以税务机关、监管机关及合同文本为准，避免替代专业审计或法律意见。,pl_glm_47_flashx,,,glm_glm-4_7-flashx_auto,medium,,es-015,medium
,,glm_batch_flashx,enterprise support,,GLM glm-4.7-flashx auto-generated response. Latency: 29.54s. Response length: 212 chars. Run: glm_batch_flashx,,https://www.safe.gov.cn/,,反垄断经营者集中申报营业额计算口径要点？ 请提示企业以税务机关、监管机关及合同文本为准，避免替代专业审计或法律意见。,pl_glm_47_flashx,,,glm_glm-4_7-flashx_auto,high,,es-016,medium
,,glm_batch_flashx,enterprise support,,GLM glm-4.7-flashx auto-generated response. Latency: 20.92s. Response length: 145 chars. Run: glm_batch_flashx,,https://www.safe.gov.cn/safe/,,纵向垄断协议“安全港”规则适用应注意哪些边界？ 请提示企业以税务机关、监管机关及合同文本为准，避免替代专业审计或法律意见。,pl_glm_47_flashx,,,glm_glm-4_7-flashx_auto,medium,,es-017,medium
,,glm_batch_flashx,enterprise support,,GLM glm-4.7-flashx auto-generated response. Latency: 29.42s. Response length: 399 chars. Run: glm_batch_flashx,,https://www.ndrc.gov.cn/fggz/fzzlgh/,,滥用市场支配地位行为认定中相关市场界定方法？ 请提示企业以税务机关、监管机关及合同文本为准，避免替代专业审计或法律意见。,pl_glm_47_flashx,,,glm_glm-4_7-flashx_auto,medium,,es-018,medium
,,glm_batch_flashx,enterprise support,,GLM glm-4.7-flashx auto-generated response. Latency: 42.06s. Response length: 356 chars. Run: glm_batch_flashx,,https://www.samr.gov.cn/bw/,,公平竞争审查制度对地方政府招商引资条款的影响？ 请提示企业以税务机关、监管机关及合同文本为准，避免替代专业审计或法律意见。,pl_glm_47_flashx,,,glm_glm-4_7-flashx_auto,medium,,es-019,medium
,,glm_batch_flashx,enterprise support,,GLM glm-4.7-flashx auto-generated response. Latency: 63.86s. Response length: 916 chars. Run: glm_batch_flashx,,https://www.chinatax.gov.cn/chinatax/n810341/n810755/,,商业秘密保护行政执法与民事诉讼救济路径比较？ 请提示企业以税务机关、监管机关及合同文本为准，避免替代专业审计或法律意见。,pl_glm_47_flashx,,,glm_glm-4_7-flashx_auto,high,,es-020,medium
,,glm_batch_flashx,enterprise support,,GLM glm-4.7-flashx auto-generated response. Latency: 27.78s. Response length: 377 chars. Run: glm_batch_flashx,,https://www.miit.gov.cn/,,企业标准自我声明公开与强制性标准关系如何说明？ 请提示企业以税务机关、监管机关及合同文本为准，避免替代专业审计或法律意见。,pl_glm_47_flashx,,,glm_glm-4_7-flashx_auto,medium,,es-021,medium
,,glm_batch_flashx,enterprise support,,GLM glm-4.7-flashx auto-generated response. Latency: 56.25s. Response length: 315 chars. Run: glm_batch_flashx,,https://www.miit.gov.cn/gxsj/index.html,,强制性产品认证目录调整对企业合规的影响？ 请提示企业以税务机关、监管机关及合同文本为准，避免替代专业审计或法律意见。,pl_glm_47_flashx,,,glm_glm-4_7-flashx_auto,medium,,es-022,medium
,,glm_batch_flashx,enterprise support,,GLM glm-4.7-flashx auto-generated response. Latency: 22.39s. Response length: 205 chars. Run: glm_batch_flashx,,https://www.miit.gov.cn/zwgk/zcwj/wjfb/,,缺陷产品召回信息发布与消费者权益保护衔接？ 请提示企业以税务机关、监管机关及合同文本为准，避免替代专业审计或法律意见。,pl_glm_47_flashx,,,glm_glm-4_7-flashx_auto,medium,,es-023,medium
,,glm_batch_flashx,enterprise support,,GLM glm-4.7-flashx auto-generated response. Latency: 45.26s. Response length: 329 chars. Run: glm_batch_flashx,,https://www.mof.gov.cn/zhengwuxinxi/caizhengxinwen/,,价格监督检查中明码标价违法行为常见情形？ 请提示企业以税务机关、监管机关及合同文本为准，避免替代专业审计或法律意见。,pl_glm_47_flashx,,,glm_glm-4_7-flashx_auto,medium,,es-024,medium
,,glm_batch_flashx,enterprise support,,GLM glm-4.7-flashx auto-generated response. Latency: 24.69s. Response length: 155 chars. Run: glm_batch_flashx,,https://www.mee.gov.cn/ywgt/,,广告绝对化用语执法中的合理例外如何提示企业？ 请提示企业以税务机关、监管机关及合同文本为准，避免替代专业审计或法律意见。,pl_glm_47_flashx,,,glm_glm-4_7-flashx_auto,medium,,es-025,medium
,,glm_batch_flashx,enterprise support,,GLM glm-4.7-flashx auto-generated response. Latency: 39.57s. Response length: 236 chars. Run: glm_batch_flashx,,https://www.sac.gov.cn/,,互联网平台“二选一”行为反垄断风险点？ 请提示企业以税务机关、监管机关及合同文本为准，避免替代专业审计或法律意见。,pl_glm_47_flashx,,,glm_glm-4_7-flashx_auto,high,,es-026,medium
,,glm_batch_flashx,enterprise support,,GLM glm-4.7-flashx auto-generated response. Latency: 18.05s. Response length: 178 chars. Run: glm_batch_flashx,,https://www.cnca.gov.cn/,,数据造假骗取财政补贴可能涉及的法律责任类型？ 请提示企业以税务机关、监管机关及合同文本为准，避免替代专业审计或法律意见。,pl_glm_47_flashx,,,glm_glm-4_7-flashx_auto,medium,,es-027,medium
,,glm_batch_flashx,enterprise support,,GLM glm-4.7-flashx auto-generated response. Latency: 18.92s. Response length: 407 chars. Run: glm_batch_flashx,,https://www.stats.gov.cn/,,政府采购供应商资格条件设置的合规底线？ 请提示企业以税务机关、监管机关及合同文本为准，避免替代专业审计或法律意见。,pl_glm_47_flashx,,,glm_glm-4_7-flashx_auto,medium,,es-028,medium
,,glm_batch_flashx,enterprise support,,GLM glm-4.7-flashx auto-generated response. Latency: 20.75s. Response length: 384 chars. Run: glm_batch_flashx,,https://www.stats.gov.cn/tjsj/,,招标投标中串通投标认定要素应如何概括？ 请提示企业以税务机关、监管机关及合同文本为准，避免替代专业审计或法律意见。,pl_glm_47_flashx,,,glm_glm-4_7-flashx_auto,medium,,es-029,medium
,,glm_batch_flashx,enterprise support,,GLM glm-4.7-flashx auto-generated response. Latency: 17.68s. Response length: 165 chars. Run: glm_batch_flashx,,https://www.chinatax.gov.cn/chinatax/n810341/n810760/,,固定资产投资项目节能审查与环评批复在程序上的关系？ 请提示企业以税务机关、监管机关及合同文本为准，避免替代专业审计或法律意见。,pl_glm_47_flashx,,,glm_glm-4_7-flashx_auto,medium,,es-030,medium
,,glm_batch_flashx,enterprise support,,GLM glm-4.7-flashx auto-generated response. Latency: 18.78s. Response length: 453 chars. Run: glm_batch_flashx,,https://www.gov.cn/zhengce/zuixin/,,外商投资项目核准与备案管理适用范围要点？ 请提示企业以税务机关、监管机关及合同文本为准，避免替代专业审计或法律意见。,pl_glm_47_flashx,,,glm_glm-4_7-flashx_auto,medium,,es-031,medium
,,glm_batch_flashx,enterprise support,,GLM glm-4.7-flashx auto-generated response. Latency: 56.10s. Response length: 571 chars. Run: glm_batch_flashx,,https://www.chinatax.gov.cn/,,企业债券注册制下信息披露义务人责任边界？ 请提示企业以税务机关、监管机关及合同文本为准，避免替代专业审计或法律意见。,pl_glm_47_flashx,,,glm_glm-4_7-flashx_auto,medium,,es-032,medium
,,glm_batch_flashx,enterprise support,,GLM glm-4.7-flashx auto-generated response. Latency: 28.13s. Response length: 370 chars. Run: glm_batch_flashx,,https://www.chinatax.gov.cn/chinatax/n810219/n810724/c5247328/content.html,,上市公司重大资产重组停牌与复牌规则应关注哪些披露点？ 请提示企业以税务机关、监管机关及合同文本为准，避免替代专业审计或法律意见。,pl_glm_47_flashx,,,glm_glm-4_7-flashx_auto,medium,,es-033,medium
,,glm_batch_flashx,enterprise support,,GLM glm-4.7-flashx auto-generated response. Latency: 32.96s. Response length: 663 chars. Run: glm_batch_flashx,,https://www.samr.gov.cn/,,内幕信息知情人登记管理制度的落地要点？ 请提示企业以税务机关、监管机关及合同文本为准，避免替代专业审计或法律意见。,pl_glm_47_flashx,,,glm_glm-4_7-flashx_auto,high,,es-034,medium
,,glm_batch_flashx,enterprise support,,GLM glm-4.7-flashx auto-generated response. Latency: 34.10s. Response length: 356 chars. Run: glm_batch_flashx,,https://www.samr.gov.cn/zw/zwfb/,,上市公司年报中“重要事项”章节通常涵盖哪些主题？ 请提示企业以税务机关、监管机关及合同文本为准，避免替代专业审计或法律意见。,pl_glm_47_flashx,,,glm_glm-4_7-flashx_auto,medium,,es-035,medium
,,glm_batch_flashx,enterprise support,,GLM glm-4.7-flashx auto-generated response. Latency: 11.30s. Response length: 278 chars. Run: glm_batch_flashx,,https://www.ndrc.gov.cn/,,环境信息披露管理办法对重点排污单位的要求？ 请提示企业以税务机关、监管机关及合同文本为准，避免替代专业审计或法律意见。,pl_glm_47_flashx,,,glm_glm-4_7-flashx_auto,medium,,es-036,medium
,,glm_batch_flashx,enterprise support,,GLM glm-4.7-flashx auto-generated response. Latency: 38.28s. Response length: 321 chars. Run: glm_batch_flashx,,https://www.ndrc.gov.cn/fggz/,,排污许可证变更与重新申请触发情形？ 请提示企业以税务机关、监管机关及合同文本为准，避免替代专业审计或法律意见。,pl_glm_47_flashx,,,glm_glm-4_7-flashx_auto,medium,,es-037,medium
,,glm_batch_flashx,enterprise support,,GLM glm-4.7-flashx auto-generated response. Latency: 82.80s. Response length: 253 chars. Run: glm_batch_flashx,,https://www.mof.gov.cn/,,碳排放配额清缴履约与抵销机制如何向企业解释？ 请提示企业以税务机关、监管机关及合同文本为准，避免替代专业审计或法律意见。,pl_glm_47_flashx,,,glm_glm-4_7-flashx_auto,medium,,es-038,medium
,,glm_batch_flashx,enterprise support,,GLM glm-4.7-flashx auto-generated response. Latency: 21.36s. Response length: 203 chars. Run: glm_batch_flashx,,https://www.mof.gov.cn/zhengwuxinxi/zhengcefabu/,,清洁生产审核强制性企业名单确定程序要点？ 请提示企业以税务机关、监管机关及合同文本为准，避免替代专业审计或法律意见。,pl_glm_47_flashx,,,glm_glm-4_7-flashx_auto,medium,,es-039,medium
,,glm_batch_flashx,enterprise support,,GLM glm-4.7-flashx auto-generated response. Latency: 43.01s. Response length: 227 chars. Run: glm_batch_flashx,,https://www.mee.gov.cn/,,工业产品生产许可证制度改革后监管重点转移？ 请提示企业以税务机关、监管机关及合同文本为准，避免替代专业审计或法律意见。,pl_glm_47_flashx,,,glm_glm-4_7-flashx_auto,medium,,es-040,medium
,,glm_batch_flashx,enterprise support,,GLM glm-4.7-flashx auto-generated response. Latency: 20.09s. Response length: 539 chars. Run: glm_batch_flashx,,https://www.customs.gov.cn/,,计量器具型式批准与检定校准关系？ 请提示企业以税务机关、监管机关及合同文本为准，避免替代专业审计或法律意见。,pl_glm_47_flashx,,,glm_glm-4_7-flashx_auto,medium,,es-041,medium
,,glm_batch_flashx,enterprise support,,GLM glm-4.7-flashx auto-generated response. Latency: 17.43s. Response length: 579 chars. Run: glm_batch_flashx,,https://www.customs.gov.cn/customs/302249/zfxxgk/,,标准化试点示范项目申报常见材料清单？ 请提示企业以税务机关、监管机关及合同文本为准，避免替代专业审计或法律意见。,pl_glm_47_flashx,,,glm_glm-4_7-flashx_auto,medium,,es-042,medium
,,glm_batch_flashx,enterprise support,,GLM glm-4.7-flashx auto-generated response. Latency: 29.20s. Response length: 309 chars. Run: glm_batch_flashx,,https://www.cbirc.gov.cn/,,国家质量基础设施（NQI）对企业质量提升的含义？ 请提示企业以税务机关、监管机关及合同文本为准，避免替代专业审计或法律意见。,pl_glm_47_flashx,,,glm_glm-4_7-flashx_auto,medium,,es-043,medium
,,glm_batch_flashx,enterprise support,,GLM glm-4.7-flashx auto-generated response. Latency: 45.52s. Response length: 263 chars. Run: glm_batch_flashx,,https://www.cbirc.gov.cn/cn/view/pages/index/index.html,,工业互联网标识解析二级节点建设对企业的作用？ 请提示企业以税务机关、监管机关及合同文本为准，避免替代专业审计或法律意见。,pl_glm_47_flashx,,,glm_glm-4_7-flashx_auto,medium,,es-044,medium
,,glm_batch_flashx,enterprise support,,GLM glm-4.7-flashx auto-generated response. Latency: 37.55s. Response length: 258 chars. Run: glm_batch_flashx,,https://www.csrc.gov.cn/,,关键软件产品首版次保险补偿机制政策意图？ 请提示企业以税务机关、监管机关及合同文本为准，避免替代专业审计或法律意见。,pl_glm_47_flashx,,,glm_glm-4_7-flashx_auto,medium,,es-045,medium
,,glm_batch_flashx,enterprise support,,GLM glm-4.7-flashx auto-generated response. Latency: 21.21s. Response length: 660 chars. Run: glm_batch_flashx,,https://www.csrc.gov.cn/pub/newsite/,,首台（套）重大技术装备保险补偿项目申报要点？ 请提示企业以税务机关、监管机关及合同文本为准，避免替代专业审计或法律意见。,pl_glm_47_flashx,,,glm_glm-4_7-flashx_auto,medium,,es-046,medium
,,glm_batch_flashx,enterprise support,,GLM glm-4.7-flashx auto-generated response. Latency: 14.55s. Response length: 249 chars. Run: glm_batch_flashx,,https://www.safe.gov.cn/,,制造业单项冠军企业培育评价指标方向性描述？ 请提示企业以税务机关、监管机关及合同文本为准，避免替代专业审计或法律意见。,pl_glm_47_flashx,,,glm_glm-4_7-flashx_auto,medium,,es-047,medium
,,glm_batch_flashx,enterprise support,,GLM glm-4.7-flashx auto-generated response. Latency: 26.80s. Response length: 372 chars. Run: glm_batch_flashx,,https://www.safe.gov.cn/safe/,,专精特新“小巨人”企业复核常见问题？ 请提示企业以税务机关、监管机关及合同文本为准，避免替代专业审计或法律意见。,pl_glm_47_flashx,,,glm_glm-4_7-flashx_auto,medium,,es-048,medium
,,glm_batch_flashx,enterprise support,,GLM glm-4.7-flashx auto-generated response. Latency: 36.79s. Response length: 474 chars. Run: glm_batch_flashx,,https://www.ndrc.gov.cn/fggz/fzzlgh/,,工业设计中心认定对知识产权与人才指标要求？ 请提示企业以税务机关、监管机关及合同文本为准，避免替代专业审计或法律意见。,pl_glm_47_flashx,,,glm_glm-4_7-flashx_auto,medium,,es-049,medium
,,glm_batch_flashx,enterprise support,,GLM glm-4.7-flashx auto-generated response. Latency: 19.66s. Response length: 285 chars. Run: glm_batch_flashx,,https://www.samr.gov.cn/bw/,,智能制造能力成熟度评估等级含义应如何向企业解释？ 请提示企业以税务机关、监管机关及合同文本为准，避免替代专业审计或法律意见。,pl_glm_47_flashx,,,glm_glm-4_7-flashx_auto,medium,,es-050,medium
,,glm_batch_flashx,enterprise support,,GLM glm-4.7-flashx auto-generated response. Latency: 22.01s. Response length: 279 chars. Run: glm_batch_flashx,,https://www.chinatax.gov.cn/chinatax/n810341/n810755/,,工业互联网平台互联互通标准对企业集成的意义？ 请提示企业以税务机关、监管机关及合同文本为准，避免替代专业审计或法律意见。,pl_glm_47_flashx,,,glm_glm-4_7-flashx_auto,medium,,es-051,medium
,,glm_batch_flashx,enterprise support,,GLM glm-4.7-flashx auto-generated response. Latency: 31.43s. Response length: 388 chars. Run: glm_batch_flashx,,https://www.miit.gov.cn/,,产业链供应链韧性提升政策工具箱可包含哪些类型措施？ 请提示企业以税务机关、监管机关及合同文本为准，避免替代专业审计或法律意见。,pl_glm_47_flashx,,,glm_glm-4_7-flashx_auto,medium,,es-052,medium
,,glm_batch_flashx,enterprise support,,GLM glm-4.7-flashx auto-generated response. Latency: 20.64s. Response length: 989 chars. Run: glm_batch_flashx,,https://www.miit.gov.cn/gxsj/index.html,,重大技术装备攻关工程组织方式与产学研协同要点？ 请提示企业以税务机关、监管机关及合同文本为准，避免替代专业审计或法律意见。,pl_glm_47_flashx,,,glm_glm-4_7-flashx_auto,medium,,es-053,medium
,,glm_batch_flashx,enterprise support,,GLM glm-4.7-flashx auto-generated response. Latency: 24.60s. Response length: 837 chars. Run: glm_batch_flashx,,https://www.miit.gov.cn/zwgk/zcwj/wjfb/,,制造业数字化转型中数据主权的合同条款关注点？ 请提示企业以税务机关、监管机关及合同文本为准，避免替代专业审计或法律意见。,pl_glm_47_flashx,,,glm_glm-4_7-flashx_auto,medium,,es-054,medium
,,glm_batch_flashx,enterprise support,,GLM glm-4.7-flashx auto-generated response. Latency: 12.07s. Response length: 286 chars. Run: glm_batch_flashx,,https://www.mof.gov.cn/zhengwuxinxi/caizhengxinwen/,,绿色工厂评价与绿色产品认证关系？ 请提示企业以税务机关、监管机关及合同文本为准，避免替代专业审计或法律意见。,pl_glm_47_flashx,,,glm_glm-4_7-flashx_auto,medium,,es-055,medium
,,glm_batch_flashx,enterprise support,,GLM glm-4.7-flashx auto-generated response. Latency: 31.41s. Response length: 286 chars. Run: glm_batch_flashx,,https://www.mee.gov.cn/ywgt/,,工业节能监察中单位产品能耗限额标准适用？ 请提示企业以税务机关、监管机关及合同文本为准，避免替代专业审计或法律意见。,pl_glm_47_flashx,,,glm_glm-4_7-flashx_auto,medium,,es-056,medium
,,glm_batch_flashx,enterprise support,,GLM glm-4.7-flashx auto-generated response. Latency: 37.08s. Response length: 803 chars. Run: glm_batch_flashx,,https://www.sac.gov.cn/,,淘汰落后产能工作验收资料准备要点？ 请提示企业以税务机关、监管机关及合同文本为准，避免替代专业审计或法律意见。,pl_glm_47_flashx,,,glm_glm-4_7-flashx_auto,medium,,es-057,medium
,,glm_batch_flashx,enterprise support,,GLM glm-4.7-flashx auto-generated response. Latency: 38.80s. Response length: 557 chars. Run: glm_batch_flashx,,https://www.cnca.gov.cn/,,技改贴息贷款项目申报与绩效目标设置？ 请提示企业以税务机关、监管机关及合同文本为准，避免替代专业审计或法律意见。,pl_glm_47_flashx,,,glm_glm-4_7-flashx_auto,medium,,es-058,medium
,,glm_batch_flashx,enterprise support,,GLM glm-4.7-flashx auto-generated response. Latency: 25.49s. Response length: 226 chars. Run: glm_batch_flashx,,https://www.stats.gov.cn/,,产业基础再造工程支持领域概括？ 请提示企业以税务机关、监管机关及合同文本为准，避免替代专业审计或法律意见。,pl_glm_47_flashx,,,glm_glm-4_7-flashx_auto,medium,,es-059,medium
,,glm_batch_flashx,enterprise support,,GLM glm-4.7-flashx auto-generated response. Latency: 18.71s. Response length: 859 chars. Run: glm_batch_flashx,,https://www.stats.gov.cn/tjsj/,,国家制造业创新中心建设运行评价要点？ 请提示企业以税务机关、监管机关及合同文本为准，避免替代专业审计或法律意见。,pl_glm_47_flashx,,,glm_glm-4_7-flashx_auto,medium,,es-060,medium
,,glm_batch_flashx,enterprise support,,GLM glm-4.7-flashx auto-generated response. Latency: 12.30s. Response length: 283 chars. Run: glm_batch_flashx,,https://www.chinatax.gov.cn/chinatax/n810341/n810760/,,企业技术中心认定与创新投入指标关系？ 请提示企业以税务机关、监管机关及合同文本为准，避免替代专业审计或法律意见。,pl_glm_47_flashx,,,glm_glm-4_7-flashx_auto,medium,,es-061,medium
,,glm_batch_flashx,enterprise support,,GLM glm-4.7-flashx auto-generated response. Latency: 27.33s. Response length: 745 chars. Run: glm_batch_flashx,,https://www.gov.cn/zhengce/zuixin/,,工业设计赋能制造业高质量发展案例归纳维度？ 请提示企业以税务机关、监管机关及合同文本为准，避免替代专业审计或法律意见。,pl_glm_47_flashx,,,glm_glm-4_7-flashx_auto,medium,,es-062,medium
,,glm_batch_flashx,enterprise support,,GLM glm-4.7-flashx auto-generated response. Latency: 11.57s. Response length: 99 chars. Run: glm_batch_flashx,,https://www.chinatax.gov.cn/,,服务型制造示范企业遴选关注的服务收入占比？ 请提示企业以税务机关、监管机关及合同文本为准，避免替代专业审计或法律意见。,pl_glm_47_flashx,,,glm_glm-4_7-flashx_auto,medium,,es-063,medium
,,glm_batch_flashx,enterprise support,,GLM glm-4.7-flashx auto-generated response. Latency: 20.50s. Response length: 713 chars. Run: glm_batch_flashx,,https://www.chinatax.gov.cn/chinatax/n810219/n810724/c5247328/content.html,,制造业质量管理数字化典型场景？ 请提示企业以税务机关、监管机关及合同文本为准，避免替代专业审计或法律意见。,pl_glm_47_flashx,,,glm_glm-4_7-flashx_auto,medium,,es-064,medium
,,glm_batch_flashx,enterprise support,,GLM glm-4.7-flashx auto-generated response. Latency: 34.68s. Response length: 319 chars. Run: glm_batch_flashx,,https://www.samr.gov.cn/,,供应链创新与应用试点终期验收关注点？ 请提示企业以税务机关、监管机关及合同文本为准，避免替代专业审计或法律意见。,pl_glm_47_flashx,,,glm_glm-4_7-flashx_auto,medium,,es-065,medium
,,glm_batch_flashx,enterprise support,,GLM glm-4.7-flashx auto-generated response. Latency: 35.06s. Response length: 811 chars. Run: glm_batch_flashx,,https://www.samr.gov.cn/zw/zwfb/,,先进制造业集群竞赛性遴选答辩常见问题？ 请提示企业以税务机关、监管机关及合同文本为准，避免替代专业审计或法律意见。,pl_glm_47_flashx,,,glm_glm-4_7-flashx_auto,medium,,es-066,medium
,,glm_batch_flashx,enterprise support,,GLM glm-4.7-flashx auto-generated response. Latency: 27.11s. Response length: 408 chars. Run: glm_batch_flashx,,https://www.ndrc.gov.cn/,,制造业人才支持计划与职称评审衔接？ 请提示企业以税务机关、监管机关及合同文本为准，避免替代专业审计或法律意见。,pl_glm_47_flashx,,,glm_glm-4_7-flashx_auto,medium,,es-067,medium
,,glm_batch_flashx,enterprise support,,GLM glm-4.7-flashx auto-generated response. Latency: 30.66s. Response length: 327 chars. Run: glm_batch_flashx,,https://www.ndrc.gov.cn/fggz/,,产教融合型企业建设培育入库条件？ 请提示企业以税务机关、监管机关及合同文本为准，避免替代专业审计或法律意见。,pl_glm_47_flashx,,,glm_glm-4_7-flashx_auto,medium,,es-068,medium
,,glm_batch_flashx,enterprise support,,GLM glm-4.7-flashx auto-generated response. Latency: 23.44s. Response length: 659 chars. Run: glm_batch_flashx,,https://www.mof.gov.cn/,,制造业投融资对接活动中企业路演材料要点？ 请提示企业以税务机关、监管机关及合同文本为准，避免替代专业审计或法律意见。,pl_glm_47_flashx,,,glm_glm-4_7-flashx_auto,medium,,es-069,medium
,,glm_batch_flashx,enterprise support,,GLM glm-4.7-flashx auto-generated response. Latency: 23.39s. Response length: 335 chars. Run: glm_batch_flashx,,https://www.mof.gov.cn/zhengwuxinxi/zhengcefabu/,,工业企业技术改造和设备更新再贷款政策适用边界？ 请提示企业以税务机关、监管机关及合同文本为准，避免替代专业审计或法律意见。,pl_glm_47_flashx,,,glm_glm-4_7-flashx_auto,medium,,es-070,medium
,,glm_batch_flashx,manufacturing,,GLM glm-4.7-flashx auto-generated response. Latency: 24.24s. Response length: 858 chars. Run: glm_batch_flashx,,https://www.mem.gov.cn/,,危险化学品企业动火作业分级管理与审批要点有哪些？,pl_glm_47_flashx,,,glm_glm-4_7-flashx_auto,high,,mfg-001,medium
,,glm_batch_flashx,manufacturing,,GLM glm-4.7-flashx auto-generated response. Latency: 37.69s. Response length: 781 chars. Run: glm_batch_flashx,,https://www.mem.gov.cn/yw/zdgz/ajfb/,,粉尘爆炸危险场所电气防爆与除尘系统维护要点？,pl_glm_47_flashx,,,glm_glm-4_7-flashx_auto,high,,mfg-002,medium
,,glm_batch_flashx,manufacturing,,GLM glm-4.7-flashx auto-generated response. Latency: 38.34s. Response length: 641 chars. Run: glm_batch_flashx,,https://www.mem.gov.cn/yw/zdgz/yjgl/,,有限空间作业“先通风、再检测、后作业”应如何组织落实？,pl_glm_47_flashx,,,glm_glm-4_7-flashx_auto,high,,mfg-003,medium
,,glm_batch_flashx,manufacturing,,GLM glm-4.7-flashx auto-generated response. Latency: 25.00s. Response length: 678 chars. Run: glm_batch_flashx,,https://www.chinasafety.gov.cn/,,高处作业安全带系挂点选择与临边防护设置要点？,pl_glm_47_flashx,,,glm_glm-4_7-flashx_auto,high,,mfg-004,medium
,,glm_batch_flashx,manufacturing,,GLM glm-4.7-flashx auto-generated response. Latency: 28.82s. Response length: 456 chars. Run: glm_batch_flashx,,https://www.gov.cn/zhengce/zuixin/,,起重机械日常点检中钢丝绳与制动器检查要点？,pl_glm_47_flashx,,,glm_glm-4_7-flashx_auto,high,,mfg-005,medium
,,glm_batch_flashx,manufacturing,,GLM glm-4.7-flashx auto-generated response. Latency: 21.47s. Response length: 794 chars. Run: glm_batch_flashx,,https://www.samr.gov.cn/,,压力容器年度检查与定期检验在内容上如何区分？,pl_glm_47_flashx,,,glm_glm-4_7-flashx_auto,high,,mfg-006,medium
,,glm_batch_flashx,manufacturing,,GLM glm-4.7-flashx auto-generated response. Latency: 63.81s. Response length: 1047 chars. Run: glm_batch_flashx,,https://www.mee.gov.cn/,,锅炉运行中水位异常与汽水共腾的应急处置思路？,pl_glm_47_flashx,,,glm_glm-4_7-flashx_auto,high,,mfg-007,medium
,,glm_batch_flashx,public service,,GLM glm-4.7-flashx auto-generated response. Latency: 26.97s. Response length: 795 chars. Run: glm_batch_flashx,,https://www.gov.cn/gongbao/2025/issue_12266/202509/content_7039598.html,,职工基本医疗保险参保人员办理异地就医备案前，应核对哪些关键信息与材料？ 请结合权威公开信息作答，并提示用户以经办机构或主管部门最新规定为准。,pl_glm_47_flashx,,,glm_glm-4_7-flashx_auto,medium,,ps-001,medium
,,glm_batch_flashx,public service,,GLM glm-4.7-flashx auto-generated response. Latency: 25.42s. Response length: 760 chars. Run: glm_batch_flashx,,https://www.nhsa.gov.cn/col/col114/index.html,,城乡居民医保参保缴费期与待遇享受期衔接，应注意哪些常见误区？ 请结合权威公开信息作答，并提示用户以经办机构或主管部门最新规定为准。,pl_glm_47_flashx,,,glm_glm-4_7-flashx_auto,medium,,ps-002,medium
,,glm_batch_pl_glm_47,public service,,GLM glm-4.7 auto-generated response. Latency: 50.74s. Response length: 1144 chars. Run: glm_batch_pl_glm_47,,https://www.nhsa.gov.cn/col/col105/index.html,,门诊慢特病资格认定与报销流程，一般包含哪些环节？ 请结合权威公开信息作答，并提示用户以经办机构或主管部门最新规定为准。,pl_glm_47,,,glm_glm-4_7_auto,medium,,ps-003,medium
,,glm_batch_flashx,public service,,GLM glm-4.7-flashx auto-generated response. Latency: 23.73s. Response length: 820 chars. Run: glm_batch_flashx,,https://www.nhsa.gov.cn/col/col105/index.html,,门诊慢特病资格认定与报销流程，一般包含哪些环节？ 请结合权威公开信息作答，并提示用户以经办机构或主管部门最新规定为准。,pl_glm_47_flashx,,,glm_glm-4_7-flashx_auto,medium,,ps-003,medium
,,glm_batch_pl_glm_47,public service,,GLM glm-4.7 auto-generated response. Latency: 31.06s. Response length: 985 chars. Run: glm_batch_pl_glm_47,,https://www.nhsa.gov.cn/col/col104/index.html,,生育保险待遇申领通常需要哪些证明材料与办理渠道？ 请结合权威公开信息作答，并提示用户以经办机构或主管部门最新规定为准。,pl_glm_47,,,glm_glm-4_7_auto,medium,,ps-004,medium
,,glm_batch_flashx,public service,,GLM glm-4.7-flashx auto-generated response. Latency: 20.33s. Response length: 408 chars. Run: glm_batch_flashx,,https://www.nhsa.gov.cn/col/col104/index.html,,生育保险待遇申领通常需要哪些证明材料与办理渠道？ 请结合权威公开信息作答，并提示用户以经办机构或主管部门最新规定为准。,pl_glm_47_flashx,,,glm_glm-4_7-flashx_auto,medium,,ps-004,medium
,,glm_batch_pl_glm_47,public service,,GLM glm-4.7 auto-generated response. Latency: 31.04s. Response length: 1575 chars. Run: glm_batch_pl_glm_47,,https://www.nhsa.gov.cn/col/col109/index.html,,医疗救助对象认定与“一站式”结算，政策要点有哪些？ 请结合权威公开信息作答，并提示用户以经办机构或主管部门最新规定为准。,pl_glm_47,,,glm_glm-4_7_auto,medium,,ps-005,medium
,,glm_batch_flashx,public service,,GLM glm-4.7-flashx auto-generated response. Latency: 25.32s. Response length: 483 chars. Run: glm_batch_flashx,,https://www.nhsa.gov.cn/col/col109/index.html,,医疗救助对象认定与“一站式”结算，政策要点有哪些？ 请结合权威公开信息作答，并提示用户以经办机构或主管部门最新规定为准。,pl_glm_47_flashx,,,glm_glm-4_7-flashx_auto,medium,,ps-005,medium
,,glm_batch_flashx,public service,,GLM glm-4.7-flashx auto-generated response. Latency: 19.41s. Response length: 291 chars. Run: glm_batch_flashx,,https://www.gov.cn/zhengce/zuixin/,,长期护理保险试点地区参保人如何了解本地待遇与评估流程？ 请结合权威公开信息作答，并提示用户以经办机构或主管部门最新规定为准。,pl_glm_47_flashx,,,glm_glm-4_7-flashx_auto,medium,,ps-006,medium
,,glm_batch_flashx,public service,,GLM glm-4.7-flashx auto-generated response. Latency: 24.11s. Response length: 336 chars. Run: glm_batch_flashx,,https://www.gov.cn/hudong/index.htm,,医保电子凭证与实体社保卡在就医结算中的关系如何理解？ 请结合权威公开信息作答，并提示用户以经办机构或主管部门最新规定为准。,pl_glm_47_flashx,,,glm_glm-4_7-flashx_auto,medium,,ps-007,medium
,,glm_batch_flashx,public service,,GLM glm-4.7-flashx auto-generated response. Latency: 19.44s. Response length: 362 chars. Run: glm_batch_flashx,,https://www.moe.gov.cn/jyb_xxgk/moe_1777/moe_1778/,,谈判药品“双通道”供药机制对参保患者意味着什么？ 请结合权威公开信息作答，并提示用户以经办机构或主管部门最新规定为准。,pl_glm_47_flashx,,,glm_glm-4_7-flashx_auto,medium,,ps-008,medium
,,glm_batch_pl_glm_47,public service,,GLM glm-4.7 auto-generated response. Latency: 30.29s. Response length: 941 chars. Run: glm_batch_pl_glm_47,,https://www.moe.gov.cn/jyb_xwfb/xw_fbbm/,,医保基金监管举报投诉渠道与受理范围一般包括哪些？ 请结合权威公开信息作答，并提示用户以经办机构或主管部门最新规定为准。,pl_glm_47,,,glm_glm-4_7_auto,medium,,ps-009,medium
,,glm_batch_flashx,public service,,GLM glm-4.7-flashx auto-generated response. Latency: 33.54s. Response length: 756 chars. Run: glm_batch_flashx,,https://www.moe.gov.cn/jyb_xwfb/xw_fbbm/,,医保基金监管举报投诉渠道与受理范围一般包括哪些？ 请结合权威公开信息作答，并提示用户以经办机构或主管部门最新规定为准。,pl_glm_47_flashx,,,glm_glm-4_7-flashx_auto,medium,,ps-009,medium
,,glm_batch_flashx,public service,,GLM glm-4.7-flashx auto-generated response. Latency: 41.96s. Response length: 656 chars. Run: glm_batch_flashx,,https://www.mem.gov.cn/,,跨省异地就医直接结算失败时，可按什么顺序自查原因？ 请结合权威公开信息作答，并提示用户以经办机构或主管部门最新规定为准。,pl_glm_47_flashx,,,glm_glm-4_7-flashx_auto,medium,,ps-010,medium
,,glm_batch_flashx,public service,,GLM glm-4.7-flashx auto-generated response. Latency: 22.69s. Response length: 322 chars. Run: glm_batch_flashx,,https://www.mem.gov.cn/yw/zdgz/ajfb/,,国家组织药品集中带量采购对参保人药费负担的影响应如何客观表述？ 请结合权威公开信息作答，并提示用户以经办机构或主管部门最新规定为准。,pl_glm_47_flashx,,,glm_glm-4_7-flashx_auto,medium,,ps-011,medium
,,glm_batch_pl_glm_47,public service,,GLM glm-4.7 auto-generated response. Latency: 27.02s. Response length: 1028 chars. Run: glm_batch_pl_glm_47,,https://www.samr.gov.cn/,,基本公共卫生服务与基本医疗服务在制度上如何区分？ 请结合权威公开信息作答，并提示用户以经办机构或主管部门最新规定为准。,pl_glm_47,,,glm_glm-4_7_auto,medium,,ps-012,medium
,,glm_batch_flashx,public service,,GLM glm-4.7-flashx auto-generated response. Latency: 17.99s. Response length: 791 chars. Run: glm_batch_flashx,,https://www.samr.gov.cn/,,基本公共卫生服务与基本医疗服务在制度上如何区分？ 请结合权威公开信息作答，并提示用户以经办机构或主管部门最新规定为准。,pl_glm_47_flashx,,,glm_glm-4_7-flashx_auto,medium,,ps-012,medium
,,glm_batch_pl_glm_47,public service,,GLM glm-4.7 auto-generated response. Latency: 27.67s. Response length: 879 chars. Run: glm_batch_pl_glm_47,,https://www.samr.gov.cn/zw/zwfb/,,传染病疫情信息报告与个人隐私保护之间如何把握平衡？ 请结合权威公开信息作答，并提示用户以经办机构或主管部门最新规定为准。,pl_glm_47,,,glm_glm-4_7_auto,medium,,ps-013,medium
,,glm_batch_flashx,public service,,GLM glm-4.7-flashx auto-generated response. Latency: 21.12s. Response length: 444 chars. Run: glm_batch_flashx,,https://www.samr.gov.cn/zw/zwfb/,,传染病疫情信息报告与个人隐私保护之间如何把握平衡？ 请结合权威公开信息作答，并提示用户以经办机构或主管部门最新规定为准。,pl_glm_47_flashx,,,glm_glm-4_7-flashx_auto,medium,,ps-013,medium
,,glm_batch_pl_glm_47,public service,,GLM glm-4.7 auto-generated response. Latency: 30.26s. Response length: 909 chars. Run: glm_batch_pl_glm_47,,https://www.mnr.gov.cn/,,学校传染病防控中家校协同的常见要点有哪些？ 请结合权威公开信息作答，并提示用户以经办机构或主管部门最新规定为准。,pl_glm_47,,,glm_glm-4_7_auto,medium,,ps-014,medium
,,glm_batch_flashx,public service,,GLM glm-4.7-flashx auto-generated response. Latency: 37.30s. Response length: 472 chars. Run: glm_batch_flashx,,https://www.mnr.gov.cn/,,学校传染病防控中家校协同的常见要点有哪些？ 请结合权威公开信息作答，并提示用户以经办机构或主管部门最新规定为准。,pl_glm_47_flashx,,,glm_glm-4_7-flashx_auto,medium,,ps-014,medium
,,glm_batch_pl_glm_47,public service,,GLM glm-4.7 auto-generated response. Latency: 50.92s. Response length: 1292 chars. Run: glm_batch_pl_glm_47,,https://www.mee.gov.cn/,,预防接种异常反应补偿与民事赔偿关系应如何向群众解释？ 请结合权威公开信息作答，并提示用户以经办机构或主管部门最新规定为准。,pl_glm_47,,,glm_glm-4_7_auto,medium,,ps-015,medium
,,glm_batch_flashx,public service,,GLM glm-4.7-flashx auto-generated response. Latency: 59.34s. Response length: 931 chars. Run: glm_batch_flashx,,https://www.mee.gov.cn/,,预防接种异常反应补偿与民事赔偿关系应如何向群众解释？ 请结合权威公开信息作答，并提示用户以经办机构或主管部门最新规定为准。,pl_glm_47_flashx,,,glm_glm-4_7-flashx_auto,medium,,ps-015,medium
,,glm_batch_flashx,public service,,GLM glm-4.7-flashx auto-generated response. Latency: 50.89s. Response length: 629 chars. Run: glm_batch_flashx,,https://www.mee.gov.cn/zcwj/gwywj/202508/t20250827_1126207.shtml,,精神卫生法框架下严重精神障碍患者服务管理要点是什么？ 请结合权威公开信息作答，并提示用户以经办机构或主管部门最新规定为准。,pl_glm_47_flashx,,,glm_glm-4_7-flashx_auto,medium,,ps-016,medium
,,glm_batch_flashx,public service,,GLM glm-4.7-flashx auto-generated response. Latency: 31.24s. Response length: 431 chars. Run: glm_batch_flashx,,https://www.mca.gov.cn/,,突发公共卫生事件分级响应启动后，社区可承担哪些配合工作？ 请结合权威公开信息作答，并提示用户以经办机构或主管部门最新规定为准。,pl_glm_47_flashx,,,glm_glm-4_7-flashx_auto,medium,,ps-017,medium
,,glm_batch_pl_glm_47,public service,,GLM glm-4.7 auto-generated response. Latency: 53.16s. Response length: 862 chars. Run: glm_batch_pl_glm_47,,https://www.mca.gov.cn/n152/n165/c166/,,食品安全事故信息通报与舆情回应应注意哪些原则？ 请结合权威公开信息作答，并提示用户以经办机构或主管部门最新规定为准。,pl_glm_47,,,glm_glm-4_7_auto,high,,ps-018,medium
,,glm_batch_flashx,public service,,GLM glm-4.7-flashx auto-generated response. Latency: 44.12s. Response length: 474 chars. Run: glm_batch_flashx,,https://www.mca.gov.cn/n152/n165/c166/,,食品安全事故信息通报与舆情回应应注意哪些原则？ 请结合权威公开信息作答，并提示用户以经办机构或主管部门最新规定为准。,pl_glm_47_flashx,,,glm_glm-4_7-flashx_auto,high,,ps-018,medium
,,glm_batch_flashx,public service,,GLM glm-4.7-flashx auto-generated response. Latency: 40.95s. Response length: 475 chars. Run: glm_batch_flashx,,https://www.mohrss.gov.cn/SYrlzyhshbzk/,,饮用水水源保护区管理中的公众参与方式有哪些？ 请结合权威公开信息作答，并提示用户以经办机构或主管部门最新规定为准。,pl_glm_47_flashx,,,glm_glm-4_7-flashx_auto,medium,,ps-019,medium
,,glm_batch_pl_glm_47,public service,,GLM glm-4.7 auto-generated response. Latency: 37.87s. Response length: 1075 chars. Run: glm_batch_pl_glm_47,,https://www.mohrss.gov.cn/SYrlzyhshbzb/jycyz/,,噪声污染防治中“敏感建筑物集中区域”监管要点是什么？ 请结合权威公开信息作答，并提示用户以经办机构或主管部门最新规定为准。,pl_glm_47,,,glm_glm-4_7_auto,medium,,ps-020,medium
,,glm_batch_flashx,public service,,GLM glm-4.7-flashx auto-generated response. Latency: 93.73s. Response length: 382 chars. Run: glm_batch_flashx,,https://www.mohrss.gov.cn/SYrlzyhshbzb/jycyz/,,噪声污染防治中“敏感建筑物集中区域”监管要点是什么？ 请结合权威公开信息作答，并提示用户以经办机构或主管部门最新规定为准。,pl_glm_47_flashx,,,glm_glm-4_7-flashx_auto,medium,,ps-020,medium
,,glm_batch_pl_glm_47,public service,,GLM glm-4.7 auto-generated response. Latency: 20.74s. Response length: 820 chars. Run: glm_batch_pl_glm_47,,https://www.ndrc.gov.cn/,,生活垃圾分类投放、收集、运输的责任边界如何划分？ 请结合权威公开信息作答，并提示用户以经办机构或主管部门最新规定为准。,pl_glm_47,,,glm_glm-4_7_auto,medium,,ps-021,medium
,,glm_batch_flashx,public service,,GLM glm-4.7-flashx auto-generated response. Latency: 44.08s. Response length: 354 chars. Run: glm_batch_flashx,,https://www.ndrc.gov.cn/,,生活垃圾分类投放、收集、运输的责任边界如何划分？ 请结合权威公开信息作答，并提示用户以经办机构或主管部门最新规定为准。,pl_glm_47_flashx,,,glm_glm-4_7-flashx_auto,medium,,ps-021,medium
,,glm_batch_pl_glm_47,public service,,GLM glm-4.7 auto-generated response. Latency: 22.76s. Response length: 444 chars. Run: glm_batch_pl_glm_47,,https://www.ndrc.gov.cn/fggz/,,危险废物经营许可证制度对产废单位意味着什么？ 请结合权威公开信息作答，并提示用户以经办机构或主管部门最新规定为准。,pl_glm_47,,,glm_glm-4_7_auto,high,,ps-022,medium
,,glm_batch_flashx,public service,,GLM glm-4.7-flashx auto-generated response. Latency: 31.23s. Response length: 351 chars. Run: glm_batch_flashx,,https://www.ndrc.gov.cn/fggz/,,危险废物经营许可证制度对产废单位意味着什么？ 请结合权威公开信息作答，并提示用户以经办机构或主管部门最新规定为准。,pl_glm_47_flashx,,,glm_glm-4_7-flashx_auto,high,,ps-022,medium
,,glm_batch_pl_glm_47,public service,,GLM glm-4.7 auto-generated response. Latency: 24.62s. Response length: 626 chars. Run: glm_batch_pl_glm_47,,https://www.mof.gov.cn/,,土壤污染风险管控和修复活动中的信息公开要求有哪些？ 请结合权威公开信息作答，并提示用户以经办机构或主管部门最新规定为准。,pl_glm_47,,,glm_glm-4_7_auto,medium,,ps-023,medium
,,glm_batch_flashx,public service,,GLM glm-4.7-flashx auto-generated response. Latency: 79.65s. Response length: 631 chars. Run: glm_batch_flashx,,https://www.mof.gov.cn/,,土壤污染风险管控和修复活动中的信息公开要求有哪些？ 请结合权威公开信息作答，并提示用户以经办机构或主管部门最新规定为准。,pl_glm_47_flashx,,,glm_glm-4_7-flashx_auto,medium,,ps-023,medium
,,glm_batch_pl_glm_47,public service,,GLM glm-4.7 auto-generated response. Latency: 22.08s. Response length: 574 chars. Run: glm_batch_pl_glm_47,,https://www.mof.gov.cn/zhengwuxinxi/caizhengxinwen/,,碳排放权交易与排污许可制度在监管对象上如何区分？ 请结合权威公开信息作答，并提示用户以经办机构或主管部门最新规定为准。,pl_glm_47,,,glm_glm-4_7_auto,medium,,ps-024,medium
,,glm_batch_flashx,public service,,GLM glm-4.7-flashx auto-generated response. Latency: 30.58s. Response length: 520 chars. Run: glm_batch_flashx,,https://www.mof.gov.cn/zhengwuxinxi/caizhengxinwen/,,碳排放权交易与排污许可制度在监管对象上如何区分？ 请结合权威公开信息作答，并提示用户以经办机构或主管部门最新规定为准。,pl_glm_47_flashx,,,glm_glm-4_7-flashx_auto,medium,,ps-024,medium
,,glm_batch_flashx,public service,,GLM glm-4.7-flashx auto-generated response. Latency: 22.92s. Response length: 487 chars. Run: glm_batch_flashx,,https://www.nhc.gov.cn/,,生态保护红线内允许的人类活动类型有哪些概括性限制？ 请结合权威公开信息作答，并提示用户以经办机构或主管部门最新规定为准。,pl_glm_47_flashx,,,glm_glm-4_7-flashx_auto,medium,,ps-025,medium
,,glm_batch_pl_glm_47,public service,,GLM glm-4.7 auto-generated response. Latency: 30.57s. Response length: 660 chars. Run: glm_batch_pl_glm_47,,https://www.nhc.gov.cn/wjw/bmgz/,,海域使用论证与海洋环境影响评价在程序上如何衔接？ 请结合权威公开信息作答，并提示用户以经办机构或主管部门最新规定为准。,pl_glm_47,,,glm_glm-4_7_auto,medium,,ps-026,medium
,,glm_batch_flashx,public service,,GLM glm-4.7-flashx auto-generated response. Latency: 92.41s. Response length: 692 chars. Run: glm_batch_flashx,,https://www.nhc.gov.cn/wjw/bmgz/,,海域使用论证与海洋环境影响评价在程序上如何衔接？ 请结合权威公开信息作答，并提示用户以经办机构或主管部门最新规定为准。,pl_glm_47_flashx,,,glm_glm-4_7-flashx_auto,medium,,ps-026,medium
,,glm_batch_pl_glm_47,public service,,GLM glm-4.7 auto-generated response. Latency: 36.67s. Response length: 1393 chars. Run: glm_batch_pl_glm_47,,https://www.moj.gov.cn/,,养老机构备案与消防审验的常见合规要点有哪些？ 请结合权威公开信息作答，并提示用户以经办机构或主管部门最新规定为准。,pl_glm_47,,,glm_glm-4_7_auto,medium,,ps-027,medium
,,glm_batch_flashx,public service,,GLM glm-4.7-flashx auto-generated response. Latency: 65.41s. Response length: 1387 chars. Run: glm_batch_flashx,,https://www.moj.gov.cn/,,养老机构备案与消防审验的常见合规要点有哪些？ 请结合权威公开信息作答，并提示用户以经办机构或主管部门最新规定为准。,pl_glm_47_flashx,,,glm_glm-4_7-flashx_auto,medium,,ps-027,medium
,,glm_batch_pl_glm_47,public service,,GLM glm-4.7 auto-generated response. Latency: 21.87s. Response length: 474 chars. Run: glm_batch_pl_glm_47,,https://www.moj.gov.cn/pub/sfbgw/,,未成年人社会保护工作中强制报告制度的适用情形有哪些？ 请结合权威公开信息作答，并提示用户以经办机构或主管部门最新规定为准。,pl_glm_47,,,glm_glm-4_7_auto,medium,,ps-028,medium
,,glm_batch_flashx,public service,,GLM glm-4.7-flashx auto-generated response. Latency: 26.37s. Response length: 308 chars. Run: glm_batch_flashx,,https://www.moj.gov.cn/pub/sfbgw/,,未成年人社会保护工作中强制报告制度的适用情形有哪些？ 请结合权威公开信息作答，并提示用户以经办机构或主管部门最新规定为准。,pl_glm_47_flashx,,,glm_glm-4_7-flashx_auto,medium,,ps-028,medium
,,glm_batch_pl_glm_47,public service,,GLM glm-4.7 auto-generated response. Latency: 38.01s. Response length: 890 chars. Run: glm_batch_pl_glm_47,,https://www.mps.gov.cn/,,最低生活保障家庭经济状况核对应注意哪些隐私与准确性问题？ 请结合权威公开信息作答，并提示用户以经办机构或主管部门最新规定为准。,pl_glm_47,,,glm_glm-4_7_auto,medium,,ps-029,medium
,,glm_batch_flashx,public service,,GLM glm-4.7-flashx auto-generated response. Latency: 39.64s. Response length: 437 chars. Run: glm_batch_flashx,,https://www.mps.gov.cn/,,最低生活保障家庭经济状况核对应注意哪些隐私与准确性问题？ 请结合权威公开信息作答，并提示用户以经办机构或主管部门最新规定为准。,pl_glm_47_flashx,,,glm_glm-4_7-flashx_auto,medium,,ps-029,medium
,,glm_batch_flashx,public service,,GLM glm-4.7-flashx auto-generated response. Latency: 19.36s. Response length: 401 chars. Run: glm_batch_flashx,,https://www.mps.gov.cn/n2253534/n2253535/,,临时救助与低保在对象与给付方式上有何主要区别？ 请结合权威公开信息作答，并提示用户以经办机构或主管部门最新规定为准。,pl_glm_47_flashx,,,glm_glm-4_7-flashx_auto,medium,,ps-030,medium
,,glm_batch_pl_glm_47,public service,,GLM glm-4.7 auto-generated response. Latency: 28.08s. Response length: 727 chars. Run: glm_batch_pl_glm_47,,https://www.ccdi.gov.cn/,,特困人员供养与分散供养服务协议应关注哪些条款？ 请结合权威公开信息作答，并提示用户以经办机构或主管部门最新规定为准。,pl_glm_47,,,glm_glm-4_7_auto,medium,,ps-031,medium
,,glm_batch_flashx,public service,,GLM glm-4.7-flashx auto-generated response. Latency: 66.62s. Response length: 896 chars. Run: glm_batch_flashx,,https://www.ccdi.gov.cn/,,特困人员供养与分散供养服务协议应关注哪些条款？ 请结合权威公开信息作答，并提示用户以经办机构或主管部门最新规定为准。,pl_glm_47_flashx,,,glm_glm-4_7-flashx_auto,medium,,ps-031,medium
,,glm_batch_flashx,public service,,GLM glm-4.7-flashx auto-generated response. Latency: 20.64s. Response length: 453 chars. Run: glm_batch_flashx,,https://www.gov.cn/gongbao/2025/issue_12266/202509/content_7039598.html,,残疾人两项补贴资格认定与动态复核要点是什么？ 请结合权威公开信息作答，并提示用户以经办机构或主管部门最新规定为准。,pl_glm_47_flashx,,,glm_glm-4_7-flashx_auto,medium,,ps-032,medium
,,glm_batch_pl_glm_47,public service,,GLM glm-4.7 auto-generated response. Latency: 42.41s. Response length: 874 chars. Run: glm_batch_pl_glm_47,,https://www.nhsa.gov.cn/col/col114/index.html,,婚姻登记“跨省通办”试点中当事人材料准备要点有哪些？ 请结合权威公开信息作答，并提示用户以经办机构或主管部门最新规定为准。,pl_glm_47,,,glm_glm-4_7_auto,medium,,ps-033,medium
,,glm_batch_flashx,public service,,GLM glm-4.7-flashx auto-generated response. Latency: 41.93s. Response length: 278 chars. Run: glm_batch_flashx,,https://www.nhsa.gov.cn/col/col114/index.html,,婚姻登记“跨省通办”试点中当事人材料准备要点有哪些？ 请结合权威公开信息作答，并提示用户以经办机构或主管部门最新规定为准。,pl_glm_47_flashx,,,glm_glm-4_7-flashx_auto,medium,,ps-033,medium
,,glm_batch_pl_glm_47,public service,,GLM glm-4.7 auto-generated response. Latency: 32.56s. Response length: 0 chars. Run: glm_batch_pl_glm_47,,https://www.nhsa.gov.cn/col/col105/index.html,,收养登记评估与收养能力评估有何制度性区别？ 请结合权威公开信息作答，并提示用户以经办机构或主管部门最新规定为准。,pl_glm_47,,,glm_glm-4_7_auto,medium,,ps-034,medium
,,glm_batch_flashx,public service,,GLM glm-4.7-flashx auto-generated response. Latency: 114.00s. Response length: 561 chars. Run: glm_batch_flashx,,https://www.nhsa.gov.cn/col/col105/index.html,,收养登记评估与收养能力评估有何制度性区别？ 请结合权威公开信息作答，并提示用户以经办机构或主管部门最新规定为准。,pl_glm_47_flashx,,,glm_glm-4_7-flashx_auto,medium,,ps-034,medium
,,glm_batch_pl_glm_47,public service,,GLM glm-4.7 auto-generated response. Latency: 82.31s. Response length: 1300 chars. Run: glm_batch_pl_glm_47,,https://www.nhsa.gov.cn/col/col104/index.html,,慈善组织信息公开与募捐备案应关注哪些合规点？ 请结合权威公开信息作答，并提示用户以经办机构或主管部门最新规定为准。,pl_glm_47,,,glm_glm-4_7_auto,medium,,ps-035,medium
,,glm_batch_flashx,public service,,GLM glm-4.7-flashx auto-generated response. Latency: 93.13s. Response length: 967 chars. Run: glm_batch_flashx,,https://www.nhsa.gov.cn/col/col104/index.html,,慈善组织信息公开与募捐备案应关注哪些合规点？ 请结合权威公开信息作答，并提示用户以经办机构或主管部门最新规定为准。,pl_glm_47_flashx,,,glm_glm-4_7-flashx_auto,medium,,ps-035,medium
,,glm_batch_pl_glm_47,public service,,GLM glm-4.7 auto-generated response. Latency: 22.44s. Response length: 370 chars. Run: glm_batch_pl_glm_47,,https://www.nhsa.gov.cn/col/col109/index.html,,志愿服务记录与证明出具应遵循哪些基本要求？ 请结合权威公开信息作答，并提示用户以经办机构或主管部门最新规定为准。,pl_glm_47,,,glm_glm-4_7_auto,medium,,ps-036,medium
,,glm_batch_flashx,public service,,GLM glm-4.7-flashx auto-generated response. Latency: 26.20s. Response length: 306 chars. Run: glm_batch_flashx,,https://www.nhsa.gov.cn/col/col109/index.html,,志愿服务记录与证明出具应遵循哪些基本要求？ 请结合权威公开信息作答，并提示用户以经办机构或主管部门最新规定为准。,pl_glm_47_flashx,,,glm_glm-4_7-flashx_auto,medium,,ps-036,medium
,,glm_batch_flashx,public service,,GLM glm-4.7-flashx auto-generated response. Latency: 109.39s. Response length: 633 chars. Run: glm_batch_flashx,,https://www.gov.cn/zhengce/zuixin/,,行政区划变更公告后，证照与合同地址条款如何处理更稳妥？ 请结合权威公开信息作答，并提示用户以经办机构或主管部门最新规定为准。,pl_glm_47_flashx,,,glm_glm-4_7-flashx_auto,medium,,ps-037,medium
,,glm_batch_flashx,public service,,GLM glm-4.7-flashx auto-generated response. Latency: 33.68s. Response length: 500 chars. Run: glm_batch_flashx,,https://www.gov.cn/hudong/index.htm,,地名管理中对具有重要地理方位意义的名称命名更名程序要点？ 请结合权威公开信息作答，并提示用户以经办机构或主管部门最新规定为准。,pl_glm_47_flashx,,,glm_glm-4_7-flashx_auto,medium,,ps-038,medium
,,glm_batch_pl_glm_47,public service,,GLM glm-4.7 auto-generated response. Latency: 59.53s. Response length: 1100 chars. Run: glm_batch_pl_glm_47,,https://www.moe.gov.cn/jyb_xxgk/moe_1777/moe_1778/,,基层群众性自治组织与基层政府在社区治理中的职责边界？ 请结合权威公开信息作答，并提示用户以经办机构或主管部门最新规定为准。,pl_glm_47,,,glm_glm-4_7_auto,medium,,ps-039,medium
,,glm_batch_flashx,public service,,GLM glm-4.7-flashx auto-generated response. Latency: 61.73s. Response length: 877 chars. Run: glm_batch_flashx,,https://www.moe.gov.cn/jyb_xxgk/moe_1777/moe_1778/,,基层群众性自治组织与基层政府在社区治理中的职责边界？ 请结合权威公开信息作答，并提示用户以经办机构或主管部门最新规定为准。,pl_glm_47_flashx,,,glm_glm-4_7-flashx_auto,medium,,ps-039,medium
,,glm_batch_pl_glm_47,public service,,GLM glm-4.7 auto-generated response. Latency: 30.27s. Response length: 575 chars. Run: glm_batch_pl_glm_47,,https://www.moe.gov.cn/jyb_xwfb/xw_fbbm/,,信访事项受理与办理“三个到位”应如何向群众解释？ 请结合权威公开信息作答，并提示用户以经办机构或主管部门最新规定为准。,pl_glm_47,,,glm_glm-4_7_auto,medium,,ps-040,medium
,,glm_batch_flashx,public service,,GLM glm-4.7-flashx auto-generated response. Latency: 30.05s. Response length: 296 chars. Run: glm_batch_flashx,,https://www.moe.gov.cn/jyb_xwfb/xw_fbbm/,,信访事项受理与办理“三个到位”应如何向群众解释？ 请结合权威公开信息作答，并提示用户以经办机构或主管部门最新规定为准。,pl_glm_47_flashx,,,glm_glm-4_7-flashx_auto,medium,,ps-040,medium
,,glm_batch_flashx,public service,,GLM glm-4.7-flashx auto-generated response. Latency: 34.59s. Response length: 1392 chars. Run: glm_batch_flashx,,https://www.mem.gov.cn/,,行政复议与行政诉讼在救济路径选择上如何把握？ 请结合权威公开信息作答，并提示用户以经办机构或主管部门最新规定为准。,pl_glm_47_flashx,,,glm_glm-4_7-flashx_auto,high,,ps-041,medium
,,glm_batch_pl_glm_47,public service,,GLM glm-4.7 auto-generated response. Latency: 46.91s. Response length: 803 chars. Run: glm_batch_pl_glm_47,,https://www.mem.gov.cn/yw/zdgz/ajfb/,,政府信息公开申请中“三需要”原则应如何准确理解？ 请结合权威公开信息作答，并提示用户以经办机构或主管部门最新规定为准。,pl_glm_47,,,glm_glm-4_7_auto,medium,,ps-042,medium
,,glm_batch_flashx,public service,,GLM glm-4.7-flashx auto-generated response. Latency: 62.99s. Response length: 213 chars. Run: glm_batch_flashx,,https://www.mem.gov.cn/yw/zdgz/ajfb/,,政府信息公开申请中“三需要”原则应如何准确理解？ 请结合权威公开信息作答，并提示用户以经办机构或主管部门最新规定为准。,pl_glm_47_flashx,,,glm_glm-4_7-flashx_auto,medium,,ps-042,medium
,,glm_batch_pl_glm_47,public service,,GLM glm-4.7 auto-generated response. Latency: 25.02s. Response length: 1124 chars. Run: glm_batch_pl_glm_47,,https://www.samr.gov.cn/,,重大行政决策公众参与与专家论证如何组织更规范？ 请结合权威公开信息作答，并提示用户以经办机构或主管部门最新规定为准。,pl_glm_47,,,glm_glm-4_7_auto,medium,,ps-043,medium
,,glm_batch_flashx,public service,,GLM glm-4.7-flashx auto-generated response. Latency: 20.72s. Response length: 443 chars. Run: glm_batch_flashx,,https://www.samr.gov.cn/,,重大行政决策公众参与与专家论证如何组织更规范？ 请结合权威公开信息作答，并提示用户以经办机构或主管部门最新规定为准。,pl_glm_47_flashx,,,glm_glm-4_7-flashx_auto,medium,,ps-043,medium
,,glm_batch_pl_glm_47,public service,,GLM glm-4.7 auto-generated response. Latency: 44.64s. Response length: 875 chars. Run: glm_batch_pl_glm_47,,https://www.samr.gov.cn/zw/zwfb/,,行政执法公示制度中应重点公开哪些要素？ 请结合权威公开信息作答，并提示用户以经办机构或主管部门最新规定为准。,pl_glm_47,,,glm_glm-4_7_auto,medium,,ps-044,medium
,,glm_batch_flashx,public service,,GLM glm-4.7-flashx auto-generated response. Latency: 31.83s. Response length: 459 chars. Run: glm_batch_flashx,,https://www.samr.gov.cn/zw/zwfb/,,行政执法公示制度中应重点公开哪些要素？ 请结合权威公开信息作答，并提示用户以经办机构或主管部门最新规定为准。,pl_glm_47_flashx,,,glm_glm-4_7-flashx_auto,medium,,ps-044,medium
,,glm_batch_flashx,public service,,GLM glm-4.7-flashx auto-generated response. Latency: 44.06s. Response length: 313 chars. Run: glm_batch_flashx,,https://www.mnr.gov.cn/,,行政裁量权基准制定中如何听取市场主体意见？ 请结合权威公开信息作答，并提示用户以经办机构或主管部门最新规定为准。,pl_glm_47_flashx,,,glm_glm-4_7-flashx_auto,medium,,ps-045,medium
,,glm_batch_flashx,public service,,GLM glm-4.7-flashx auto-generated response. Latency: 23.63s. Response length: 945 chars. Run: glm_batch_flashx,,https://www.moj.gov.cn/,,外国人来华工作许可与居留许可衔接办理要点？ 请结合权威公开信息作答，并提示用户以经办机构或主管部门最新规定为准。,pl_glm_47_flashx,,,glm_glm-4_7-flashx_auto,medium,,ps-058,medium
,,glm_batch_flashx,public service,,GLM glm-4.7-flashx auto-generated response. Latency: 32.24s. Response length: 874 chars. Run: glm_batch_flashx,,https://www.moj.gov.cn/pub/sfbgw/,,领事保护与协助的启动条件与求助渠道有哪些？ 请结合权威公开信息作答，并提示用户以经办机构或主管部门最新规定为准。,pl_glm_47_flashx,,,glm_glm-4_7-flashx_auto,medium,,ps-059,medium
,,glm_batch_flashx,public service,,GLM glm-4.7-flashx auto-generated response. Latency: 22.58s. Response length: 715 chars. Run: glm_batch_flashx,,https://www.mps.gov.cn/,,国家安全教育进社区活动可设计哪些互动环节？ 请结合权威公开信息作答，并提示用户以经办机构或主管部门最新规定为准。,pl_glm_47_flashx,,,glm_glm-4_7-flashx_auto,medium,,ps-060,medium
,,glm_batch_flashx,public service,,GLM glm-4.7-flashx auto-generated response. Latency: 18.51s. Response length: 744 chars. Run: glm_batch_flashx,,https://www.mps.gov.cn/n2253534/n2253535/,,反间谍安全防范重点单位名录管理要点是什么？ 请结合权威公开信息作答，并提示用户以经办机构或主管部门最新规定为准。,pl_glm_47_flashx,,,glm_glm-4_7-flashx_auto,medium,,ps-061,medium
,,glm_batch_flashx,public service,,GLM glm-4.7-flashx auto-generated response. Latency: 36.56s. Response length: 902 chars. Run: glm_batch_flashx,,https://www.ccdi.gov.cn/,,数据出境安全评估与个人信息出境标准合同路径如何区分？ 请结合权威公开信息作答，并提示用户以经办机构或主管部门最新规定为准。,pl_glm_47_flashx,,,glm_glm-4_7-flashx_auto,medium,,ps-062,medium
,,glm_batch_flashx,public service,,GLM glm-4.7-flashx auto-generated response. Latency: 26.47s. Response length: 408 chars. Run: glm_batch_flashx,,https://www.gov.cn/gongbao/2025/issue_12266/202509/content_7039598.html,,关键信息基础设施认定对运营者的额外义务有哪些？ 请结合权威公开信息作答，并提示用户以经办机构或主管部门最新规定为准。,pl_glm_47_flashx,,,glm_glm-4_7-flashx_auto,medium,,ps-063,medium
,,glm_batch_flashx,public service,,GLM glm-4.7-flashx auto-generated response. Latency: 19.07s. Response length: 408 chars. Run: glm_batch_flashx,,https://www.nhsa.gov.cn/col/col114/index.html,,网络安全等级保护测评与商用密码应用安全性评估关系？ 请结合权威公开信息作答，并提示用户以经办机构或主管部门最新规定为准。,pl_glm_47_flashx,,,glm_glm-4_7-flashx_auto,medium,,ps-064,medium
,,glm_batch_flashx,public service,,GLM glm-4.7-flashx auto-generated response. Latency: 24.83s. Response length: 935 chars. Run: glm_batch_flashx,,https://www.nhsa.gov.cn/col/col105/index.html,,政务云服务商安全责任边界在合同中如何约定更稳妥？ 请结合权威公开信息作答，并提示用户以经办机构或主管部门最新规定为准。,pl_glm_47_flashx,,,glm_glm-4_7-flashx_auto,medium,,ps-065,medium
,,glm_batch_flashx,public service,,GLM glm-4.7-flashx auto-generated response. Latency: 37.88s. Response length: 643 chars. Run: glm_batch_flashx,,https://www.nhsa.gov.cn/col/col104/index.html,,重大活动网络安全保障工作方案通常包含哪些模块？ 请结合权威公开信息作答，并提示用户以经办机构或主管部门最新规定为准。,pl_glm_47_flashx,,,glm_glm-4_7-flashx_auto,medium,,ps-066,medium
,,glm_batch_flashx,public service,,GLM glm-4.7-flashx auto-generated response. Latency: 16.92s. Response length: 504 chars. Run: glm_batch_flashx,,https://www.nhsa.gov.cn/col/col109/index.html,,网络谣言治理中平台与监管部门的协同要点？ 请结合权威公开信息作答，并提示用户以经办机构或主管部门最新规定为准。,pl_glm_47_flashx,,,glm_glm-4_7-flashx_auto,medium,,ps-067,medium
,,glm_batch_flashx,public service,,GLM glm-4.7-flashx auto-generated response. Latency: 18.79s. Response length: 431 chars. Run: glm_batch_flashx,,https://www.gov.cn/zhengce/zuixin/,,未成年人网络保护中监护人指导责任如何落实？ 请结合权威公开信息作答，并提示用户以经办机构或主管部门最新规定为准。,pl_glm_47_flashx,,,glm_glm-4_7-flashx_auto,medium,,ps-068,medium
,,glm_batch_flashx,public service,,GLM glm-4.7-flashx auto-generated response. Latency: 31.15s. Response length: 553 chars. Run: glm_batch_flashx,,https://www.gov.cn/hudong/index.htm,,网络直播营销中商品信息披露的底线要求有哪些？ 请结合权威公开信息作答，并提示用户以经办机构或主管部门最新规定为准。,pl_glm_47_flashx,,,glm_glm-4_7-flashx_auto,medium,,ps-069,medium
,,glm_batch_flashx,public service,,GLM glm-4.7-flashx auto-generated response. Latency: 28.04s. Response length: 658 chars. Run: glm_batch_flashx,,https://www.moe.gov.cn/jyb_xxgk/moe_1777/moe_1778/,,算法推荐服务透明化与用户关闭权应如何向用户解释？ 请结合权威公开信息作答，并提示用户以经办机构或主管部门最新规定为准。,pl_glm_47_flashx,,,glm_glm-4_7-flashx_auto,medium,,ps-070,medium
,,glm_batch_flashx,public service,,GLM glm-4.7-flashx auto-generated response. Latency: 24.40s. Response length: 710 chars. Run: glm_batch_flashx,,https://www.samr.gov.cn/zw/zwfb/,,传染病疫情信息报告与个人隐私保护之间如何把握平衡？ 请结合权威公开信息作答，并提示用户以经办机构或主管部门最新规定为准。,pl_glm_47_flashx,,,glm_glm-4_7-flashx_auto,medium,,ps-013,medium
,,glm_batch_flashx,public service,,GLM glm-4.7-flashx auto-generated response. Latency: 17.32s. Response length: 430 chars. Run: glm_batch_flashx,,https://www.mnr.gov.cn/,,学校传染病防控中家校协同的常见要点有哪些？ 请结合权威公开信息作答，并提示用户以经办机构或主管部门最新规定为准。,pl_glm_47_flashx,,,glm_glm-4_7-flashx_auto,medium,,ps-014,medium
,,glm_batch_flashx,public service,,GLM glm-4.7-flashx auto-generated response. Latency: 22.04s. Response length: 594 chars. Run: glm_batch_flashx,,https://www.mee.gov.cn/,,预防接种异常反应补偿与民事赔偿关系应如何向群众解释？ 请结合权威公开信息作答，并提示用户以经办机构或主管部门最新规定为准。,pl_glm_47_flashx,,,glm_glm-4_7-flashx_auto,medium,,ps-015,medium
,,glm_batch_flashx,public service,,GLM glm-4.7-flashx auto-generated response. Latency: 32.65s. Response length: 574 chars. Run: glm_batch_flashx,,https://www.mee.gov.cn/zcwj/gwywj/202508/t20250827_1126207.shtml,,精神卫生法框架下严重精神障碍患者服务管理要点是什么？ 请结合权威公开信息作答，并提示用户以经办机构或主管部门最新规定为准。,pl_glm_47_flashx,,,glm_glm-4_7-flashx_auto,medium,,ps-016,medium
,,glm_batch_flashx,public service,,GLM glm-4.7-flashx auto-generated response. Latency: 24.72s. Response length: 452 chars. Run: glm_batch_flashx,,https://www.mca.gov.cn/,,突发公共卫生事件分级响应启动后，社区可承担哪些配合工作？ 请结合权威公开信息作答，并提示用户以经办机构或主管部门最新规定为准。,pl_glm_47_flashx,,,glm_glm-4_7-flashx_auto,medium,,ps-017,medium
,,glm_batch_flashx,public service,,GLM glm-4.7-flashx auto-generated response. Latency: 18.00s. Response length: 647 chars. Run: glm_batch_flashx,,https://www.mca.gov.cn/n152/n165/c166/,,食品安全事故信息通报与舆情回应应注意哪些原则？ 请结合权威公开信息作答，并提示用户以经办机构或主管部门最新规定为准。,pl_glm_47_flashx,,,glm_glm-4_7-flashx_auto,high,,ps-018,medium
,,glm_batch_flashx,public service,,GLM glm-4.7-flashx auto-generated response. Latency: 17.84s. Response length: 557 chars. Run: glm_batch_flashx,,https://www.mohrss.gov.cn/SYrlzyhshbzk/,,饮用水水源保护区管理中的公众参与方式有哪些？ 请结合权威公开信息作答，并提示用户以经办机构或主管部门最新规定为准。,pl_glm_47_flashx,,,glm_glm-4_7-flashx_auto,medium,,ps-019,medium
,,glm_batch_flashx,public service,,GLM glm-4.7-flashx auto-generated response. Latency: 29.93s. Response length: 346 chars. Run: glm_batch_flashx,,https://www.mohrss.gov.cn/SYrlzyhshbzb/jycyz/,,噪声污染防治中“敏感建筑物集中区域”监管要点是什么？ 请结合权威公开信息作答，并提示用户以经办机构或主管部门最新规定为准。,pl_glm_47_flashx,,,glm_glm-4_7-flashx_auto,medium,,ps-020,medium
,,glm_batch_flashx,public service,,GLM glm-4.7-flashx auto-generated response. Latency: 16.90s. Response length: 767 chars. Run: glm_batch_flashx,,https://www.ndrc.gov.cn/,,生活垃圾分类投放、收集、运输的责任边界如何划分？ 请结合权威公开信息作答，并提示用户以经办机构或主管部门最新规定为准。,pl_glm_47_flashx,,,glm_glm-4_7-flashx_auto,medium,,ps-021,medium
,,glm_batch_flashx,public service,,GLM glm-4.7-flashx auto-generated response. Latency: 17.10s. Response length: 370 chars. Run: glm_batch_flashx,,https://www.ndrc.gov.cn/fggz/,,危险废物经营许可证制度对产废单位意味着什么？ 请结合权威公开信息作答，并提示用户以经办机构或主管部门最新规定为准。,pl_glm_47_flashx,,,glm_glm-4_7-flashx_auto,high,,ps-022,medium
,,glm_batch_flashx,public service,,GLM glm-4.7-flashx auto-generated response. Latency: 38.13s. Response length: 1226 chars. Run: glm_batch_flashx,,https://www.mof.gov.cn/,,土壤污染风险管控和修复活动中的信息公开要求有哪些？ 请结合权威公开信息作答，并提示用户以经办机构或主管部门最新规定为准。,pl_glm_47_flashx,,,glm_glm-4_7-flashx_auto,medium,,ps-023,medium
,,glm_batch_flashx,public service,,GLM glm-4.7-flashx auto-generated response. Latency: 58.66s. Response length: 595 chars. Run: glm_batch_flashx,,https://www.mof.gov.cn/zhengwuxinxi/caizhengxinwen/,,碳排放权交易与排污许可制度在监管对象上如何区分？ 请结合权威公开信息作答，并提示用户以经办机构或主管部门最新规定为准。,pl_glm_47_flashx,,,glm_glm-4_7-flashx_auto,medium,,ps-024,medium
,,glm_batch_pl_glm_47,public service,,GLM glm-4.7 auto-generated response. Latency: 27.62s. Response length: 878 chars. Run: glm_batch_pl_glm_47,,https://www.nhc.gov.cn/,,生态保护红线内允许的人类活动类型有哪些概括性限制？ 请结合权威公开信息作答，并提示用户以经办机构或主管部门最新规定为准。,pl_glm_47,,,glm_glm-4_7_auto,medium,,ps-025,medium
,,glm_batch_flashx,public service,,GLM glm-4.7-flashx auto-generated response. Latency: 46.52s. Response length: 361 chars. Run: glm_batch_flashx,,https://www.nhc.gov.cn/,,生态保护红线内允许的人类活动类型有哪些概括性限制？ 请结合权威公开信息作答，并提示用户以经办机构或主管部门最新规定为准。,pl_glm_47_flashx,,,glm_glm-4_7-flashx_auto,medium,,ps-025,medium
,,glm_batch_pl_glm_47,public service,,GLM glm-4.7 auto-generated response. Latency: 65.55s. Response length: 1009 chars. Run: glm_batch_pl_glm_47,,https://www.nhc.gov.cn/wjw/bmgz/,,海域使用论证与海洋环境影响评价在程序上如何衔接？ 请结合权威公开信息作答，并提示用户以经办机构或主管部门最新规定为准。,pl_glm_47,,,glm_glm-4_7_auto,medium,,ps-026,medium
,,glm_batch_flashx,public service,,GLM glm-4.7-flashx auto-generated response. Latency: 30.18s. Response length: 878 chars. Run: glm_batch_flashx,,https://www.nhc.gov.cn/wjw/bmgz/,,海域使用论证与海洋环境影响评价在程序上如何衔接？ 请结合权威公开信息作答，并提示用户以经办机构或主管部门最新规定为准。,pl_glm_47_flashx,,,glm_glm-4_7-flashx_auto,medium,,ps-026,medium
,,glm_batch_pl_glm_47,public service,,GLM glm-4.7 auto-generated response. Latency: 74.27s. Response length: 1354 chars. Run: glm_batch_pl_glm_47,,https://www.moj.gov.cn/,,养老机构备案与消防审验的常见合规要点有哪些？ 请结合权威公开信息作答，并提示用户以经办机构或主管部门最新规定为准。,pl_glm_47,,,glm_glm-4_7_auto,medium,,ps-027,medium
,,glm_batch_flashx,public service,,GLM glm-4.7-flashx auto-generated response. Latency: 25.70s. Response length: 1302 chars. Run: glm_batch_flashx,,https://www.moj.gov.cn/,,养老机构备案与消防审验的常见合规要点有哪些？ 请结合权威公开信息作答，并提示用户以经办机构或主管部门最新规定为准。,pl_glm_47_flashx,,,glm_glm-4_7-flashx_auto,medium,,ps-027,medium
,,glm_batch_pl_glm_47,public service,,GLM glm-4.7 auto-generated response. Latency: 25.77s. Response length: 451 chars. Run: glm_batch_pl_glm_47,,https://www.moj.gov.cn/pub/sfbgw/,,未成年人社会保护工作中强制报告制度的适用情形有哪些？ 请结合权威公开信息作答，并提示用户以经办机构或主管部门最新规定为准。,pl_glm_47,,,glm_glm-4_7_auto,medium,,ps-028,medium
,,glm_batch_flashx,public service,,GLM glm-4.7-flashx auto-generated response. Latency: 40.66s. Response length: 566 chars. Run: glm_batch_flashx,,https://www.moj.gov.cn/pub/sfbgw/,,未成年人社会保护工作中强制报告制度的适用情形有哪些？ 请结合权威公开信息作答，并提示用户以经办机构或主管部门最新规定为准。,pl_glm_47_flashx,,,glm_glm-4_7-flashx_auto,medium,,ps-028,medium
,,glm_batch_flashx,public service,,GLM glm-4.7-flashx auto-generated response. Latency: 20.72s. Response length: 623 chars. Run: glm_batch_flashx,,https://www.nhsa.gov.cn/col/col114/index.html,,城乡居民医保参保缴费期与待遇享受期衔接，应注意哪些常见误区？ 请结合权威公开信息作答，并提示用户以经办机构或主管部门最新规定为准。,pl_glm_47_flashx,,,glm_glm-4_7-flashx_auto,medium,,ps-002,medium
,,glm_batch_flashx,public service,,GLM glm-4.7-flashx auto-generated response. Latency: 42.00s. Response length: 814 chars. Run: glm_batch_flashx,,https://www.nhsa.gov.cn/col/col105/index.html,,门诊慢特病资格认定与报销流程，一般包含哪些环节？ 请结合权威公开信息作答，并提示用户以经办机构或主管部门最新规定为准。,pl_glm_47_flashx,,,glm_glm-4_7-flashx_auto,medium,,ps-003,medium
,,glm_batch_flashx,public service,,GLM glm-4.7-flashx auto-generated response. Latency: 35.02s. Response length: 418 chars. Run: glm_batch_flashx,,https://www.nhsa.gov.cn/col/col104/index.html,,生育保险待遇申领通常需要哪些证明材料与办理渠道？ 请结合权威公开信息作答，并提示用户以经办机构或主管部门最新规定为准。,pl_glm_47_flashx,,,glm_glm-4_7-flashx_auto,medium,,ps-004,medium
,,glm_batch_flashx,public service,,GLM glm-4.7-flashx auto-generated response. Latency: 65.24s. Response length: 750 chars. Run: glm_batch_flashx,,https://www.nhsa.gov.cn/col/col109/index.html,,医疗救助对象认定与“一站式”结算，政策要点有哪些？ 请结合权威公开信息作答，并提示用户以经办机构或主管部门最新规定为准。,pl_glm_47_flashx,,,glm_glm-4_7-flashx_auto,medium,,ps-005,medium
,,glm_batch_flashx,public service,,GLM glm-4.7-flashx auto-generated response. Latency: 21.49s. Response length: 682 chars. Run: glm_batch_flashx,,https://www.gov.cn/zhengce/zuixin/,,长期护理保险试点地区参保人如何了解本地待遇与评估流程？ 请结合权威公开信息作答，并提示用户以经办机构或主管部门最新规定为准。,pl_glm_47_flashx,,,glm_glm-4_7-flashx_auto,medium,,ps-006,medium
,,glm_batch_pl_glm_47,public service,,GLM glm-4.7 auto-generated response. Latency: 31.00s. Response length: 636 chars. Run: glm_batch_pl_glm_47,,https://www.gov.cn/hudong/index.htm,,医保电子凭证与实体社保卡在就医结算中的关系如何理解？ 请结合权威公开信息作答，并提示用户以经办机构或主管部门最新规定为准。,pl_glm_47,,,glm_glm-4_7_auto,medium,,ps-007,medium
,,glm_batch_flashx,public service,,GLM glm-4.7-flashx auto-generated response. Latency: 29.65s. Response length: 231 chars. Run: glm_batch_flashx,,https://www.gov.cn/hudong/index.htm,,医保电子凭证与实体社保卡在就医结算中的关系如何理解？ 请结合权威公开信息作答，并提示用户以经办机构或主管部门最新规定为准。,pl_glm_47_flashx,,,glm_glm-4_7-flashx_auto,medium,,ps-007,medium
,,glm_batch_pl_glm_47,public service,,GLM glm-4.7 auto-generated response. Latency: 39.49s. Response length: 155 chars. Run: glm_batch_pl_glm_47,,https://www.moe.gov.cn/jyb_xxgk/moe_1777/moe_1778/,,谈判药品“双通道”供药机制对参保患者意味着什么？ 请结合权威公开信息作答，并提示用户以经办机构或主管部门最新规定为准。,pl_glm_47,,,glm_glm-4_7_auto,medium,,ps-008,medium
,,glm_batch_flashx,public service,,GLM glm-4.7-flashx auto-generated response. Latency: 32.31s. Response length: 257 chars. Run: glm_batch_flashx,,https://www.moe.gov.cn/jyb_xxgk/moe_1777/moe_1778/,,谈判药品“双通道”供药机制对参保患者意味着什么？ 请结合权威公开信息作答，并提示用户以经办机构或主管部门最新规定为准。,pl_glm_47_flashx,,,glm_glm-4_7-flashx_auto,medium,,ps-008,medium
,,glm_batch_pl_glm_47,public service,,GLM glm-4.7 auto-generated response. Latency: 25.47s. Response length: 1209 chars. Run: glm_batch_pl_glm_47,,https://www.moe.gov.cn/jyb_xwfb/xw_fbbm/,,医保基金监管举报投诉渠道与受理范围一般包括哪些？ 请结合权威公开信息作答，并提示用户以经办机构或主管部门最新规定为准。,pl_glm_47,,,glm_glm-4_7_auto,medium,,ps-009,medium
,,glm_batch_flashx,public service,,GLM glm-4.7-flashx auto-generated response. Latency: 47.89s. Response length: 633 chars. Run: glm_batch_flashx,,https://www.moe.gov.cn/jyb_xwfb/xw_fbbm/,,医保基金监管举报投诉渠道与受理范围一般包括哪些？ 请结合权威公开信息作答，并提示用户以经办机构或主管部门最新规定为准。,pl_glm_47_flashx,,,glm_glm-4_7-flashx_auto,medium,,ps-009,medium
,,glm_batch_pl_glm_47,public service,,GLM glm-4.7 auto-generated response. Latency: 81.54s. Response length: 1007 chars. Run: glm_batch_pl_glm_47,,https://www.mem.gov.cn/,,跨省异地就医直接结算失败时，可按什么顺序自查原因？ 请结合权威公开信息作答，并提示用户以经办机构或主管部门最新规定为准。,pl_glm_47,,,glm_glm-4_7_auto,medium,,ps-010,medium
,,glm_batch_flashx,public service,,GLM glm-4.7-flashx auto-generated response. Latency: 22.08s. Response length: 302 chars. Run: glm_batch_flashx,,https://www.mem.gov.cn/,,跨省异地就医直接结算失败时，可按什么顺序自查原因？ 请结合权威公开信息作答，并提示用户以经办机构或主管部门最新规定为准。,pl_glm_47_flashx,,,glm_glm-4_7-flashx_auto,medium,,ps-010,medium
,,glm_batch_pl_glm_47,public service,,GLM glm-4.7 auto-generated response. Latency: 32.46s. Response length: 378 chars. Run: glm_batch_pl_glm_47,,https://www.mem.gov.cn/yw/zdgz/ajfb/,,国家组织药品集中带量采购对参保人药费负担的影响应如何客观表述？ 请结合权威公开信息作答，并提示用户以经办机构或主管部门最新规定为准。,pl_glm_47,,,glm_glm-4_7_auto,medium,,ps-011,medium
,,glm_batch_flashx,public service,,GLM glm-4.7-flashx auto-generated response. Latency: 32.65s. Response length: 390 chars. Run: glm_batch_flashx,,https://www.mem.gov.cn/yw/zdgz/ajfb/,,国家组织药品集中带量采购对参保人药费负担的影响应如何客观表述？ 请结合权威公开信息作答，并提示用户以经办机构或主管部门最新规定为准。,pl_glm_47_flashx,,,glm_glm-4_7-flashx_auto,medium,,ps-011,medium
